date,d_yield_1y,d_yield_10y,fx_log_return,hs300_log_return,d_shibor_1w
2015-01-06,-0.04830000000000023,-0.030199999999999783,0.00013060798033337484,-0.0001323703075009064,-0.484
2015-01-07,-0.057299999999999685,0.019400000000000084,0.0002122015923080589,0.0007497753564802423,-0.36799999999999944
2015-01-08,-0.02210000000000001,0.007299999999999862,0.0005384634342111561,-0.023471971626831234,-0.1280000000000001
2015-01-09,0.020999999999999908,-0.02760000000000007,-9.788087904838427e-05,-0.0035282985532294475,-0.007000000000000117
2015-01-12,0.008999999999999897,-0.0040000000000000036,-0.001028328078278129,-0.009389756309296615,0.02400000000000002
2015-01-13,0.012799999999999923,-0.022399999999999753,-0.0006207730457132854,0.0001320504707926773,-0.03200000000000003
2015-01-14,0.045700000000000074,-0.022699999999999942,0.0001633986931737219,-0.003311358048954105,0.1070000000000002
2015-01-15,-0.05520000000000014,-0.0658000000000003,-0.00019608163594897476,0.028622898298948485,0.005999999999999783
2015-01-16,0.024700000000000166,-0.015899999999999803,-8.171203050766351e-05,0.008571362251402093,0.004999999999999893
2015-01-19,-0.0371999999999999,-0.027099999999999902,0.0006861736288441556,-0.08015130618237798,-0.016999999999999904
2015-01-20,0.026499999999999968,-0.01880000000000015,-6.532958779348341e-05,0.012165668278834474,-0.04899999999999993
2015-01-21,-0.01639999999999997,0.011099999999999888,0.0006857479002380096,0.04396983230816964,0.040999999999999925
2015-01-22,-0.02499999999999991,-0.017599999999999838,-0.0003428151688471548,0.0052632750641308235,0.052000000000000046
2015-01-23,-0.0034000000000000696,-0.009199999999999875,0.001549894672722596,0.0011538874944481137,0.15299999999999958
2015-01-26,-0.012100000000000222,-0.007400000000000073,0.000684451569181066,0.010098812559805381,-0.10799999999999965
2015-01-27,-0.0389999999999997,-0.008100000000000218,-0.0003258708928370879,-0.009203569503387854,-0.029999999999999805
2015-01-28,-0.02430000000000021,0.014800000000000146,-0.0013371820070509077,-0.013973811988385876,0.008000000000000007
2015-01-29,0.007400000000000073,0.005799999999999805,0.0008644805092392627,-0.012423236245240332,0.030999999999999694
2015-01-30,0.011099999999999888,0.02400000000000002,0.0005704739162901706,-0.013709500819556908,0.09699999999999998
2015-02-02,-0.007299999999999862,-0.0024999999999999467,0.00024438923179759264,-0.02369758893576268,0.23099999999999987
2015-02-03,-0.005800000000000249,-0.027499999999999858,-0.00026068397104150876,0.024586725593225722,0.1363000000000003
2015-02-04,-0.011199999999999655,-0.02870000000000017,-0.000831383976094946,-0.010433166395722893,0.03369999999999962
2015-02-05,-0.01240000000000041,-0.03379999999999983,0.0007824981651920471,-0.010289194434676574,-0.01499999999999968
2015-02-06,-0.005499999999999616,0.05249999999999977,-0.0017125107139712714,-0.016327061956983968,-0.052999999999999936
2015-02-09,0.02499999999999991,-0.0038000000000000256,0.0008158470576213883,0.01006295192766693,-0.02400000000000002
2015-02-10,-0.019299999999999873,-0.008699999999999708,-0.0002609986475510251,0.01807341627267789,-0.014000000000000234
2015-02-11,0.014399999999999746,-0.009100000000000108,0.00032623766703165913,0.007946463039003149,0.0990000000000002
2015-02-12,0.0015999999999998238,-0.02950000000000008,0.00029352292950912684,0.002544716378215739,0.18200000000000038
2015-02-13,0.008500000000000174,-0.006399999999999739,-0.0007339689289789231,0.007798437312034778,0.06099999999999994
2015-02-16,0.020199999999999996,-0.029300000000000104,-0.0002447760719135328,0.00851021829192078,0.03699999999999992
2015-02-17,-0.006600000000000161,-0.04220000000000024,0.0009298304952862768,0.0065051879226682985,0.04899999999999949
2015-02-25,-0.039699999999999847,0.00140000000000029,0.0008800952374716786,-0.012453434032845934,0.019000000000000128
2015-02-26,-0.028000000000000025,0.005900000000000016,-8.145776826484763e-05,0.024860244573845947,-0.051000000000000156
2015-02-27,0.007000000000000117,0.027499999999999858,0.001562830995157194,0.001834395647252407,-0.0019999999999997797
2015-03-02,0.014800000000000146,0.0047999999999999154,0.0006179464859854544,0.007923535218591127,0.03300000000000036
2015-03-03,-0.010800000000000143,0.058499999999999996,0.000487582898751171,-0.02626760479609125,-0.001000000000000334
2015-03-04,0.019200000000000106,0.008799999999999919,-0.00029252120987366403,0.006513137194803065,-0.03000000000000025
2015-03-05,0.021199999999999886,0.02560000000000029,4.8759477633275594e-05,-0.009812853905206254,0.012000000000000455
2015-03-06,0.015499999999999847,0.044399999999999995,8.126051312351557e-05,-0.0051109351520981505,0.009999999999999787
2015-03-09,-0.025700000000000056,0.01639999999999997,0.0004874244588608523,0.01688401588059918,0.03399999999999981
2015-03-10,0.0730000000000004,-0.006899999999999906,0.0001461810210909853,-0.004856377758068575,-0.009999999999999787
2015-03-11,-0.0347000000000004,-0.03770000000000007,0.00040594630699786194,0.0011474376101379136,0.009999999999999787
2015-03-12,-0.024099999999999788,-0.02289999999999992,0.00032463843679542137,0.019162097729640948,-0.021899999999999586
2015-03-13,0.03270000000000017,0.04569999999999963,-0.0004707601239488657,0.006882489287907134,-0.013099999999999667
2015-03-16,0.013199999999999878,0.026200000000000223,0.00043830102241426694,0.02403777024295195,-0.03000000000000025
2015-03-17,0.00749999999999984,0.0400999999999998,-0.0004870129966392245,0.013788889819284833,-0.08800000000000008
2015-03-18,-0.016000000000000014,-0.03729999999999967,-0.00047100479184236654,0.02339470885416084,-0.017999999999999794
2015-03-19,0.00990000000000002,0.028200000000000003,-0.0015607728992665937,-0.0016435520967021944,-0.10599999999999987
2015-03-20,0.018400000000000194,-0.0354000000000001,0.0005855753444923284,0.01366623992408833,-0.16500000000000004
2015-03-23,-0.0009000000000001229,-0.0030000000000001137,-0.0007808433504501444,0.020214468103773697,-0.1880000000000006
2015-03-24,-0.024900000000000144,-0.004100000000000215,-0.0008140273637073925,0.0002479513504471953,-0.10999999999999943
2015-03-25,0.03210000000000024,0.007200000000000095,0.00019542700863439677,-0.008247768547111178,-0.07800000000000029
2015-03-26,-0.010099999999999998,0.03210000000000024,-0.0005701022266229039,0.0024300393775877893,-0.058000000000000274
2015-03-27,0.018799999999999706,0.03469999999999995,0.0003583879098729703,0.0054781335367977135,-0.0040000000000000036
2015-03-30,0.03290000000000015,0.022800000000000153,8.143388794312756e-05,0.028905934742599726,0.026000000000000245
2015-03-31,0.04380000000000006,0.045299999999999674,0.000325669253187888,-0.009085273138891736,-0.03299999999999992
2015-04-01,-0.05480000000000018,-0.00039999999999995595,0.00019535065504583393,0.01778398422388605,-0.13200000000000012
2015-04-02,-0.038899999999999935,-0.07799999999999985,-0.0006187413695730726,0.00021361016904464236,-0.11900000000000022
2015-04-03,-0.023699999999999832,-0.00790000000000024,-0.0007821156626282022,0.01103332899345233,-0.129
2015-04-07,0.01849999999999996,0.01130000000000031,-0.0007011651041830547,0.021234444591106794,-0.18699999999999983
2015-04-08,0.013599999999999834,0.07879999999999976,0.000652262558795691,0.008359010677878587,-0.15600000000000014
2015-04-09,-0.0484,0.06450000000000022,-0.00011411524021398556,-0.007867587227373463,-0.08999999999999986
2015-04-10,0.03639999999999999,-0.02190000000000003,0.0005215633980735213,0.019120430002146804,-0.10299999999999976
2015-04-13,-0.05410000000000004,0.005300000000000082,0.0004072822114706831,0.017491084490028896,-0.02100000000000035
2015-04-14,0.012900000000000134,-0.03670000000000018,0.00019543655702980445,0.0038628569590066775,-0.028999999999999915
2015-04-15,-0.009100000000000108,-0.03330000000000011,-0.0010916764834005832,-0.013079442950495235,-0.040000000000000036
2015-04-16,-0.04029999999999978,-0.040899999999999714,-0.000570753001755131,0.02991725653378907,0.0040000000000000036
2015-04-17,0.05030000000000001,-0.006600000000000161,-0.0006200437492647204,0.01813285314593749,-0.010999999999999677
2015-04-20,-0.008100000000000218,-0.07609999999999983,-0.00019588318895169543,-0.016279489230136335,-0.14100000000000001
2015-04-21,-0.060499999999999776,-0.09010000000000007,0.00040804668620197937,0.021277275071618362,-0.1120000000000001
2015-04-22,-0.036799999999999944,0.005399999999999849,0.00016317206530436223,0.02578415809188961,-0.052999999999999936
2015-04-23,-0.03840000000000021,0.017199999999999882,-0.00014685366059152827,0.00022740922556607757,-0.040000000000000036
2015-04-24,-0.02289999999999992,0.020199999999999996,-0.0006529439842821727,-0.00810103786172256,-0.039000000000000146
2015-04-27,-0.04809999999999981,-0.03349999999999964,-0.0003429663355001278,0.02207206926859051,-0.03699999999999992
2015-04-28,-0.05420000000000025,-0.020600000000000396,-0.00017969598754552507,-0.013766660375928552,-0.0129999999999999
2015-04-29,-0.0343,0.011200000000000099,-0.0006537122918248706,0.0068231374501426245,0.0009999999999998899
2015-04-30,-0.057599999999999874,-0.03059999999999974,-0.0005232776925119254,-0.005132194378830945,-0.008999999999999897
2015-05-04,-0.036599999999999966,0.010099999999999998,0.00045788295349558084,0.007938074906819637,-0.040000000000000036
2015-05-05,0.0129999999999999,0.01709999999999967,0.00024520822387774643,-0.0406902343772515,-0.02200000000000024
2015-05-06,0.04170000000000007,0.01570000000000027,-0.0003923620243901915,-0.0095102837369474,0.001000000000000334
2015-05-07,-0.05339999999999989,0.047499999999999876,-0.0007033671948371012,-0.018449855609357968,-0.014000000000000234
2015-05-08,-0.034600000000000186,-0.06849999999999978,0.000556191736896805,0.019564243320191466,-0.020999999999999908
2015-05-11,-0.01089999999999991,-0.018400000000000194,-0.00024534057483704963,0.02857344659899219,-0.08899999999999997
2015-05-12,-0.07100000000000017,0.018199999999999772,0.0003761642737365456,0.012055514367840914,-0.04800000000000004
2015-05-13,-0.06440000000000001,-0.0016999999999995907,-0.0005233975159966153,-0.006124134474079668,-0.04800000000000004
2015-05-14,-0.11319999999999997,-0.02450000000000019,-0.0004909340937775397,-0.003749361822741548,-0.09299999999999997
2015-05-15,-0.09350000000000014,-0.0028999999999999027,-0.00013095647352923123,-0.01788109088405676,-0.09400000000000008
2015-05-18,0.08689999999999998,0.01839999999999975,-9.82286107986674e-05,-0.009209636695777235,-0.04200000000000004
2015-05-19,0.000300000000000189,0.04479999999999995,0.0003110241723589535,0.03354622073617897,0.0050000000000001155
2015-05-20,0.03589999999999982,-0.005999999999999783,0.00044181537745258126,0.0049961410635894765,0.006999999999999895
2015-05-21,-0.01969999999999983,-0.005599999999999827,0.0002290126294119954,0.0179366921399442,0.01200000000000001
2015-05-22,-0.04479999999999995,0.006199999999999761,-0.00013085793753853103,0.022540883896715158,0.02200000000000002
2015-05-25,-0.07640000000000002,0.005900000000000016,0.0005560280119702998,0.02948427803106668,0.0020000000000000018
2015-05-26,-0.18769999999999998,0.06720000000000015,0.00011443798699728447,0.019309011793627207,0.0008000000000001339
2015-05-27,-0.23059999999999992,0.0013999999999998458,0.0004249407598468924,-0.0033686750765280493,-0.0018000000000000238
2015-05-28,-0.016100000000000003,0.04400000000000004,6.535947714758628e-05,-0.0694061215804016,-0.015000000000000124
2015-05-29,0.0935999999999999,0.0607000000000002,-9.804081773889806e-05,0.0014102566969924624,0.020000000000000018
2015-06-01,0.0380999999999998,0.02839999999999998,0.00017973415732641662,0.04747282616441062,-0.008999999999999897
2015-06-02,-0.00509999999999966,-0.02430000000000021,0.0002940407757723307,0.01674010372433088,0.014000000000000012
2015-06-03,-0.0495000000000001,0.0039000000000002366,-0.0008006470963073387,-0.0035476376934671094,0.07999999999999985
2015-06-04,-0.022699999999999942,-0.018100000000000005,-0.00019617459601906084,0.00732709874033155,0.06499999999999995
2015-06-05,-0.043300000000000116,0.0,0.00027790265412397375,0.009438439451468383,-0.052000000000000046
2015-06-08,-0.02190000000000003,-0.017900000000000027,0.0003922017274466949,0.023280619291954352,-0.02699999999999969
2015-06-09,-0.0766,-0.017200000000000326,-0.00042489214915564233,-0.006801502940655624,0.005999999999999783
2015-06-10,-0.11429999999999985,0.02190000000000003,-9.807767759939523e-05,-0.0015713441610749612,0.0030000000000001137
2015-06-11,0.08609999999999984,0.03960000000000008,-0.00037605356753922514,-0.00047514522307601226,0.01100000000000012
2015-06-12,-0.015700000000000047,0.0036000000000000476,0.00027796626976583916,0.005361014621373172,0.021999999999999797
2015-06-15,-0.06349999999999989,0.019099999999999895,3.269683494888653e-05,-0.0215896146665866,0.02499999999999991
2015-06-16,0.03970000000000007,-0.011699999999999822,-0.00022890029856958982,-0.030402008370705502,0.03299999999999992
2015-06-17,-0.01650000000000018,-0.012799999999999923,4.9054475004250975e-05,0.014506727323198021,0.0950000000000002
2015-06-18,-0.0005999999999999339,-0.025200000000000333,-0.000523371834916242,-0.04137520215213364,0.2400000000000002
2015-06-19,0.0017000000000000348,-0.012299999999999756,-0.00035997709625390506,-0.06137160636548522,0.19599999999999973
2015-06-23,0.0696000000000001,0.041300000000000114,0.00024545298471334576,0.031635164722885634,0.0009999999999998899
2015-06-24,-0.04760000000000009,-0.04249999999999998,0.0003762442687580414,0.019457140175008547,0.133
2015-06-25,0.0795999999999999,0.04019999999999957,9.812740215564553e-05,-0.036223149389108755,0.07600000000000007
2015-06-26,-0.007199999999999873,-0.01499999999999968,-0.00017990759340347218,-0.08195074404026848,0.03699999999999992
2015-06-29,-0.030399999999999983,-0.020000000000000018,0.0005069294086728071,-0.03392690634277784,-0.08099999999999996
2015-06-30,-0.09970000000000012,0.027499999999999858,-0.000523286249512811,0.06498852797493448,-0.18799999999999972
2015-07-01,0.022700000000000164,-0.000700000000000145,0.0002126180651587095,-0.05042923394757004,-0.050000000000000266
2015-07-02,0.0956999999999999,0.0046000000000003816,0.0003597122340948111,-0.03469421125157446,0.11000000000000032
2015-07-03,0.10650000000000004,-0.01750000000000007,-0.000179839942936022,-0.05557637642920099,0.08999999999999986
2015-07-06,-0.08099999999999996,-0.07380000000000031,0.00019618742501537056,0.028569577947473945,-0.14100000000000001
2015-07-07,0.05139999999999989,-0.060799999999999965,-9.808890131957071e-05,-0.017797517268817842,-0.051000000000000156
2015-07-08,0.2564000000000002,-0.047699999999999854,0.0001471297441779651,-0.06983830569371641,-0.020999999999999908
2015-07-09,0.05609999999999982,0.032399999999999984,-0.0003923940995036457,0.06207500555830947,-0.01100000000000012
2015-07-10,0.12490000000000023,0.03639999999999999,3.270538985100657e-05,0.05221701856069494,-0.0029999999999996696
2015-07-13,0.021299999999999653,0.011800000000000033,-0.00032710204239783103,0.025308118553097003,-0.02200000000000024
2015-07-14,0.1817000000000002,0.047699999999999854,0.0005233119221947913,-0.02394714965804745,0.0030000000000001137
2015-07-15,-0.06720000000000015,0.007600000000000051,-0.00021256244101719446,-0.03599645182667466,-0.006000000000000227
2015-07-16,-0.017300000000000093,-0.01609999999999978,0.0003433476428580384,0.007683755038495832,-0.06899999999999995
2015-07-17,0.027100000000000346,-0.014499999999999957,0.00031054631884441797,0.03783563738111617,-0.016999999999999904
2015-07-20,0.0034000000000000696,-0.0024999999999999467,8.170668937190761e-05,0.002193523975877909,-0.015000000000000124
2015-07-21,-0.006500000000000394,0.01159999999999961,3.2680806565377196e-05,0.0012955322193786145,0.009000000000000341
2015-07-22,-0.00649999999999995,0.007500000000000284,-0.0005066725614453205,-0.0021254660122593805,0.020000000000000018
2015-07-23,-0.06349999999999989,-0.03600000000000003,6.539153182005819e-05,0.022276131720387227,0.06199999999999983
2015-07-24,-0.07180000000000009,-0.028300000000000214,-4.904324798093995e-05,-0.017687789905718176,0.019000000000000128
2015-07-27,0.0033000000000003027,0.0047000000000001485,0.0001144305040279292,-0.08950231363702699,0.0
2015-07-28,-0.023800000000000043,-0.02950000000000008,-0.00035968282902265614,-0.0020023535411208826,-0.007000000000000117
2015-07-29,-0.016599999999999948,0.00649999999999995,-6.541077971999876e-05,0.030819964652208043,-0.038000000000000256
2015-07-30,-0.007500000000000284,-0.025399999999999867,0.0002452683656983812,-0.029687283089266714,-0.01200000000000001
2015-07-31,-0.012699999999999712,0.027099999999999902,0.00011443798699728447,0.00033739026996393306,0.007000000000000117
2015-08-03,0.012099999999999778,0.021600000000000286,-4.904324798093995e-05,0.003279157284262979,-0.01399999999999979
2015-08-04,0.06000000000000005,-0.016199999999999992,0.00013077665001559602,0.030583333700521464,-0.01200000000000001
2015-08-05,-0.0264000000000002,-0.001000000000000334,0.0001471032912929715,-0.02079538176860929,-0.01200000000000001
2015-08-06,-0.06279999999999974,0.020000000000000018,-8.172137917572542e-05,-0.009104967884947968,-0.02200000000000024
2015-08-07,0.0501999999999998,-0.013399999999999856,-0.00011442115169169043,0.019407554640642033,0.0040000000000000036
2015-08-10,-0.05160000000000009,-0.00649999999999995,-0.00019618101030749457,0.04441048405220016,0.002000000000000224
2015-08-11,0.012199999999999989,0.04469999999999974,0.018403240911342156,-0.0043418855162702386,0.008000000000000007
2015-08-12,0.10960000000000036,0.03510000000000035,0.016050788838638086,-0.0125064798232426,0.008999999999999897
2015-08-13,0.024699999999999722,-0.008399999999999963,0.011059209765902134,0.014666553672023852,0.008999999999999897
2015-08-14,-0.1257999999999999,-0.016100000000000225,-0.0005469391080594743,-0.00047195958467582955,0.014000000000000234
2015-08-17,0.017100000000000115,-0.007200000000000095,-9.379103364604013e-05,0.0010629079611526038,0.021999999999999797
2015-08-18,0.0013000000000000789,0.007000000000000117,-4.689881581354527e-05,-0.06390908206880042,0.014000000000000234
2015-08-19,-0.0030000000000001137,0.006899999999999906,-4.690101541537928e-05,0.01574904439382152,0.01499999999999968
2015-08-20,0.009999999999999787,0.008199999999999985,-0.0007507155609924876,-0.03260965920707726,0.040000000000000036
2015-08-21,-0.0032999999999998586,-0.029300000000000104,-0.0007982532764874151,-0.046782720846344716,0.013000000000000345
2015-08-24,0.010800000000000143,-0.0015999999999998238,-3.131703803704866e-05,-0.09154192022927532,-0.002000000000000224
2015-08-25,-0.0028000000000001357,-0.035600000000000076,0.0019554324215345087,-0.07366122059867841,-0.0040000000000000036
2015-08-26,0.0032999999999998586,-0.021300000000000097,0.0008747950257164128,-0.005679924038901163,-0.16400000000000015
2015-08-27,-0.0024999999999999467,-0.031299999999999883,0.00065559442907559,0.057771152897657885,-0.030999999999999694
2015-08-28,-0.021399999999999864,-0.02110000000000012,-0.0015460177513864082,0.041744115219696454,-0.006000000000000227
2015-08-31,0.10340000000000016,-0.03139999999999965,-0.0014545002134154217,0.007229199071510095,0.006000000000000227
2015-09-01,-0.0928,-0.06020000000000003,-0.0022092531215383016,-0.0013236597034040898,0.01200000000000001
2015-09-02,-0.009700000000000042,0.017999999999999794,-0.0020883882255531283,0.0011144910917231243,0.010999999999999677
2015-09-07,-0.000700000000000145,-0.005999999999999783,-0.0005503015004877376,-0.03487090825183792,-0.010999999999999677
2015-09-08,-0.0019000000000000128,0.04659999999999975,0.0008646235889171461,0.02537555692938831,-0.008000000000000007
2015-09-09,-0.0026000000000001577,-0.012499999999999734,-0.00011000149298845407,0.019391343727120258,-0.0040000000000000036
2015-09-10,0.017200000000000326,0.01980000000000004,0.002197734079784075,-0.012356299103398527,0.0019999999999997797
2015-09-11,-0.0123000000000002,-0.018400000000000194,-0.0008314312861792406,-0.0030942869258900885,0.0030000000000001137
2015-09-14,0.0015999999999998238,-0.010699999999999932,-0.00015695137678606308,-0.019932137229767832,-0.008999999999999897
2015-09-15,0.045500000000000096,-0.006299999999999972,-0.0006908788567547841,-0.0400776517501793,-0.002000000000000224
2015-09-16,0.016599999999999948,-0.022400000000000198,0.0007379668563869402,0.04861035249404111,-0.0009999999999998899
2015-09-17,-0.017999999999999794,0.009800000000000253,-0.0006594338528518318,-0.02207455167360095,0.0
2015-09-18,-0.01100000000000012,0.01289999999999969,-0.000989966846251411,0.004400131027511023,-0.0009999999999998899
2015-09-21,0.024900000000000144,-0.005599999999999827,0.0010841983102070074,0.017371677691992105,0.0009999999999998899
2015-09-22,0.013700000000000045,0.009199999999999875,0.0007064530855753759,0.009261994482830715,0.005999999999999783
2015-09-23,-0.03299999999999992,0.0007999999999999119,0.0008157247067850371,-0.023024900244298152,0.0040000000000000036
2015-09-24,0.013399999999999856,-0.0030999999999998806,0.00028221128405303553,0.006710932561110994,0.07900000000000018
2015-09-25,0.07600000000000007,-0.005799999999999805,-9.406157904989776e-05,-0.016280274546856432,-0.03299999999999992
2015-09-28,-0.015099999999999891,-0.024100000000000232,-0.0008783349843968224,0.003336371933853499,-0.016000000000000014
2015-09-29,0.00849999999999973,-0.03059999999999974,-0.0010832961519096074,-0.019901595037358888,-0.01200000000000001
2015-09-30,-0.020299999999999763,-0.01750000000000007,-0.0007385698794950546,0.007550599295571558,-0.01100000000000012
2015-10-08,0.0038999999999997925,-0.011200000000000099,-0.0016992090181688901,0.02878435961044623,-0.008000000000000007
2015-10-09,0.010200000000000209,-0.040000000000000036,-0.0001889793545679641,0.01314966776577009,0.0
2015-10-12,0.030799999999999716,-0.04970000000000008,-0.0013711694123792473,0.03169992074868233,-0.0030000000000001137
2015-10-13,-0.020299999999999763,-0.014499999999999957,-0.0027638069663156184,-0.0007690124613386473,0.0
2015-10-14,0.010199999999999765,-0.07589999999999986,0.002795349225059196,-0.011365067861415667,0.0
2015-10-15,-0.005700000000000038,0.008000000000000007,-9.462976113039367e-05,0.023417364673482766,0.0
2015-10-16,0.002200000000000202,0.03670000000000018,0.0005361169494058071,0.01346013928775136,-0.0029999999999996696
2015-10-19,0.045500000000000096,0.008199999999999985,0.001433488742120348,3.304921104252401e-05,0.0009999999999998899
2015-10-20,-0.0048000000000003595,-0.031500000000000306,0.0013685595296391018,0.012238989938351708,-0.0009999999999998899
2015-10-21,0.008800000000000363,-0.04289999999999994,-0.0022189532816747626,-0.029628868650863893,0.0
2015-10-22,-0.010299999999999976,0.02210000000000001,0.0003780420616810165,0.014656178700072076,0.0019999999999997797
2015-10-23,0.0230999999999999,-0.023699999999999832,0.0015421902153276434,0.013164981864010272,0.004999999999999893
2015-10-26,-0.01650000000000018,-0.012500000000000178,-0.0007235890330188344,0.005033177153835666,-0.06299999999999972
2015-10-27,-0.03169999999999984,-0.0360999999999998,-0.0008658486250496811,0.001007582713290489,-0.040999999999999925
2015-10-28,-0.023700000000000276,-0.0013000000000000789,0.0006612611435163895,-0.019096229700464207,-0.0050000000000003375
2015-10-29,0.006400000000000183,0.0472999999999999,0.0009439008975669072,0.0023764054796551193,-0.0009999999999998899
2015-10-30,-0.0026999999999999247,0.011299999999999866,-0.0015894126454658597,0.0002185532471461471,0.0
2015-11-02,0.006600000000000161,0.011500000000000288,-0.005384974599479175,-0.016581309784037046,0.0
2015-11-03,0.012499999999999734,0.012599999999999945,0.0024671065145176474,-0.0030165456490180986,-0.0009999999999998899
2015-11-04,0.012399999999999967,0.01529999999999987,0.0005211088682743892,0.04597491375484353,0.0030000000000001137
2015-11-05,0.008500000000000174,0.054400000000000226,0.0005997285618974946,0.021115222248436538,-0.0050000000000003375
2015-11-06,0.011499999999999844,-0.016100000000000225,0.001229896086915705,0.02331088227442102,-0.0029999999999996696
2015-11-09,0.049100000000000144,0.02289999999999992,0.001873470481929429,0.012308897952232556,0.0
2015-11-10,0.04400000000000004,0.07820000000000027,0.00037741783747247126,-0.0018548813864569524,-0.0050000000000003375
2015-11-11,0.020399999999999974,-0.04300000000000015,0.00018865551558922,0.00010637959871573344,-0.0009999999999998899
2015-11-12,-0.000300000000000189,-0.02450000000000019,0.00022005312800010834,-0.01004642129213984,0.0
2015-11-13,-0.017100000000000115,-0.024599999999999955,0.00042425147749480807,-0.013016551481108252,-0.0009999999999998899
2015-11-16,0.01980000000000004,0.002000000000000224,0.001491307524926544,0.0047624917581199355,0.0009999999999998899
2015-11-17,0.01680000000000037,0.009300000000000086,-0.00015687504934502883,-0.001525899931925423,-0.0009999999999998899
2015-11-18,0.005199999999999871,0.0017999999999998018,0.0008781834713171843,-0.01145516723947182,0.0009999999999998899
2015-11-19,0.0047000000000001485,0.0129999999999999,-7.837789120457295e-05,0.01585748859553071,0.0009999999999998899
2015-11-20,0.0013999999999998458,-0.010699999999999932,-0.000172452987391436,-0.00015516562955397717,0.002000000000000224
2015-11-23,-0.00749999999999984,-0.013500000000000068,0.0013631344797995215,-0.0055922003811446075,0.0009999999999998899
2015-11-24,-0.0027000000000003688,0.00550000000000006,0.0003287542591543513,0.00014748461368796484,0.002000000000000224
2015-11-25,-0.0015999999999998238,-0.04139999999999988,-0.00017219113258204466,0.007356735769993961,0.0009999999999998899
2015-11-26,0.008299999999999752,-0.0371999999999999,0.0002974024268043163,-0.005882047351345676,0.0030000000000001137
2015-11-27,-0.006699999999999928,0.007299999999999862,0.0002973140048974088,-0.05535162143633521,0.0040000000000000036
2015-11-30,-0.022499999999999964,-0.00890000000000013,0.0007350814003510564,0.002644748128084018,0.005999999999999783
2015-12-01,0.020300000000000207,-0.013399999999999856,0.00017196232504157472,0.007064409881589739,-0.004999999999999893
2015-12-02,-0.012100000000000222,0.010699999999999932,-0.000234501411991328,0.03562441919319781,-0.0009999999999998899
2015-12-03,0.00550000000000006,-0.006899999999999906,0.0003751758680867745,0.007319822281587562,-0.001000000000000334
2015-12-04,-0.015099999999999891,-0.021700000000000053,-0.002049549738442069,-0.019310511257314644,0.001000000000000334
2015-12-07,-0.01849999999999996,0.01330000000000009,0.0020964368265279365,0.0027195749884878495,-0.002000000000000224
2015-12-08,-0.013100000000000112,-0.02740000000000009,0.001452410397204451,-0.017669832160352783,0.0009999999999998899
2015-12-09,-0.020500000000000185,0.04490000000000016,0.0009671029782452045,0.003559192083795182,0.002000000000000224
2015-12-10,-0.0024999999999999467,-0.044500000000000206,0.0014956069342357825,-0.003541527419729462,0.0030000000000001137
2015-12-11,-0.01969999999999983,-0.018599999999999728,0.0018974452401050446,-0.004155780582024704,0.004999999999999893
2015-12-14,-0.022400000000000198,0.017799999999999816,0.002126454977749992,0.028218275909821955,0.0009999999999998899
2015-12-15,0.010299999999999976,0.024099999999999788,0.0009918329574685192,-0.004573100585337997,-0.0040000000000000036
2015-12-16,-0.03189999999999982,-0.024299999999999766,0.0010372722221201336,-0.0024251795630476636,0.002000000000000224
2015-12-17,-0.008999999999999897,-0.00790000000000024,0.0020249962478064987,0.01893490133914888,-0.002000000000000224
2015-12-18,-0.021199999999999886,-0.03289999999999971,0.000879826561143382,0.0031964456258517515,0.019000000000000128
2015-12-21,-0.030100000000000016,-0.056700000000000195,-0.0009415978529552227,0.025690113264309034,0.016000000000000014
2015-12-22,-0.016100000000000225,-0.04489999999999972,-0.00010810894303125984,0.0027813322014136332,0.008000000000000007
2015-12-23,0.019000000000000128,-0.0017000000000000348,-0.00023170138429384757,-0.002673628800955896,0.005999999999999783
2015-12-24,-0.027499999999999858,0.009099999999999664,0.00037069645019283115,-0.009610323401231469,0.0
2015-12-25,-0.05320000000000036,-0.0613999999999999,-0.0006488089948613052,0.0022950597814350715,0.007000000000000117
2015-12-28,0.04530000000000012,-0.014599999999999724,0.000571591898957724,-0.029230695042906873,-0.0009999999999998899
2015-12-29,-0.022800000000000153,0.009299999999999642,0.0017590696899425495,0.009144298209582402,-0.002000000000000224
2015-12-30,-0.016999999999999904,-0.0038000000000000256,0.0004778088701327121,0.0008770236262858333,0.0
2015-12-31,0.06099999999999994,0.029900000000000038,0.0006315903191522754,-0.00911684007961,0.0030000000000001137
2016-01-04,-0.026399999999999757,0.022600000000000176,0.0014772869853965087,-0.07279210283928172,-0.020000000000000018
2016-01-05,0.04800000000000004,0.03160000000000007,0.0021044392986320215,0.002796120256085999,-0.004999999999999893
2016-01-06,-0.0049000000000001265,0.007099999999999884,0.0022225126596777667,0.017390973515963637,-0.008000000000000007
2016-01-07,0.012500000000000178,-0.061100000000000154,0.005070261320127001,-0.07185337468855124,-0.008999999999999897
2016-01-08,-0.02010000000000023,-0.0017999999999998018,-0.00015234380980388984,0.020186933682325048,-0.0050000000000003375
2016-01-11,0.005700000000000038,-0.016100000000000225,-0.00015236702197674035,-0.05161748810978395,-0.004999999999999893
2016-01-12,-0.028999999999999915,-0.03149999999999986,3.0475261708851065e-05,0.007259526253223569,-0.0030000000000001137
2016-01-13,-0.06329999999999991,-0.047800000000000065,3.0474332995300557e-05,-0.018781174506610654,0.0
2016-01-14,-0.001100000000000101,-0.016699999999999715,-0.00021333983592786154,0.020602285421849942,0.0
2016-01-15,-0.009199999999999875,0.020399999999999974,0.00031999268861171437,-0.03244335320353109,0.0030000000000001137
2016-01-18,-0.01240000000000041,0.030999999999999694,-0.0007163160326710827,0.0038399531043449286,0.004999999999999893
2016-01-19,0.026900000000000368,0.012800000000000367,9.147317555502354e-05,0.02908556400871909,0.008000000000000007
2016-01-20,0.006899999999999906,0.02210000000000001,-0.0002744446325182448,-0.01523967770578949,0.025000000000000355
2016-01-21,0.04269999999999996,-0.017200000000000326,0.00010673741842803786,-0.029745419353073288,0.06399999999999961
2016-01-22,-0.018600000000000172,-0.024599999999999955,-0.00019823570289911885,0.010369163263295178,-0.004999999999999893
2016-01-25,0.01990000000000025,0.06800000000000006,-0.00022878234510192996,0.004941547604433438,-0.02400000000000002
2016-01-26,0.0032999999999998586,0.00649999999999995,-0.00013729453513033896,-0.062094505079192786,-0.0129999999999999
2016-01-27,-0.01609999999999978,0.05489999999999995,-0.00022886612194716882,-0.003460007372208196,-0.0040000000000000036
2016-01-28,0.018999999999999684,-0.0015999999999998238,-7.630034872940783e-05,-0.026486426766893167,0.0030000000000001137
2016-01-29,-0.005799999999999805,-0.05449999999999999,-0.00018314459316792764,0.0318428439191063,-0.03200000000000003
2016-02-01,-0.011400000000000077,0.022399999999999753,0.00035099767633650636,-0.015406987748466605,0.11399999999999988
2016-02-02,-0.005199999999999871,-0.02359999999999962,-0.00044258255268458946,0.020567793572077164,0.01100000000000012
2016-02-03,0.019600000000000062,0.010099999999999998,0.00016789919982040935,-0.004296168875846718,-0.002000000000000224
2016-02-04,0.0030999999999998806,-0.006099999999999994,-0.001557965795504268,0.012175702288717893,0.002000000000000224
2016-02-05,-0.013100000000000112,0.013399999999999856,-0.0016063277455202751,-0.007050622317131605,-0.007000000000000117
2016-02-15,-9.999999999976694e-05,-0.011700000000000266,-0.003005399710647838,-0.005780512352090206,-0.14800000000000013
2016-02-16,-0.007400000000000073,0.007700000000000262,0.00018426386637715453,0.030193669382727606,-0.0029999999999996696
2016-02-17,-0.006899999999999906,-0.009700000000000042,0.0016415200783439499,0.00861745318002427,0.0
2016-02-18,-0.017600000000000282,0.0007999999999999119,-0.001303791148651312,-0.0031457835518065025,-0.01200000000000001
2016-02-19,0.000500000000000167,-0.025399999999999867,0.0005217204617413707,-0.0006923511690910544,0.0009999999999998899
2016-02-22,-0.012199999999999989,0.0021999999999997577,-0.00032220696706120044,0.021808827391026853,0.0
2016-02-23,-0.009100000000000108,0.029900000000000038,0.0016559595314220577,-0.009504969629690052,-0.0030000000000001137
2016-02-24,0.007699999999999818,0.005300000000000082,0.00044418917061950225,0.006511556344291236,0.01200000000000001
2016-02-25,-0.01159999999999961,0.0016000000000002679,0.0002449854552140085,-0.06332106517698399,0.026000000000000245
2016-02-26,0.0020999999999999908,0.013299999999999645,0.0003061474429986166,0.009981877495496505,0.02400000000000002
2016-02-29,-0.015800000000000036,-0.022399999999999753,0.0017432529837120292,-0.024227099943273878,-0.010000000000000231
2016-03-01,-0.046800000000000175,-0.0020999999999999908,-0.001024175208183653,0.018328898436946517,-0.027000000000000135
2016-03-02,0.0030999999999998806,0.01540000000000008,0.0016045848714967281,0.04033929331830155,-0.008000000000000007
2016-03-03,-0.01939999999999964,0.014100000000000001,-0.0011917313598182044,0.002320617977499495,-0.0029999999999996696
2016-03-04,-0.01200000000000001,0.009999999999999787,-0.001958744581694649,0.011529973246108938,-0.002000000000000224
2016-03-07,0.016000000000000014,0.02190000000000003,-0.002622761229537307,0.003533050416343997,-0.0009999999999998899
2016-03-08,-0.0015000000000000568,0.03489999999999993,-0.0011063817838019574,0.000912030435987532,-0.0009999999999998899
2016-03-09,0.0011999999999998678,-0.033500000000000085,0.0009988705910155549,-0.011575576690045608,-0.001000000000000334
2016-03-10,-0.011699999999999822,-0.04049999999999976,0.0003224989086023644,-0.019313925291529088,-0.01200000000000001
2016-03-11,-0.008000000000000007,-0.015800000000000036,-0.0034145474297704315,0.001703974400154351,0.002000000000000224
2016-03-14,0.0047999999999999154,0.0118999999999998,0.0001232494724943134,0.015584206379070764,-0.0009999999999998899
2016-03-15,-0.015300000000000313,-0.007399999999999629,0.0025540047115821807,0.0029604270155996204,0.0
2016-03-16,-0.010399999999999743,-0.029400000000000315,0.0014280123116743315,0.004948481847074859,0.0009999999999998899
2016-03-17,-0.028300000000000214,0.01540000000000008,-0.00324283901710376,0.01099779299351411,0.005999999999999783
2016-03-18,-0.03189999999999982,-0.02179999999999982,-0.005139336409020645,0.01517114040606593,0.007000000000000117
2016-03-21,-0.011800000000000033,-0.0009000000000001229,0.0030281517438401906,0.024131172975726756,0.007000000000000117
2016-03-22,-0.0036999999999998145,0.020199999999999996,0.002265111334819103,-0.00730383762494391,0.0030000000000001137
2016-03-23,0.01399999999999979,-0.0015000000000000568,-0.0005388470343687946,0.0031885780682703313,-0.0040000000000000036
2016-03-24,-0.007000000000000117,-0.010199999999999765,0.003290134111979537,-0.016903543919861264,-0.0040000000000000036
2016-03-25,0.0018000000000002458,0.022999999999999687,0.0011198638925096205,0.005005349599755959,0.0029999999999996696
2016-03-28,0.012499999999999734,0.04190000000000005,0.0001379786135338179,-0.008822483801859349,0.001000000000000334
2016-03-29,-0.004999999999999893,-0.026699999999999946,-0.002640225031692145,-0.010885991191296185,0.0019999999999997797
2016-03-30,0.00019999999999997797,-0.029199999999999893,-0.0033718017180015547,0.025464067641383537,0.008999999999999897
2016-03-31,-0.014899999999999913,-0.0051000000000001044,-0.003537967275692333,0.000563412412885711,0.013000000000000345
2016-04-01,0.01429999999999998,0.005399999999999849,-0.00041796636753277383,0.001182270394430418,-0.0050000000000003375
2016-04-05,0.0034000000000000696,0.0048000000000003595,0.0012069820727478309,0.013132628117109135,-0.017999999999999794
2016-04-06,0.00039999999999995595,0.019899999999999807,0.0014063069766343528,-0.002133759075078956,-0.008000000000000007
2016-04-07,0.021199999999999886,0.024299999999999766,-0.0007260874250141214,-0.014918711540515162,-0.004999999999999893
2016-04-08,0.02970000000000006,0.024700000000000166,0.0004017305369230506,-0.007369647441629823,-0.002000000000000224
2016-04-11,0.016799999999999926,-0.016000000000000014,-0.0012984806511318059,0.013831621524618143,0.0040000000000000036
2016-04-12,0.026000000000000245,0.008500000000000174,-0.0005105790541428679,-0.0036119812885360147,0.0040000000000000036
2016-04-13,0.018999999999999684,0.007600000000000051,-0.0003869759426653463,0.013251585217771478,0.007000000000000117
2016-04-14,0.01750000000000007,0.016000000000000014,0.004633857012026121,0.004420543943309596,0.0019999999999997797
2016-04-15,0.0039000000000002366,-0.013200000000000323,0.00026194346793428913,-0.0011077518802427022,-0.0029999999999996696
2016-04-18,-0.0034000000000000696,-0.013700000000000045,-0.0018659167293508805,-0.013461055162119706,0.0009999999999998899
2016-04-19,-0.012799999999999923,0.0037000000000002586,-0.0013437644410845273,0.003046290169933741,0.0030000000000001137
2016-04-20,0.01639999999999997,0.027099999999999902,-0.0018719209667907855,-0.017845484269214396,0.016999999999999904
2016-04-21,0.016699999999999715,-0.0019999999999997797,0.0034626180428209974,-0.006440984911654013,0.009999999999999787
2016-04-22,0.022800000000000153,-0.0027000000000003688,0.0014649080113307011,0.004513586652370449,0.002000000000000224
2016-04-25,0.008799999999999919,-0.0022999999999999687,0.0034149151000690825,-0.004061306959560085,0.008000000000000007
2016-04-26,0.04750000000000032,0.0019000000000000128,-0.003661486221675947,0.005401961438238345,-0.0009999999999998899
2016-04-27,-0.0054000000000002935,-0.009999999999999787,-0.0006938074114839488,-0.0041748653692774695,0.004999999999999893
2016-04-28,0.007200000000000095,-0.02760000000000007,0.0018028989944118834,-0.0016864630413984116,0.021999999999999797
2016-04-29,-0.0040000000000000036,0.0013000000000000789,-0.005635209403804797,-0.0012143747121449167,0.018000000000000238
2016-05-03,-0.03440000000000021,-0.00010000000000021103,-0.00037164935311717606,0.017831574777803283,-0.04600000000000026
2016-05-04,0.0009000000000001229,0.0040000000000000036,0.005837493798127147,-0.0012699049819797636,-0.01200000000000001
2016-05-05,-0.0023999999999997357,0.00039999999999995595,0.0028446021749346517,0.0013882098875264148,0.001000000000000334
2016-05-06,0.02159999999999984,0.0049000000000001265,0.0011355790370928265,-0.026345119810001094,-0.0030000000000001137
2016-05-09,0.03299999999999992,0.02660000000000018,-0.0014887921280779537,-0.02089789271123088,-0.0030000000000001137
2016-05-10,-0.03290000000000015,-0.01910000000000034,0.001964124678140111,0.0011400670063217433,0.0
2016-05-11,-0.015799999999999592,0.00040000000000040004,-0.0003679796426123705,0.0044526653149983275,0.0009999999999998899
2016-05-12,0.02839999999999998,-0.00040000000000040004,-0.003841194569956796,0.0023744266289078553,0.001000000000000334
2016-05-13,-0.043500000000000316,-0.0017999999999998018,0.00440843999546181,-0.004931695873748865,-0.001000000000000334
2016-05-16,-9.999999999976694e-05,0.01440000000000019,0.0014855771594763922,0.006603782722674367,0.0030000000000001137
2016-05-17,0.009500000000000064,0.012699999999999712,-0.002190849868593414,-0.0030037554616093587,0.0040000000000000036
2016-05-18,0.006099999999999994,0.018299999999999983,0.0002453686676524569,-0.005846270329195491,0.0009999999999998899
2016-05-19,0.00550000000000006,0.0039000000000002366,0.0048184755208846575,-0.0018059110995984895,-0.0009999999999998899
2016-05-20,0.0036999999999998145,-0.00790000000000024,-0.00032051037735936205,0.005119314401889952,0.0
2016-05-23,-0.014200000000000212,-0.007200000000000095,-0.0008399191117225424,0.002920863793411499,-0.0009999999999998899
2016-05-24,0.0052000000000003155,0.006200000000000205,0.00019859001157507272,-0.007695617177610359,0.0
2016-05-25,0.0019000000000000128,-0.009500000000000064,0.0034309012695505903,-0.001414292089860325,0.0009999999999998899
2016-05-26,0.0026999999999999247,0.0026999999999999247,-0.0021486541086728206,0.0016282362671073969,0.0009999999999998899
2016-05-27,0.012099999999999778,0.00019999999999997797,-0.0009462615745530201,-0.0005587990725146597,0.001000000000000334
2016-05-30,-0.010399999999999743,0.013600000000000279,0.0044791884386321534,0.0013738153812568044,0.0009999999999998899
2016-05-31,0.007899999999999796,0.034199999999999786,9.120342931212555e-05,0.03298755121268293,0.0040000000000000036
2016-06-01,-0.004999999999999893,-0.01750000000000007,0.0015036569028183955,-0.0028476000089820985,-0.0009999999999998899
2016-06-02,0.013500000000000068,0.02320000000000011,-0.0030552475942371426,0.0020711340733896577,0.004999999999999893
2016-06-03,0.04059999999999997,0.03180000000000005,0.0015971892869897086,0.006993204475733705,-0.0040000000000000036
2016-06-06,0.0020999999999999908,-0.011099999999999888,-0.004509109627910846,-0.0033093659905585326,-0.0009999999999998899
2016-06-07,0.008700000000000152,-0.007700000000000262,0.001845708490261,-0.0005458600356540444,0.0029999999999996696
2016-06-08,0.006399999999999739,-0.0011999999999998678,-0.0003810656164884296,-0.004121474867599062,0.001000000000000334
2016-06-13,0.016300000000000203,0.000700000000000145,0.003226840346947535,-0.031347659607634526,0.0009999999999998899
2016-06-14,-0.013800000000000257,-0.03500000000000014,-0.00021277242549611053,0.003139563077825258,-0.0009999999999998899
2016-06-15,-0.013900000000000023,0.009700000000000042,0.003186842566003323,0.01304363033102085,0.0
2016-06-16,0.010600000000000165,-0.03149999999999986,-0.003977536745417787,-0.006985457422734598,0.0019999999999997797
2016-06-17,0.0009999999999998899,0.01609999999999978,0.0008514909207277821,0.005054746983107705,0.0030000000000001137
2016-06-20,0.007300000000000306,-0.014100000000000001,-0.001323163923150572,0.0007447174483541374,0.004999999999999893
2016-06-21,-0.000300000000000189,0.0016000000000002679,-0.0007916933515428326,-0.0020443513406043223,0.0030000000000001137
2016-06-22,0.0038000000000000256,-0.015900000000000247,0.004240417932251939,0.0088597905950909,0.0009999999999998899
2016-06-23,-0.0040000000000000036,-0.011099999999999888,-0.004209956595301545,-0.005325099794848853,0.0030000000000001137
2016-06-24,-0.0037000000000002586,-0.013500000000000068,0.0017955784911616313,-0.012967033007194928,0.0129999999999999
2016-06-27,0.0009000000000001229,-0.06769999999999987,0.009065449406580495,0.014001842932028552,0.0040000000000000036
2016-06-28,0.007300000000000306,-0.02200000000000024,0.002302432113499453,0.005068618128422742,0.005999999999999783
2016-06-29,-0.006400000000000183,0.032399999999999984,-0.00307108903647646,0.004767502021353565,0.0050000000000003375
2016-06-30,-0.0005999999999999339,0.0035000000000002807,-0.0001809463499009567,0.0008028787846505736,-0.001000000000000334
2016-07-01,-0.0049000000000001265,-0.04269999999999996,0.0027709191875371353,8.855251410011533e-05,-0.019999999999999574
2016-07-04,-0.0026999999999999247,-0.000600000000000378,-0.0003609891140821109,0.01588230330566276,-0.010000000000000231
2016-07-05,-0.004100000000000215,0.024399999999999977,0.001833677035217196,0.0008379498128743279,-0.01100000000000012
2016-07-06,-0.0045999999999999375,-9.999999999976694e-05,0.003941526710016463,0.002932918337002377,-0.006999999999999673
2016-07-07,-0.028999999999999915,-0.027099999999999902,-0.0005535731793033793,-0.0021314955107722966,-0.007000000000000117
2016-07-08,-0.00019999999999997797,-0.00890000000000013,0.0004937422017967652,-0.005521148786383989,-0.0030000000000001137
2016-07-11,-0.009599999999999831,0.017999999999999794,-0.00014959310702833406,0.0034553109548127736,-0.0040000000000000036
2016-07-12,-0.012100000000000222,0.011500000000000288,0.0015994861138026728,0.021571860808434096,-0.0040000000000000036
2016-07-13,-0.010800000000000143,0.006199999999999761,-0.000881643200838278,0.0029547689404427757,-0.005999999999999783
2016-07-14,0.011200000000000099,0.0035000000000002807,-0.000672962631108831,-0.001861202563892661,-0.0030000000000001137
2016-07-15,-0.0040999999999997705,-0.00140000000000029,-0.0006135382643770448,-0.00014838911767789398,-0.002000000000000224
2016-07-18,-0.014100000000000001,-0.01429999999999998,0.002332432317974975,-0.0043605595467237634,-0.0009999999999998899
2016-07-19,-0.018299999999999983,-0.0027999999999996916,0.00014932951077550882,-0.004235814991076836,0.0009999999999998899
2016-07-20,-0.029200000000000337,-0.01650000000000018,-0.000373365596457953,-0.00327760500610097,0.0
2016-07-21,-0.0017999999999998018,-0.03980000000000006,-0.0011059798762949047,0.004597020807704411,0.0030000000000001137
2016-07-22,-0.004999999999999893,0.022499999999999964,-0.003040267129413854,-0.008447698076444965,0.010000000000000231
2016-07-25,0.006799999999999695,0.0022999999999999687,0.0028608037245114737,0.0017728809627097775,0.010999999999999677
2016-07-26,0.008600000000000385,0.00890000000000013,-0.001227196011479803,0.011907950744092233,0.016000000000000014
2016-07-27,-0.018400000000000194,-0.016199999999999992,-0.0016036092129543267,-0.01582848579717755,0.01200000000000001
2016-07-28,-0.010800000000000143,0.005599999999999827,-0.0011105442807788357,0.0008986891344857639,-0.0009999999999998899
2016-07-29,-0.0008999999999996788,-0.017799999999999816,-0.0012921839704067573,-0.0053559414708406194,-0.01100000000000012
2016-08-01,0.007199999999999651,0.0032999999999998586,-0.003524418504980975,-0.008501040775170665,-0.004999999999999893
2016-08-02,-0.013799999999999812,0.008700000000000152,0.0026219049436229103,0.003846710813967036,-0.004999999999999893
2016-08-03,-0.004100000000000215,-0.009999999999999787,-0.0038599025653545116,0.0013958037475916285,-0.006000000000000227
2016-08-04,-0.010499999999999954,-0.00020000000000042206,0.0037545562392100607,0.0024336988135544857,-0.008000000000000007
2016-08-05,-0.01529999999999987,-0.009399999999999853,-0.0005720737830086087,0.0011929636330307858,-0.006999999999999673
2016-08-08,-0.011699999999999822,-0.013700000000000045,0.0031423635663536675,0.009029996227269521,-0.001000000000000334
2016-08-09,-0.007800000000000029,-0.01399999999999979,-0.0003152940142781002,0.0070243462137558055,0.001000000000000334
2016-08-10,-0.014699999999999935,-0.04220000000000024,-0.0009615096441013549,-0.004196844279892531,0.008000000000000007
2016-08-11,-0.00890000000000013,-0.0017000000000000348,-0.004142040037196315,-0.003081972577621883,0.006999999999999673
2016-08-12,-0.008399999999999963,-0.005499999999999616,0.004337421520162366,0.01865160847529168,0.0040000000000000036
2016-08-15,-0.01849999999999996,-0.03960000000000008,-0.0016995935596122447,0.029665835270030527,0.0051000000000001044
2016-08-16,-0.025200000000000333,-0.0036000000000000476,-0.001883452547587483,-0.0044830382056435525,0.0019000000000000128
2016-08-17,0.0031000000000003247,0.03849999999999998,-0.0037624420144348747,-0.001539705433540206,0.002000000000000224
2016-08-18,-0.006299999999999972,-0.0035000000000002807,0.003279707313029956,-0.002541733002578539,0.0019999999999997797
2016-08-19,0.010099999999999998,0.01910000000000034,-0.0009359621467666113,0.00015888241914119305,0.0
2016-08-22,-0.0031000000000003247,0.0045999999999999375,0.006638441394986261,-0.008423081973933932,-0.000300000000000189
2016-08-23,-0.004699999999999704,-0.005600000000000271,-0.0009907084375069264,0.0015077657991007243,0.005300000000000082
2016-08-24,0.011299999999999866,0.03400000000000025,-0.0024961292902696552,-0.003587309251921411,0.010000000000000231
2016-08-25,0.012900000000000134,-0.015099999999999891,0.002736391176880737,-0.006293594682544423,0.0019999999999997797
2016-08-26,-0.0040000000000000036,-0.007700000000000262,-0.0017131268747561101,-0.0005688882496635017,-0.0019999999999997797
2016-08-29,0.008399999999999963,-0.0051000000000001044,0.0055195724484100595,0.00020892318557130807,0.0019999999999997797
2016-08-30,0.0034999999999998366,0.03190000000000026,-0.0006583475714341258,0.0012707394917246262,0.002000000000000224
2016-08-31,-9.999999999976694e-05,0.009199999999999875,0.0014358363220612347,0.004761190123554471,0.0030000000000001137
2016-09-01,-0.00790000000000024,-0.006800000000000139,-0.0018550105549719476,-0.00790941965786196,-0.001000000000000334
2016-09-02,-0.0028000000000001357,0.002300000000000413,-0.0008538622804581397,0.0037902360309356453,0.001000000000000334
2016-09-05,0.014800000000000146,0.012799999999999923,0.002185629612572848,0.0016781048331218074,0.0
2016-09-06,0.0007999999999999119,0.0129999999999999,-0.0029502301460633262,0.0068882125909564,-0.001000000000000334
2016-09-07,0.0018000000000002458,0.0009000000000001229,-0.0018163945818590044,-0.0005412479816442328,0.0
2016-09-08,0.0020999999999999908,0.01429999999999998,0.0009761592665509244,-0.0003751881748002006,0.002000000000000224
2016-09-09,0.01059999999999972,-0.0024000000000001798,0.0009602113202509255,-0.006464806864578065,0.00649999999999995
2016-09-12,0.012100000000000222,0.02200000000000024,0.00335349736397772,-0.01684971119446743,0.0015000000000000568
2016-09-13,-0.0043999999999999595,-0.025500000000000078,-0.002723859385002303,-0.0006964040852555087,0.00749999999999984
2016-09-14,0.007299999999999862,-0.015000000000000124,0.002529543860822825,-0.006648090624313596,0.00649999999999995
2016-09-19,0.0054000000000002935,-0.000700000000000145,-0.001630748186439046,0.007503833241996105,0.004999999999999893
2016-09-20,0.0022999999999999687,-0.006099999999999994,-0.0028639780861496877,-0.0017547050848634171,0.0030000000000001137
2016-09-21,0.006199999999999761,0.0016000000000002679,0.0021450061849532798,0.0028304261128173636,0.004999999999999893
2016-09-22,0.026499999999999968,0.010799999999999699,-0.003377088559764818,0.0074674655633959475,0.0030000000000001137
2016-09-23,-0.02839999999999998,-0.023699999999999832,0.002357659351786223,-0.004706906778286779,-0.0019999999999997797
2016-09-26,-0.009199999999999875,-0.012399999999999967,0.001109328969804757,-0.017051867513478314,0.03299999999999992
2016-09-27,0.009300000000000086,-0.0028000000000001357,-0.0014693757797792362,0.0063367116030512705,0.020000000000000018
2016-09-28,-0.019600000000000062,0.0036000000000000476,0.0005250249507449123,-0.0030484390410734363,0.016999999999999904
2016-09-29,0.0118999999999998,-0.0047999999999999154,0.0002848981508387638,0.004168784711216844,0.01100000000000012
2016-09-30,-0.02069999999999972,0.01399999999999979,0.0011687320588948946,0.0027386440211625285,-0.010000000000000231
2016-10-10,0.017499999999999627,-0.019599999999999618,0.003438330267598877,0.012397637714890664,-0.06699999999999973
2016-10-11,0.015000000000000124,-0.014800000000000146,0.001342222026034623,0.0038447261571992186,-0.016000000000000014
2016-10-12,0.025500000000000078,-0.02200000000000024,0.0023817332405751124,-0.001982089016985711,-0.01100000000000012
2016-10-13,-0.042400000000000215,0.03290000000000015,0.0005648290056077254,0.000798345508076892,-0.004999999999999893
2016-10-14,-0.013299999999999645,-0.01330000000000009,-0.00206763775475749,0.0009692376037762074,-0.0040000000000000036
2016-10-17,-0.0013000000000000789,-0.005799999999999805,0.0033002349035746725,-0.00849657621372124,0.0009999999999998899
2016-10-18,0.020999999999999908,0.0011999999999998678,-0.0011285844888966334,0.013169552354076686,0.005999999999999783
2016-10-19,-0.014100000000000001,-0.0045999999999999375,0.0003416797305744179,-0.0015342056266725024,0.009000000000000341
2016-10-20,0.0043000000000001926,-0.042300000000000004,-0.00022282136503415373,0.0007125110125034695,0.006999999999999673
2016-10-21,-0.01670000000000016,-0.007299999999999862,0.0036628176400912427,0.002749061801070596,0.0040000000000000036
2016-10-24,0.0024999999999999467,0.005799999999999805,0.0019519703346750905,0.011900337320742693,0.0030000000000001137
2016-10-25,-0.007800000000000029,0.0394000000000001,0.0007974364319383032,-3.655513169853464e-05,0.0
2016-10-26,0.014100000000000001,0.022199999999999775,-0.0005758625176672805,-0.0037649315438645914,0.004999999999999893
2016-10-27,0.01770000000000005,0.0054000000000002935,0.0004577639051888127,-0.00271780075859418,0.002000000000000224
2016-10-28,0.011600000000000055,-0.011700000000000266,0.0017994901385214312,-0.0016658540876974826,0.0040000000000000036
2016-10-31,-0.0026999999999999247,0.020000000000000018,-0.003202978406013024,-0.001152836295172932,0.0030000000000001137
2016-11-01,-0.006400000000000183,0.028000000000000025,0.0013739614349803642,0.006802888045893241,-0.002000000000000224
2016-11-02,-0.0006999999999997009,-0.008799999999999919,-0.002542574690463706,-0.007680118147076698,-0.0019999999999997797
2016-11-03,0.0047999999999999154,-0.01089999999999991,-0.0010514391615294993,0.009474698497802692,-0.006000000000000227
2016-11-04,-0.03290000000000015,-0.0024000000000001798,0.00034072812447716316,-0.003247414075433497,-0.0030000000000001137
2016-11-07,-0.006299999999999972,0.01880000000000015,0.003120404191209847,0.0007202456245405386,-0.005999999999999783
2016-11-08,0.014699999999999935,0.025799999999999823,0.0013575130089338305,0.004318296741262273,-0.007000000000000117
2016-11-09,-0.0013000000000000789,-0.0038000000000000256,0.00022115902160924072,-0.0053725699978421915,-0.0030000000000001137
2016-11-10,-0.0021999999999997577,0.02200000000000024,0.0007810370505425546,0.011138625478947617,0.0040000000000000036
2016-11-11,-0.014899999999999913,0.007400000000000073,0.003382356165779976,0.007817270343318583,0.009000000000000341
2016-11-14,0.0043999999999999595,0.046699999999999964,0.0025805330801802473,0.0038049431537423573,0.004999999999999893
2016-11-15,0.04759999999999964,0.018799999999999706,0.0029827636051484863,-0.00011034795783437801,0.008000000000000007
2016-11-16,-0.026699999999999946,-0.00019999999999997797,0.0014151599522682634,-8.093929472607897e-05,0.0129999999999999
2016-11-17,0.0045999999999999375,0.015900000000000247,0.0014568342659944111,0.0020223634853309136,0.008000000000000007
2016-11-18,0.012200000000000433,0.01869999999999994,0.0015128595926303667,-0.005567457253368602,0.008000000000000007
2016-11-21,0.026599999999999735,-0.007200000000000095,0.00274348594575069,0.006898029062728739,0.0040000000000000036
2016-11-22,-0.022499999999999964,-0.025900000000000034,-0.002990623871776954,0.007888658427170014,0.002000000000000224
2016-11-23,0.024599999999999955,0.008599999999999941,0.001815765698652605,0.00183353503977024,0.0009999999999998899
2016-11-24,0.013600000000000279,-0.026699999999999946,0.002623399021760342,0.004024235250442487,0.0009999999999998899
2016-11-25,-0.007400000000000073,0.013200000000000323,0.0012006974166431927,0.009289088397474998,0.006000000000000227
2016-11-28,-0.0037000000000002586,9.999999999976694e-05,-0.0018233128558993172,0.003906342709372623,0.008000000000000007
2016-11-29,0.024900000000000144,0.033500000000000085,-0.0022185014645337287,0.00815871718004324,0.01499999999999968
2016-11-30,-0.000700000000000145,0.05480000000000018,-0.000348447235547944,-0.007332966739202362,0.015000000000000124
2016-12-01,0.011100000000000332,0.00749999999999984,0.0013495572453816607,0.007612273608874176,0.005999999999999783
2016-12-02,0.17559999999999976,0.04269999999999996,-0.0023810917806565968,-0.010172443878838422,-0.0009999999999998899
2016-12-05,-0.06669999999999998,0.0005999999999999339,0.0011041377225868843,-0.01701793565997356,-0.0040000000000000036
2016-12-06,-0.009700000000000042,0.018299999999999983,-0.004292632732939783,-0.0029599243128224373,-0.0040000000000000036
2016-12-07,0.10619999999999985,0.052200000000000024,0.003391980425511143,0.004785658116096769,-0.0019999999999997797
2016-12-08,0.011200000000000099,0.02200000000000024,-0.001119682534328259,-0.0016138180412017533,-0.00019999999999997797
2016-12-09,0.008100000000000218,-0.015000000000000124,0.003500290423035013,0.006765772825280791,0.0019999999999997797
2016-12-12,0.057299999999999685,0.07200000000000006,0.0016514801881843955,-0.02448984386608899,0.001200000000000312
2016-12-13,0.013500000000000068,0.008999999999999897,-0.0022025802267866545,-0.0012162517829690245,0.0019999999999997797
2016-12-14,0.11410000000000009,0.02320000000000011,0.001362694286049626,-0.0076917460117194025,0.0030000000000001137
2016-12-15,0.31899999999999995,0.15339999999999998,0.003773944052829936,-0.011462940585332149,0.005999999999999783
2016-12-16,-0.16500000000000004,-0.05760000000000032,0.003155690421845714,0.0016740390902914015,0.014000000000000234
2016-12-19,0.27010000000000023,0.06770000000000032,-0.002823802481482618,-0.005107956061111807,0.005999999999999783
2016-12-20,-0.04960000000000031,0.04760000000000009,0.002248163506342493,-0.006001361660446847,0.012500000000000178
2016-12-21,0.0036000000000000476,-0.10060000000000002,0.0003022517780300049,0.008866987380399038,0.00649999999999995
2016-12-22,-0.025399999999999867,-0.09760000000000035,-0.0007774035115544198,-0.0008582292238390465,0.0
2016-12-23,-0.09810000000000008,-0.026100000000000012,0.00040317355727648163,-0.00845157955449416,-0.0009999999999998899
2016-12-26,-0.11349999999999971,-0.024299999999999766,-5.758627144891726e-05,0.004465015161512653,0.0019999999999997797
2016-12-27,-0.11509999999999998,-0.008500000000000174,4.319001447528059e-05,-0.0018121993471300613,0.002000000000000224
2016-12-28,0.03599999999999959,0.023800000000000043,0.0004749670850749954,-0.004380756494091642,-0.002000000000000224
2016-12-29,-0.0038999999999997925,-0.10060000000000002,2.8778634743487075e-05,-0.0012497324402680476,-0.0009999999999998899
2016-12-30,-0.02839999999999998,-0.04320000000000013,-0.0018290887742549167,0.0037276943219204384,-0.0009999999999998899
2017-01-03,0.022400000000000198,0.08750000000000036,0.0018434777810540925,0.00966481113884754,0.04599999999999982
2017-01-04,0.028799999999999937,0.04420000000000002,0.00040280815367976786,0.007774228497750002,-0.04400000000000004
2017-01-05,0.022999999999999687,0.05859999999999976,-0.003154872136252873,-0.00015513425609370302,-0.07099999999999973
2017-01-06,0.026499999999999968,-0.0030999999999998806,-0.009262613787008211,-0.005992969390497649,-0.03300000000000036
2017-01-09,-0.04109999999999969,-0.021700000000000053,0.008613117845175378,0.004837895379147028,-0.030999999999999694
2017-01-10,-0.031099999999999905,-0.020099999999999785,-0.00040434381327236757,-0.0016749944746283774,-0.01100000000000012
2017-01-11,0.009699999999999598,0.04630000000000001,1.4443666091601415e-05,-0.0071050732895852065,-0.008999999999999897
2017-01-12,-0.01849999999999996,-0.01240000000000041,-0.0013586173102142496,-0.005072469361017795,0.0040000000000000036
2017-01-13,-0.02149999999999963,0.004100000000000215,-0.0033611042145460512,0.000689442584482336,0.0040000000000000036
2017-01-16,-0.05600000000000005,0.024099999999999788,-0.0005080452705021887,-0.00014058588853238518,0.025900000000000034
2017-01-17,0.018899999999999917,0.04010000000000025,0.001711807535062615,0.0020797498026432493,0.04269999999999996
2017-01-18,0.01540000000000008,0.0032999999999998586,-0.00679191365762799,0.003903258280832489,0.037599999999999856
2017-01-19,-0.012399999999999967,-0.012699999999999712,0.0006273114077322006,-0.0030219612724859957,0.03379999999999983
2017-01-20,0.031099999999999905,-0.019700000000000273,0.0018213481550519717,0.007659917017706519,0.05500000000000016
2017-01-23,-0.06820000000000004,0.006000000000000227,-0.0017630136063990776,0.0027360461114867007,0.04400000000000004
2017-01-24,-0.011200000000000099,0.03390000000000004,-0.003520744599398995,0.00011000914222414337,0.02499999999999991
2017-01-25,0.05290000000000017,0.06379999999999963,0.0038706804480650447,0.0033984295643882945,0.02200000000000024
2017-01-26,0.07309999999999972,0.006400000000000183,-0.0001166316772958087,0.0035649478885453334,0.006999999999999673
2017-02-03,-0.04489999999999972,0.06289999999999996,-0.00046666278627904845,-0.006951072400335434,-0.0389999999999997
2017-02-06,0.1109,0.05830000000000002,0.0007290649336513244,0.0025862855926330752,-0.02400000000000002
2017-02-07,0.10230000000000006,0.005700000000000038,-2.915239414247317e-05,-0.0022318818445459243,0.0002999999999997449
2017-02-08,-0.017900000000000027,-0.018400000000000194,0.003564858671100346,0.005216479810917107,0.0047000000000001485
2017-02-09,-0.07020000000000026,-0.04779999999999962,-0.0020209516979503572,0.0038364074371930457,0.0009999999999998899
2017-02-10,0.013900000000000023,0.020299999999999763,0.001585120561086839,0.005049924831800112,-0.010699999999999932
2017-02-13,0.005800000000000249,-0.01429999999999998,0.001147280418035912,0.0066537449736774334,-0.0002999999999997449
2017-02-14,-0.00890000000000013,0.021999999999999797,-0.0013361995829939133,-0.0001370182115305596,-0.002200000000000202
2017-02-15,0.010800000000000143,-0.0022999999999999687,-0.002532052168449317,-0.004109685536672458,0.006199999999999761
2017-02-16,-0.02220000000000022,-0.03979999999999961,-4.371234364430876e-05,0.005601352508163515,0.01650000000000018
2017-02-17,-0.027899999999999814,-0.03810000000000002,-0.002523982811265979,-0.005680614193787292,0.020500000000000185
2017-02-20,-0.049100000000000144,-0.061200000000000365,0.0041837100652859505,0.014493768687694697,0.010999999999999677
2017-02-21,-0.013900000000000023,0.011900000000000244,0.0006834723568829304,0.0032873327348674763,0.016000000000000014
2017-02-22,-0.01770000000000005,0.007800000000000029,0.0005813108723500271,0.0019888484847392363,0.015000000000000124
2017-02-23,-0.0013000000000000789,-0.01540000000000008,-0.0019632800343611923,-0.004720074967268673,0.010000000000000231
2017-02-24,-0.006799999999999695,0.0051000000000001044,-0.0005824536021963311,0.00015203301434318917,0.008999999999999897
2017-02-27,0.015499999999999847,-0.007600000000000051,0.0023132498367253174,-0.007985187676467831,-0.014000000000000234
2017-02-28,0.0041999999999999815,0.0002999999999997449,-0.0009304760637598442,0.0019096884756226729,0.017000000000000348
2017-03-01,0.0123000000000002,0.032800000000000384,0.0006979382026415237,0.0016284472283381035,0.0009999999999998899
2017-03-02,-0.026200000000000223,0.024399999999999977,0.0001598755880649616,-0.006771966175918465,0.0030000000000001137
2017-03-03,0.07069999999999999,0.005999999999999783,0.0012635708445654092,-0.0021079836184849654,-0.0730000000000004
2017-03-06,0.0022999999999999687,0.012500000000000178,-0.0015397356440298715,0.005417604344607696,-0.0129999999999999
2017-03-07,-0.0013999999999998458,-0.0024000000000001798,0.002424736390932658,0.002165804609413513,-0.0019999999999997797
2017-03-08,0.0389999999999997,0.022699999999999942,0.001087043277151034,-0.001513961271157882,0.010999999999999677
2017-03-09,0.030700000000000394,0.018299999999999983,0.0013462946364923845,-0.006337580705173096,0.0040000000000000036
2017-03-10,-0.008700000000000152,0.012799999999999923,-2.893351079391593e-05,0.00027653472351474306,-0.0040000000000000036
2017-03-13,-0.006400000000000183,-0.015399999999999636,-0.001954949902550629,0.008773348641938128,-0.005999999999999783
2017-03-14,-0.04129999999999967,-0.03620000000000001,0.0018826124628303909,-0.00040625954943962483,0.0030000000000001137
2017-03-15,0.03349999999999964,-0.0045999999999999375,-4.340497566390766e-05,0.002008631179888809,0.0040000000000000036
2017-03-16,0.00890000000000013,-0.07050000000000001,-0.0036672819897345388,0.00514403256231688,0.037799999999999834
2017-03-17,0.02210000000000001,0.02619999999999978,0.0001597270123554484,-0.010307552955506338,0.031200000000000117
2017-03-20,0.0005999999999999339,-0.006600000000000161,0.0018132897309834917,0.0011043567054596082,0.02210000000000001
2017-03-21,0.00649999999999995,0.02110000000000012,0.0010574423918807696,0.0048393091081635475,0.020899999999999697
2017-03-22,0.008700000000000152,-0.02059999999999995,-0.0026384474569629557,-0.00471246232933531,0.02300000000000013
2017-03-23,0.030400000000000205,0.0013000000000000789,-0.00047914625766964924,0.0034513781339597926,0.016000000000000014
2017-03-24,0.0015999999999998238,-0.05420000000000025,-0.00015976645083770613,0.007946870699479192,-0.02300000000000013
2017-03-27,-0.027200000000000113,-0.010799999999999699,-0.002093845733213362,-0.003318545044441734,0.015300000000000313
2017-03-28,-0.024399999999999977,-0.0015000000000000568,0.0011783276386474473,-0.0023688497747880177,-0.008300000000000196
2017-03-29,-0.00749999999999984,0.022800000000000153,0.0019317783446326509,-0.0013312181546076829,0.019000000000000128
2017-03-30,0.020000000000000018,0.01389999999999958,-0.00037734754155938077,-0.008239832374357547,0.01100000000000012
2017-03-31,-0.01650000000000018,-0.006599999999999717,0.0015085365707283582,0.005596431217114173,0.028999999999999915
2017-04-05,0.06600000000000028,0.03639999999999999,-0.0012617932188470071,0.013749676793178622,-0.10999999999999988
2017-04-06,0.07469999999999999,0.009100000000000108,0.00034823994083610366,0.002893643131804069,0.01059999999999972
2017-04-07,-0.007000000000000117,-0.034600000000000186,0.00027560397334269737,0.0009717685456163139,-0.009599999999999831
2017-04-10,0.025900000000000034,0.02519999999999989,0.0013479141984735765,-0.003509870443760832,-0.03400000000000025
2017-04-11,0.0040000000000000036,0.010400000000000187,-0.0012318931405213007,0.003471376054285713,-0.020000000000000018
2017-04-12,0.0022999999999999687,-0.000300000000000189,-0.0002465608401360786,-0.0022455002853600803,-0.02389999999999981
2017-04-13,-0.014100000000000001,0.000300000000000189,-0.004200862338442635,0.0014599935460779534,-0.00649999999999995
2017-04-14,-0.012900000000000134,0.04249999999999998,0.001295572671411227,-0.008016445335478295,0.01739999999999986
2017-04-17,0.06680000000000019,0.04150000000000009,0.0006544264912708986,-0.0018841175982782232,0.016000000000000014
2017-04-18,0.03770000000000007,-0.00019999999999997797,0.000930002827976173,-0.004954520094994308,0.027499999999999858
2017-04-19,0.012699999999999712,-0.0051000000000001044,-0.002690656325016194,-0.004882837948265717,0.034499999999999975
2017-04-20,0.01429999999999998,0.013900000000000023,0.0018624146926766727,0.004537734020122031,0.006000000000000227
2017-04-21,0.007200000000000095,0.02729999999999988,0.00045053228971214665,0.0015121674401221696,0.0019999999999997797
2017-04-24,-0.00990000000000002,0.03469999999999995,-0.002181882520330136,-0.010300922397858514,0.03000000000000025
2017-04-25,0.014499999999999957,-0.025500000000000078,0.0023271722282627305,0.002827496236756488,0.02400000000000002
2017-04-26,-0.0253000000000001,0.002200000000000202,0.00017431979009541188,0.001222423542916573,0.006299999999999972
2017-04-27,0.047100000000000364,-0.0022999999999999687,0.0007405202856169968,0.0004460306351603549,0.024599999999999955
2017-04-28,0.02589999999999959,0.005799999999999805,0.0005078830817233371,-0.0020234457246335324,0.02499999999999991
2017-05-02,-0.010499999999999954,0.00039999999999995595,0.0003626157690563847,-0.0038379795150298435,0.0031000000000003247
2017-05-03,0.11120000000000019,0.044500000000000206,-0.0009285590592322812,-0.0039324554857191885,0.03999999999999959
2017-05-04,0.05379999999999985,0.04659999999999975,0.000943060955355346,-0.002564513698596116,0.014000000000000234
2017-05-05,0.028300000000000214,0.007500000000000284,-0.001059191486202371,-0.006434795735925647,-0.008399999999999963
2017-05-08,0.02970000000000006,0.04039999999999999,0.000914163060376838,-0.007042433158972017,-0.009500000000000064
2017-05-09,0.01289999999999969,0.03730000000000011,0.0013044992573469916,-0.0018714883310444463,0.014199999999999768
2017-05-10,0.024599999999999955,0.052200000000000024,0.00041997640060320585,-0.004433843806724624,0.006700000000000372
2017-05-11,0.019200000000000106,-0.06150000000000011,-0.00021720715131312573,0.0056600746002732905,-0.000600000000000378
2017-05-12,-0.013099999999999667,0.02259999999999973,-0.0014927647175220216,0.00852354467970784,-0.01869999999999994
2017-05-15,0.03589999999999982,-0.04339999999999966,-0.0013933238828853778,0.004072480409698542,-0.027399999999999647
2017-05-16,0.00990000000000002,0.009199999999999875,-0.0009008878713367974,0.008628078763214475,-0.000600000000000378
2017-05-17,-0.00649999999999995,0.005300000000000082,-0.002255776834299672,-0.005464131934694194,-0.0006999999999997009
2017-05-18,-0.0040000000000000036,-0.025700000000000056,-0.00033516215604434407,-0.003482013999690281,0.004699999999999704
2017-05-19,0.03459999999999974,0.023299999999999876,0.002532789313058448,0.0016867196389434014,-0.006699999999999928
2017-05-22,0.006200000000000205,0.03980000000000006,-0.0016441269826596994,0.002168571558962995,-0.012099999999999778
2017-05-23,-0.027800000000000047,0.01100000000000012,-0.0001747564336658236,0.0037906350867285,-0.010800000000000143
2017-05-24,0.009100000000000108,-0.008199999999999985,0.001411740969009978,-7.91430253066494e-06,-0.014499999999999957
2017-05-25,-0.011700000000000266,-0.00890000000000013,-0.0009166770374100519,0.017798663011056703,0.00039999999999995595
2017-05-26,-0.0017000000000000348,-0.0047000000000001485,4.367034711338924e-05,-0.0014997219471535317,0.010000000000000231
2017-05-31,-0.022999999999999687,-0.027699999999999836,-0.0009466180957511394,0.003570756831413391,0.0029999999999996696
2017-06-01,0.019299999999999873,-0.005599999999999827,-0.007943109132398485,0.001388631882521807,0.010000000000000231
2017-06-02,0.04159999999999986,0.013499999999999623,-0.0002937720350151274,-0.003216040879186366,0.017999999999999794
2017-06-05,0.0038000000000000256,-0.01529999999999987,-0.001985221783573188,-0.005105096141566179,0.010000000000000231
2017-06-06,-0.0034000000000000696,0.017199999999999882,-1.4720061235706794e-05,0.006931674878540406,0.0019000000000000128
2017-06-07,-0.005499999999999616,0.012199999999999989,-0.0011193591365536992,0.011667028179159544,-0.0040000000000000036
2017-06-08,0.09999999999999964,0.010700000000000376,0.0010604767247130997,0.0076412976645006125,0.0019999999999997797
2017-06-09,0.03639999999999999,-0.02450000000000019,0.0006033804202161264,0.004257084490129515,0.0009999999999998899
2017-06-12,-0.03559999999999963,-0.043400000000000105,-0.0003384368663621462,-0.000498114864161181,0.0019000000000000128
2017-06-13,0.013099999999999667,-0.021300000000000097,8.829892133888073e-05,0.002201587529540916,0.0032000000000000917
2017-06-14,-0.0008999999999996788,-0.01200000000000001,-0.0002207619238800973,-0.013198158228060919,0.0026000000000001577
2017-06-15,0.010699999999999932,0.007700000000000262,-0.0012813811210470316,-0.0018420208809093452,0.0020999999999999908
2017-06-16,-0.06059999999999999,-0.0009000000000001229,0.0021053104274459944,-0.0028468053460475318,0.009300000000000086
2017-06-19,-0.04700000000000015,-0.05010000000000003,-0.000338317389063425,0.009870582290652408,0.006399999999999739
2017-06-20,0.0036999999999998145,-0.01429999999999998,0.0018226186072654027,-0.0020200398710983336,0.009600000000000275
2017-06-21,-0.04519999999999991,0.035600000000000076,0.0014234460063311527,0.011622892462131773,0.01289999999999969
2017-06-22,0.006400000000000183,0.020000000000000018,5.865532665372264e-05,0.0006651995373658792,0.000300000000000189
2017-06-23,-0.0026000000000001577,-0.005700000000000038,0.0006010188182532517,0.009022543465297517,-0.007200000000000095
2017-06-26,-0.014499999999999957,-0.03359999999999985,-0.00026381743986281236,0.012401463291443093,-0.02970000000000006
2017-06-27,-0.0484,-0.0123000000000002,0.001054852418487462,0.0018040244571579933,-0.02289999999999992
2017-06-28,0.0040000000000000036,0.03639999999999999,-0.0035058160517900117,-0.007799263939473278,-0.025700000000000056
2017-06-29,-0.008000000000000007,-0.0015999999999998238,-0.0016618506247594311,0.006195868635291646,-0.007000000000000117
2017-06-30,0.03699999999999992,0.0354000000000001,-0.002889067779983101,-0.0005535179035938143,-0.005199999999999871
2017-07-03,-0.004899999999999682,0.0118999999999998,0.00041323534340520496,-0.004359716123344626,-0.0044999999999997264
2017-07-04,0.03169999999999984,0.026100000000000012,0.001724888199387875,-0.008489370169185051,-0.011100000000000332
2017-07-05,-0.005599999999999827,-0.021500000000000075,0.00048596948184553845,0.010905941710095846,-0.027099999999999902
2017-07-06,-0.0028000000000001357,-0.01949999999999985,0.00045630175584721044,0.00011399255634536587,-0.01089999999999991
2017-07-07,-0.014600000000000168,0.025799999999999823,-0.0005740908546023604,-0.0011392524987581254,-0.006099999999999994
2017-07-10,0.004100000000000215,0.0017000000000000348,0.0007359543451741501,-0.0006135753341016681,-0.0018000000000002458
2017-07-11,-0.018400000000000194,-0.0047000000000001485,0.0002795206973851272,0.004675224777111353,0.028000000000000025
2017-07-12,0.00790000000000024,-0.014899999999999913,-0.0016930317402041872,-0.0032702897920096063,0.0036000000000000476
2017-07-13,-0.00010000000000021103,-0.014899999999999913,-0.0009729491443424276,0.0076498817922878715,0.0028000000000001357
2017-07-14,-0.01639999999999997,0.005300000000000082,-0.0004130524635348465,0.004377129658593049,-0.01540000000000008
2017-07-17,-0.0015000000000000568,-0.0051000000000001044,-0.0031329457558146867,-0.010734016564416748,0.0026999999999999247
2017-07-18,0.015099999999999891,0.02970000000000006,0.0007249968876372748,0.0009884953455383538,0.023600000000000065
2017-07-19,-0.015799999999999592,-0.0020999999999999908,-0.002369283363887975,0.01691713047763166,0.012700000000000156
2017-07-20,-0.029900000000000038,-0.01330000000000009,0.00019271393159003836,0.004851198411310875,0.01100000000000012
2017-07-21,-0.008000000000000007,0.011600000000000055,-0.000726577186302535,-0.00515930969667977,-0.006000000000000227
2017-07-24,-0.00990000000000002,-0.007600000000000051,-7.417022069056145e-05,0.003980430375325028,-0.0019999999999997797
2017-07-25,-0.0040000000000000036,0.01670000000000016,0.0011119760958977487,-0.00640750191056938,0.0040000000000000036
2017-07-26,0.012099999999999778,0.02320000000000011,0.0006517842824844688,-0.0038170283078695633,0.0
2017-07-27,0.0011999999999998678,-0.01540000000000008,-0.0032928921148358548,0.0018351804943677053,0.013599999999999834
2017-07-28,-0.017899999999999583,-0.001100000000000101,0.0009801010585577252,0.0026087148759703638,0.014399999999999746
2017-07-31,0.007299999999999862,0.02210000000000001,-0.0013367397427748173,0.004284806641638994,0.0050000000000003375
2017-08-01,0.005599999999999827,0.014699999999999935,-0.002008465984509211,0.00865974819212667,0.0040000000000000036
2017-08-02,0.001200000000000312,-0.007000000000000117,0.0008485110629441461,-0.002530874340642697,0.005999999999999783
2017-08-03,-0.010200000000000209,-0.008000000000000007,8.927508635858672e-05,-0.008820331210650068,-0.008000000000000007
2017-08-04,-0.026699999999999946,0.002200000000000202,-0.0011760941635374778,-0.005446064422754304,-0.018299999999999983
2017-08-07,0.012399999999999967,0.03330000000000011,0.001428996968387386,0.005169296501513543,-0.0006999999999997009
2017-08-08,-0.009500000000000064,-0.0024000000000001798,-0.0006547034724826428,0.0014527672234248001,0.005999999999999783
2017-08-09,-0.0047999999999999154,-0.0007999999999999119,-0.0016237276301496184,-0.0003132412632229631,0.011099999999999888
2017-08-10,-0.015200000000000102,-0.010000000000000231,-0.004557518441910435,-0.004061579770027635,-0.005399999999999849
2017-08-11,0.008399999999999963,-0.027499999999999858,-0.0019188684567394976,-0.018625548721312057,-0.0041999999999999815
2017-08-14,-0.015499999999999847,-0.022399999999999753,-0.0006154169644039253,0.012893827412385761,-0.0045000000000001705
2017-08-15,0.004999999999999893,-0.01750000000000007,0.001320429331321371,0.0030736141020817342,0.006000000000000227
2017-08-16,0.00019999999999997797,0.01739999999999986,0.0013486380801572828,-0.0012516813531799897,0.005999999999999783
2017-08-17,0.002200000000000202,0.0051000000000001044,-0.0010487835073771379,0.005350170023602274,0.012700000000000156
2017-08-18,0.0010999999999996568,-0.010000000000000231,0.0005245292470379415,0.0009126570590609617,0.0013000000000000789
2017-08-21,0.006600000000000161,0.025100000000000122,-0.0005245292470379415,0.00437183223928983,0.0029999999999996696
2017-08-22,-0.009199999999999875,-0.000300000000000189,-0.0016803448659958864,0.0030170740507244886,0.0015000000000000568
2017-08-23,0.00649999999999995,0.000700000000000145,0.0005404188377418073,0.0010096444482368128,0.0043000000000001926
2017-08-24,0.005300000000000082,0.009800000000000253,-0.001622133460728703,-0.005725115321418173,0.0011999999999998678
2017-08-25,0.020199999999999996,0.0034999999999998366,0.0008113956449489201,0.016230197546798664,0.005800000000000249
2017-08-28,-0.0026999999999999247,0.021399999999999864,-0.003400237982484011,0.012295162328488374,-0.0034000000000000696
2017-08-29,0.023399999999999643,-0.00749999999999984,-0.0009046636022507215,-0.002129487413171205,0.014599999999999724
2017-08-30,-0.0024999999999999467,-0.012199999999999989,-0.0028853073379842,-6.183466047460229e-05,0.005600000000000271
2017-08-31,0.027200000000000113,-0.007700000000000262,-0.0013927578853032418,-0.0031888932207930765,-0.03869999999999996
2017-09-01,-0.0034999999999998366,0.01030000000000042,-0.001531242955671308,0.0022072156147014965,-0.011500000000000288
2017-09-04,-0.021600000000000286,0.016899999999999693,-0.003663258312736506,0.003928534579550558,-0.019199999999999662
2017-09-05,0.024900000000000144,0.01750000000000007,-0.004548306807633518,0.0029678330299276467,-0.037000000000000366
2017-09-06,0.05609999999999982,-0.015899999999999803,-0.0009029622364191692,-0.001971454254872995,-0.010999999999999677
2017-09-07,0.001100000000000101,-0.023800000000000043,-0.000643283832874264,-0.005099055479247383,-0.0036000000000000476
2017-09-08,0.0036000000000000476,-0.017100000000000115,-0.003637735111073681,-0.001014072861057258,-0.0033000000000003027
2017-09-11,-0.01880000000000015,0.005300000000000082,-0.0005383414599093861,-8.99677021255485e-05,-0.0008999999999996788
2017-09-12,0.026100000000000012,-0.0017000000000000348,0.0042986387331329645,0.003207068105229638,0.0021999999999997577
2017-09-13,-0.0008999999999996788,0.016599999999999948,0.0016072375053093335,0.0012165812441793378,0.002000000000000224
2017-09-14,-0.0013000000000000789,-0.034600000000000186,0.0012686574569125142,-0.0032976500648871365,0.018299999999999983
2017-09-15,-0.008000000000000007,-0.0007999999999999119,-0.0006417700849814523,0.00035009944359032374,0.008099999999999774
2017-09-18,-0.0041999999999999815,0.011600000000000055,-6.114244663391055e-05,0.00308721170256554,0.01200000000000001
2017-09-19,-0.0123000000000002,0.0026999999999999247,0.001695316903304267,-0.002873312217857915,0.02400000000000002
2017-09-20,-0.012799999999999923,0.008999999999999897,0.0021341471514759736,0.0026892011483230505,0.001000000000000334
2017-09-21,0.012700000000000156,0.007000000000000117,0.0029953571587160166,-0.0012024865890616354,0.0
2017-09-22,-0.012199999999999989,0.002000000000000224,-9.109680560204225e-05,-2.272150470616907e-05,-0.01100000000000012
2017-09-25,-0.010600000000000165,-0.0039000000000002366,0.0012746007218527033,-0.005209036129921074,0.040699999999999736
2017-09-26,0.007000000000000117,-0.007699999999999818,0.001984533415046119,0.0007828949500332527,0.030400000000000205
2017-09-27,0.016699999999999715,0.0041999999999999815,0.0017540150261614595,0.0001095003946147699,0.020299999999999763
2017-09-28,-0.03249999999999975,-0.0043999999999999595,0.001404017531757118,0.00035024745971412585,0.018100000000000005
2017-09-29,0.023699999999999832,-0.002000000000000224,0.0012664527451462515,0.0036460746126092403,-0.0035999999999996035
2017-10-09,0.021800000000000264,0.03740000000000032,0.001866598967399602,0.011843129419775167,-0.04380000000000006
2017-10-10,0.013799999999999812,-0.0051000000000001044,-0.003314104535201201,0.001970157550262641,0.018899999999999917
2017-10-11,-0.0043999999999999595,0.007000000000000117,-0.006539829839326217,0.0032911205578773917,-0.01429999999999998
2017-10-12,0.0030000000000001137,0.019099999999999895,-0.0005013331007628352,0.0026272462344820724,-0.03869999999999996
2017-10-13,0.0041999999999999815,0.008699999999999708,0.0008809636488771311,0.002054671624529547,-0.03440000000000021
2017-10-16,0.0047999999999999154,0.02560000000000029,-0.00041000721883333036,-0.0019287899897442173,-0.0036000000000000476
2017-10-17,0.013599999999999834,0.034399999999999764,0.0006680736951536481,-9.644139193376589e-05,0.000300000000000189
2017-10-18,-0.019099999999999895,-0.015199999999999658,0.0016379274784301678,0.007914737579810094,-0.0015000000000000568
2017-10-19,0.015099999999999891,-0.009300000000000086,0.0015444720068416018,-0.003279348790503178,-0.006299999999999972
2017-10-20,-0.0024999999999999467,0.005700000000000038,-1.5130309793054408e-05,-0.0011192271973197165,-0.0026000000000001577
2017-10-23,-0.020999999999999908,-0.00010000000000021103,0.0017082780029755718,0.001004397060576423,-0.0038000000000000256
2017-10-24,0.006099999999999994,-0.000700000000000145,0.0009511372845709687,0.007248827442193573,0.00019999999999997797
2017-10-25,-0.03149999999999986,0.059100000000000374,0.0008145411114812706,0.004423630820797442,0.025100000000000122
2017-10-26,0.050899999999999945,-0.0043000000000001926,-0.0005127818527264072,0.004171927390894226,0.010499999999999954
2017-10-27,-0.0013000000000000789,0.05600000000000005,0.002786964842746098,0.00708436582659111,0.00890000000000013
2017-10-30,-0.010299999999999976,0.08409999999999984,0.00021058965180120737,-0.0030493732711196486,0.009199999999999875
2017-10-31,0.07810000000000006,-0.0253000000000001,-0.0013545650907762496,-0.000749434974380847,0.006000000000000227
2017-11-01,-0.013399999999999856,-0.02629999999999999,-0.0014619775470001706,-0.0025228980288201086,0.0
2017-11-02,0.0047999999999999154,0.005300000000000082,-0.0015698590351198582,0.00012815001485400046,-0.03500000000000014
2017-11-03,-0.0031000000000003247,0.02190000000000003,-0.0018749816482810377,-0.0011105115463951876,-0.03410000000000002
2017-11-06,0.03639999999999999,-0.036599999999999966,0.0026451243137410874,0.007036003862998186,-0.027899999999999814
2017-11-07,0.0048000000000003595,0.030200000000000227,-0.00046805523906234825,0.00826167864390115,-0.009200000000000319
2017-11-08,-0.04070000000000018,0.0025999999999997137,0.0009208034282572886,-0.0015405102384260516,0.00140000000000029
2017-11-09,0.019000000000000128,-0.00550000000000006,0.0007239710124513632,0.00686719204693631,0.02179999999999982
2017-11-10,0.00990000000000002,0.017400000000000304,-0.0006485329056102884,0.008796400455064912,0.034499999999999975
2017-11-13,-0.03049999999999997,0.06089999999999973,0.0009801778676468142,0.003922852215616501,0.013700000000000045
2017-11-14,0.0642999999999998,-0.010699999999999932,0.0007834511421780377,-0.006982116306831543,0.017300000000000093
2017-11-15,-0.019899999999999807,-0.0040000000000000036,-0.0020503240964766523,-0.0062844536382247185,0.009500000000000064
2017-11-16,0.0030999999999998806,-0.025900000000000034,0.00034704147493869186,0.007664500025857279,0.0
2017-11-17,-0.012100000000000222,0.000300000000000189,-0.0001357844951279663,0.003850932011252084,-0.020999999999999908
2017-11-20,0.020500000000000185,0.025399999999999867,-9.053324084984382e-05,0.005561654549717687,-0.006000000000000227
2017-11-21,-0.0015999999999998238,-0.0009999999999998899,0.0012817904595265883,0.017669009969512928,0.002000000000000224
2017-11-22,-0.04800000000000004,0.04510000000000014,-0.0009951299767285704,0.002336244242384211,0.006999999999999673
2017-11-23,0.07529999999999992,0.0007999999999999119,-0.004066183017792602,-0.030055216137562013,0.0030000000000001137
2017-11-24,-0.01100000000000012,-0.04059999999999997,-0.0032010707674796635,0.0004403285231866505,0.002000000000000224
2017-11-27,0.04530000000000012,0.009700000000000042,0.0009720240126225299,-0.013307749972385707,0.009999999999999787
2017-11-28,0.005300000000000082,0.0008999999999996788,0.0010620705302761824,0.0014498314914845878,0.0
2017-11-29,-0.006699999999999928,-0.03169999999999984,0.0010154977948197974,-0.0005106555368268317,-0.006000000000000227
2017-11-30,-0.03750000000000009,-0.048799999999999955,0.0003483660908418784,-0.011825069271436561,0.02100000000000035
2017-12-01,-0.0038000000000000256,0.009799999999999809,0.0004996177271399116,-0.001989647188269217,-0.04700000000000015
2017-12-04,-0.00990000000000002,-0.0002999999999997449,0.000575008338331795,0.005169181160029623,-0.03500000000000014
2017-12-05,0.011299999999999866,-0.008300000000000196,0.00012101226776617402,0.0052893105749571845,-0.016999999999999904
2017-12-06,0.001100000000000101,0.017100000000000115,0.0007559950766788948,-0.006045034716963826,-0.01200000000000001
2017-12-07,0.10829999999999984,0.0015999999999998238,0.0004835370831153263,-0.011209553653571902,0.0040000000000000036
2017-12-08,-0.005799999999999805,0.009400000000000297,0.0003473979175958597,0.00810652354634911,0.008000000000000007
2017-12-11,0.02950000000000008,0.017999999999999794,-0.0009972048873505557,0.016381263588609585,0.019000000000000128
2017-12-12,-0.009100000000000108,0.014800000000000146,0.00015115558473088875,-0.013229626919695647,0.01200000000000001
2017-12-13,0.022299999999999986,-0.012799999999999923,0.0013442790874393928,0.008449328599258621,0.020999999999999908
2017-12-14,0.0022999999999999687,-0.01429999999999998,-0.0032959420239595527,-0.005928787995797435,0.016999999999999904
2017-12-15,-0.01100000000000012,-0.0253000000000001,0.001210782161749746,-0.011314160442207566,0.0030000000000001137
2017-12-18,-0.00990000000000002,0.015200000000000102,0.0007408807747704138,0.0011136124771571332,0.0
2017-12-19,0.0043999999999999595,-0.0050000000000003375,-0.000967790790795453,0.012477500293091026,0.002000000000000224
2017-12-20,0.026000000000000245,-0.0036000000000000476,-0.0004842468542920475,-0.0012000270427030557,0.0009999999999998899
2017-12-21,-0.015800000000000036,0.008000000000000007,-0.004110394757405045,0.009226328569981845,-0.0030000000000001137
2017-12-22,0.008099999999999774,-0.024499999999999744,0.00039508874814919714,-0.0032625911665586926,-0.0040000000000000036
2017-12-25,-0.0002999999999997449,0.00039999999999995595,-0.002098796244325074,-0.003225812237172221,0.01399999999999979
2017-12-26,0.0030999999999998806,0.007299999999999862,-0.004073263246251901,0.0029850689153541055,0.01100000000000012
2017-12-27,0.005399999999999849,0.019400000000000084,7.643097904153073e-05,-0.015517084419515825,0.0129999999999999
2017-12-28,0.010099999999999998,-0.0259999999999998,-0.0001375799685736645,0.006913769705688466,0.020000000000000018
2017-12-29,-0.0019999999999997797,0.0033999999999996255,-0.0010707130441514057,0.002970901053686248,0.02900000000000036
2018-01-02,-0.1025999999999998,0.018700000000000383,-0.004033098296958526,0.013930877221024929,-0.11500000000000021
2018-01-03,-0.02670000000000039,0.014699999999999935,-0.0024461738826435653,0.005852414234215786,-0.053999999999999826
2018-01-04,-0.01159999999999961,0.009999999999999787,0.0018928469906729362,0.004227911129966344,-0.025000000000000355
2018-01-05,-0.10380000000000011,-0.0021999999999997577,-0.0019698678248467605,0.0024042406471345146,-0.01499999999999968
2018-01-08,-0.019299999999999873,-0.016100000000000225,-0.001279413185998557,0.005159484195580433,-0.008000000000000007
2018-01-09,0.0029999999999996696,-0.017300000000000093,0.0020955323538915938,0.006979691635885743,0.007000000000000117
2018-01-10,0.016100000000000225,0.026800000000000157,0.003671984152804786,0.0044099762948874854,0.031999999999999584
2018-01-11,0.028499999999999748,0.03750000000000009,-0.0009205702047847542,-0.0005293698586399387,0.05600000000000005
2018-01-12,-0.025700000000000056,-0.024799999999999933,-0.0033056864795313334,0.0046057845390503616,0.03200000000000003
2018-01-15,0.014000000000000234,0.032399999999999984,-0.005528715455745958,5.640076296131724e-05,-0.0040000000000000036
2018-01-16,0.009700000000000042,-0.0049000000000001265,-0.0031330970366041377,0.007834747059783709,0.019000000000000128
2018-01-17,-0.02010000000000023,0.007099999999999884,-0.0005749493192948041,-0.0024349606240665622,-0.0009999999999998899
2018-01-18,0.010499999999999954,0.010600000000000165,0.0010253543031073509,0.005469890790509524,0.0
2018-01-19,-0.00649999999999995,-0.0015000000000000568,-0.003608932905109219,0.003267154346891843,0.0129999999999999
2018-01-22,-0.03669999999999973,-0.014600000000000168,-0.0008886741411628929,0.011877301568187448,-0.002000000000000224
2018-01-23,0.005700000000000038,-0.009299999999999642,-0.0016078554208855955,0.010555067633289283,-0.0259999999999998
2018-01-24,0.008000000000000007,-0.008400000000000407,-0.0014539771957611247,0.001658000150051464,-0.03100000000000014
2018-01-25,-0.0016000000000002679,-0.0015999999999998238,-0.0030084635664937576,-0.005666719908068885,0.01780000000000026
2018-01-26,-0.03269999999999973,-0.010199999999999765,-0.004529734074293801,0.0037090134316848378,-0.007800000000000029
2018-01-29,-0.0015000000000000568,0.006999999999999673,-0.002667657438617299,-0.018261154524616074,0.0
2018-01-30,0.0027999999999996916,-0.010699999999999932,0.0007110184453311685,-0.010730496768857734,-0.0040000000000000036
2018-01-31,-0.00949999999999962,-0.014100000000000001,0.00042636853098731997,0.004640537717204296,-0.008199999999999985
2018-02-01,-0.020000000000000018,-0.012700000000000156,-0.004652496048866084,-0.007040985851739734,-0.03730000000000011
2018-02-02,-0.03080000000000016,0.001100000000000101,-0.002541095626070966,0.005949157411450301,-0.0045000000000001705
2018-02-05,0.014899999999999913,0.01980000000000004,0.0021286067256927055,0.0006819592467284252,-0.012199999999999989
2018-02-06,-0.05609999999999982,-0.040000000000000036,0.0008406627454982107,-0.02974464187543724,-0.005199999999999871
2018-02-07,-0.014800000000000146,-0.011400000000000077,-0.003016976739402155,-0.02400012904596771,0.00039999999999995595
2018-02-08,0.0024000000000001798,0.010200000000000209,-0.0009546236326056778,-0.009538004279120216,0.133
2018-02-09,-0.0026999999999999247,-0.00019999999999997797,0.005904029338874572,-0.04365930862233469,0.014000000000000234
2018-02-12,0.007899999999999796,-0.010400000000000187,-0.003058760655745729,0.012793720614961757,0.0
2018-02-13,0.011800000000000033,-0.0005999999999999339,0.003897096371282327,0.011635533790549601,0.009999999999999787
2018-02-14,-0.013399999999999856,0.005300000000000082,0.002857708674608217,0.007928830690541844,-0.017999999999999794
2018-02-22,-0.007800000000000029,0.005399999999999849,0.0016068309511207968,0.02139110648745124,-0.019000000000000128
2018-02-23,0.005900000000000016,-0.009399999999999853,-0.0007558341303992577,0.004518988971263127,-0.010000000000000231
2018-02-26,-0.09190000000000031,-0.0264000000000002,-0.0016396030789624927,0.011558748057687751,-0.010999999999999677
2018-02-27,-0.09339999999999993,-0.02499999999999991,-0.00366729252971143,-0.014537396383490275,-0.008999999999999897
2018-02-28,0.033399999999999874,-0.0044999999999997264,0.002341032388357922,-0.00874451997160719,0.04499999999999993
2018-03-01,0.019200000000000106,0.005999999999999783,0.0009159389803847784,0.006303912356163011,-0.010000000000000231
2018-03-02,0.00140000000000029,0.015099999999999891,-0.00028416715534684833,-0.0080900840894369,0.0009999999999998899
2018-03-05,0.053999999999999826,0.01680000000000037,0.0015303911794575242,0.00040724082709076015,-0.0029999999999996696
2018-03-06,-0.02629999999999999,-0.03410000000000002,-0.0007096840626841239,0.011990181521049692,-0.008000000000000007
2018-03-07,0.000300000000000189,0.0043999999999999595,-0.0014524789418113304,-0.007382557088824626,-0.0129999999999999
2018-03-08,-0.016100000000000225,-0.0019000000000000128,-0.0008693384882021427,0.010092572670490796,-0.01100000000000012
2018-03-09,0.007600000000000051,0.011299999999999866,0.003346755037969995,0.007638278759687367,-0.004999999999999893
2018-03-12,-0.0028999999999999027,0.0017000000000000348,-0.0018614341568634618,0.004565279179010062,0.0009999999999998899
2018-03-13,0.014199999999999768,0.010600000000000165,-0.0018174495919418554,-0.008860809074242582,0.01200000000000001
2018-03-14,-0.021199999999999886,0.0007999999999999119,-0.00020565878116851621,-0.004386897853567717,-0.0009999999999998899
2018-03-15,0.015600000000000058,-0.007600000000000051,-0.0010130911223764638,0.0055861530491974065,-0.0030000000000001137
2018-03-16,0.02499999999999991,-0.014800000000000146,0.003146720285349458,-0.009749156445165497,-0.0009999999999998899
2018-03-19,-0.019400000000000084,-0.011299999999999866,-0.00031580609768222523,0.004384713058696477,-0.002000000000000224
2018-03-20,0.022699999999999942,-0.026200000000000223,-0.0011693505117043035,0.0008479441996449566,-0.0019999999999997797
2018-03-21,-0.05509999999999993,-0.023199999999999665,0.0023688834690718252,-0.004092499326107557,-0.0030000000000001137
2018-03-22,0.008599999999999941,-0.017300000000000093,-0.0036187550848760797,-0.010072895332033482,-0.0041999999999999815
2018-03-23,-0.024599999999999955,-0.04620000000000024,0.0016608803318132193,-0.029127448913337517,-0.007400000000000073
2018-03-26,0.01750000000000007,0.021700000000000053,-0.0012493576922609773,-0.006433689934372211,0.015600000000000058
2018-03-27,0.04850000000000021,0.011500000000000288,-0.005983717430804614,0.008565484584295291,0.01200000000000001
2018-03-28,0.01059999999999972,0.015600000000000058,-0.000493626653123469,-0.01819378238250735,0.01499999999999968
2018-03-29,-0.008099999999999774,-0.00010000000000021103,0.004148427244564656,0.013270417637118115,0.006800000000000139
2018-03-30,0.023399999999999643,-0.006600000000000161,-0.002620567383109007,0.0011415780226027294,0.02079999999999993
2018-04-02,-0.038599999999999746,-0.0002999999999997449,-0.0018623906055610373,-0.0029744865642822305,-0.03359999999999985
2018-04-03,0.015800000000000036,0.009999999999999787,0.0010987524692744888,-0.006307426576041664,-0.0129999999999999
2018-04-04,-0.059900000000000286,-0.01499999999999968,0.001479019663851,-0.001974022241025608,-0.040000000000000036
2018-04-09,0.007200000000000095,-0.04410000000000025,0.0029831821552448456,-0.0005016482322801608,-0.02400000000000002
2018-04-10,-0.01839999999999975,0.027000000000000135,-0.0006815390365642049,0.019086112963933033,0.0009999999999998899
2018-04-11,-0.006600000000000161,-0.007400000000000073,-0.0025400467689749018,0.0028403748931378203,-0.0030000000000001137
2018-04-12,0.03180000000000005,-0.0028999999999999027,-0.0012247009364079187,-0.01013358356897065,-0.0040000000000000036
2018-04-13,-0.10040000000000004,0.0020999999999999908,0.0010180384552456179,-0.007076446381221402,-0.0019999999999997797
2018-04-16,-0.0030000000000001137,-0.05940000000000012,-0.00022260736922308233,-0.01621942868599291,0.0040000000000000036
2018-04-17,-0.008199999999999985,-0.010099999999999998,-0.001798575949412795,-0.015937291751860982,0.040999999999999925
2018-04-18,-0.15249999999999986,-0.1499999999999999,0.0007325540984342016,0.0046948802891417785,0.015000000000000124
2018-04-19,-0.015800000000000036,0.016000000000000014,0.00023876035736480894,0.012024491273145088,0.0259999999999998
2018-04-20,0.027899999999999814,0.02059999999999995,0.0010339699797328183,-0.013466660173614642,0.008999999999999897
2018-04-23,0.04039999999999999,0.06889999999999974,0.002175795539581138,0.0014537717880074297,0.007000000000000117
2018-04-24,-0.0378999999999996,-0.009599999999999831,0.0030887933129331024,0.020280532927161588,0.007000000000000117
2018-04-25,0.015800000000000036,0.030899999999999928,-0.002581259598628316,-0.0038547319910833266,0.0040000000000000036
2018-04-26,-0.040300000000000225,0.015300000000000313,0.003434933610254598,-0.019305850651457845,0.01399999999999979
2018-04-27,0.025500000000000078,0.01059999999999972,0.0017367145733726552,0.0003680329656816639,0.05300000000000038
2018-05-02,0.013500000000000068,0.03750000000000009,0.004360048776034242,0.0018003009068543463,-0.0860000000000003
2018-05-03,-0.04400000000000004,-0.03980000000000006,0.0009732971993283712,0.007769094085043449,-0.040000000000000036
2018-05-04,-0.03469999999999995,-0.009799999999999809,-0.0033162313402552712,-0.004863375613936682,-0.04599999999999982
2018-05-07,-0.002000000000000224,0.01969999999999983,0.0009913064813991124,0.01566368667111462,-0.038000000000000256
2018-05-08,-0.01200000000000001,0.04939999999999989,0.0014144496221064617,0.011536438632791857,-0.016999999999999904
2018-05-09,-0.0007999999999999119,0.016100000000000225,0.000926165818478264,-0.001822254450580374,-0.016999999999999904
2018-05-10,-0.02059999999999995,-0.024700000000000166,0.0005490153156311184,0.005522797441368965,-0.01100000000000012
2018-05-11,0.05010000000000003,0.0024000000000001798,-0.003833709877221869,-0.005206932671784514,-0.009999999999999787
2018-05-14,0.021199999999999886,0.007899999999999796,-0.002821810194383767,0.009368966893456232,0.02499999999999991
2018-05-15,-0.000300000000000189,0.019400000000000084,0.002223432096063238,0.00377977251568673,0.03500000000000014
2018-05-16,0.061900000000000066,-0.009199999999999875,0.0040713404400058995,-0.007996341211462976,0.06199999999999983
2018-05-17,-0.020000000000000018,0.006199999999999761,-0.0010359116948472913,-0.007424009895567352,-0.03200000000000003
2018-05-18,-0.012799999999999923,-0.00509999999999966,0.0013182469227479565,0.01004577146198038,-0.03500000000000014
2018-05-21,0.019099999999999895,-0.01540000000000008,0.0013948205842464478,0.004646657012846944,-0.01200000000000001
2018-05-22,0.0820000000000003,-0.04360000000000008,-0.0008303891555176968,-0.0038413578119840253,-0.0009999999999998899
2018-05-23,-0.0041999999999999815,-0.0036000000000000476,-0.00040761296146496484,-0.013304407802632312,-0.0030000000000001137
2018-05-24,0.010099999999999998,-0.005999999999999783,0.000674039323578457,-0.007124793028527421,-0.0009999999999998899
2018-05-25,-0.027099999999999902,-0.039000000000000146,0.0007988534528826641,-0.0028046589979879855,0.04300000000000015
2018-05-28,0.027799999999999603,0.0043999999999999595,0.001486360958625088,0.004382341779967547,0.01200000000000001
2018-05-29,-0.009999999999999787,-0.010299999999999976,0.0009219975181007367,-0.0076600005207581034,0.041999999999999815
2018-05-30,-0.009799999999999809,-0.0011999999999998678,0.002901084481587768,-0.02142577272682189,0.04700000000000015
2018-05-31,0.030199999999999783,0.016999999999999904,-0.0009816831198736775,0.020996291447039184,0.0030000000000001137
2018-06-01,-0.0007999999999999119,0.006899999999999906,-0.0010294646133874874,-0.008394858995771415,-0.001000000000000334
2018-06-04,0.01200000000000001,0.029100000000000126,0.002026722237797429,0.009762068524333145,-0.07899999999999974
2018-06-05,0.029300000000000104,0.009700000000000042,-0.00079460916423435,0.00986257053479811,-0.016000000000000014
2018-06-06,0.0030999999999998806,0.005199999999999871,-0.0018253162318127014,-0.0020735774010915975,-0.010000000000000231
2018-06-07,0.023400000000000087,0.007600000000000051,-0.0018912313485666132,-0.0016531039804768,-0.008999999999999897
2018-06-08,-0.0027000000000003688,-0.034600000000000186,0.0013133004811261006,-0.013506816165262947,-0.01100000000000012
2018-06-11,-0.0023999999999997357,0.010200000000000209,0.0009526264316819244,9.680409323564731e-05,0.0040000000000000036
2018-06-12,0.027000000000000135,0.03279999999999994,0.0008893396849380952,0.012088496316527753,0.013000000000000345
2018-06-13,-0.006200000000000205,-0.020300000000000207,0.0005456940974382096,-0.009880000269046008,0.010999999999999677
2018-06-14,-0.008300000000000196,-0.03799999999999981,-0.003028460454795434,-0.003960382046997779,0.009000000000000341
2018-06-15,-0.010799999999999699,-0.02159999999999984,0.005363782467088463,-0.005296207802437891,0.0009999999999998899
2018-06-19,-0.021700000000000053,-0.03730000000000011,-0.0011047060038515966,-0.03588866968864046,-0.0009999999999998899
2018-06-20,0.06570000000000009,0.04449999999999976,0.005449435551932336,0.003948707988639555,0.0129999999999999
2018-06-21,0.011800000000000033,-0.03479999999999972,0.0018562638749057836,-0.01175337238257157,0.0030000000000001137
2018-06-22,0.010499999999999954,-0.019300000000000317,0.001513396937760536,0.004426524475494631,-0.006000000000000227
2018-06-25,-0.024900000000000144,0.0264000000000002,0.0013724298013024772,-0.013509570140914917,0.007000000000000117
2018-06-26,0.026800000000000157,0.0015999999999998238,0.00441291375994135,-0.008282112309728973,0.004999999999999893
2018-06-27,0.005199999999999871,-0.028899999999999704,0.005950349872891225,-0.020557308516140793,0.0030000000000001137
2018-06-28,-0.05810000000000004,-0.024399999999999977,0.0059454744090914335,-0.010384432360433848,0.007000000000000117
2018-06-29,-0.0838000000000001,-0.04249999999999998,0.0031182381502277146,0.02522561441104365,0.020999999999999908
2018-07-02,-0.0349999999999997,0.012499999999999734,-0.00013603077339374714,-0.02978149563495691,-0.0820000000000003
2018-07-03,0.04829999999999979,-0.0038999999999997925,0.005126128794009199,0.00038616779322175887,-0.06099999999999994
2018-07-04,-0.05859999999999976,0.016499999999999737,0.0014726657907526697,-0.013445534255076552,-0.05699999999999994
2018-07-05,-0.032200000000000006,-0.013399999999999856,-0.0062511971595278215,-0.00635516946970327,-0.05699999999999994
2018-07-06,-0.020600000000000396,0.03270000000000017,0.002354433759902852,0.006763975114381537,-0.016999999999999904
2018-07-09,0.031500000000000306,0.014499999999999957,0.0008588929850155136,0.027568210351745392,0.01399999999999979
2018-07-10,0.025900000000000034,-0.00649999999999995,-0.002020324542096663,0.0024057068966722994,0.05500000000000016
2018-07-11,0.0020999999999999908,-0.024900000000000144,-0.0003773784320182383,-0.01745074265810409,0.021999999999999797
2018-07-12,-0.02200000000000024,0.0009000000000001229,0.007400755800490266,0.021348066686149636,0.007000000000000117
2018-07-13,0.0035000000000002807,-0.026200000000000223,1.498654957221568e-05,0.003336459761953847,0.0
2018-07-16,-0.032399999999999984,-0.013599999999999834,0.0004644716718327224,-0.005916589790700755,0.0129999999999999
2018-07-17,-0.013200000000000323,0.0040000000000000036,0.0009432621096301386,-0.006561815276597827,0.0040000000000000036
2018-07-18,0.026499999999999968,-0.0049000000000001265,0.0013908104085131878,-0.0052479083337750865,-0.0009999999999998899
2018-07-19,0.013900000000000023,-0.0354000000000001,0.0022689963459077145,-0.0008687595920040536,-0.019000000000000128
2018-07-20,-0.009299999999999642,0.07220000000000004,0.008980518581893415,0.018653507624932786,-0.008000000000000007
2018-07-23,0.007199999999999651,0.0005999999999999339,-0.0011533003407508957,0.009362702980466153,-0.016999999999999904
2018-07-24,0.000300000000000189,0.050200000000000244,0.004399050523540948,0.01574587478062739,-0.0030000000000001137
2018-07-25,-0.03400000000000025,-0.016199999999999992,0.002192289612761744,-0.0011044133388491417,0.01200000000000001
2018-07-26,-0.013599999999999834,-0.010499999999999954,-0.005571045049455492,-0.011669126743321101,-0.006999999999999673
2018-07-27,-0.08689999999999998,-0.008599999999999941,0.00412967756013205,-0.004256119360411148,-0.006000000000000227
2018-07-30,-0.025100000000000122,-0.005300000000000082,0.0027779224613322384,-0.0017473661043378996,-0.0030000000000001137
2018-07-31,0.06059999999999999,-0.03180000000000005,0.0004989141384230678,0.0007329722151094842,-0.0029999999999996696
2018-08-01,-0.12199999999999989,-0.030200000000000227,0.001876035667259135,-0.020178185264418502,-0.026000000000000245
2018-08-02,-0.04300000000000015,0.01849999999999996,-0.005152872267014441,-0.022419953564654094,-0.03799999999999981
2018-08-03,-0.020199999999999996,-0.027799999999999603,0.005577423018185312,-0.01665368630174946,-0.05900000000000016
2018-08-06,-0.07019999999999982,0.0007999999999999119,0.0027916852274143533,-0.012752920340904694,-0.05600000000000005
2018-08-07,-0.1442000000000001,0.03359999999999985,-0.0011975699526840522,0.028786887488765345,-0.08299999999999974
2018-08-08,0.033199999999999896,0.04150000000000009,-0.001725853116615994,-0.016268182662861008,-0.040999999999999925
2018-08-09,0.08800000000000008,0.02320000000000011,5.8552294534885974e-05,0.0247395926784737,0.10499999999999998
2018-08-10,0.054400000000000226,0.0017999999999998018,0.0011410850322355337,0.0022019108237305574,-0.02400000000000002
2018-08-13,0.14619999999999989,0.03180000000000005,0.0034154633856120498,-0.004319128317774812,0.06499999999999995
2018-08-14,-0.0697000000000001,-0.01969999999999983,0.0009612304488917367,-0.005154450445882475,0.09799999999999986
2018-08-15,-0.016799999999999926,0.02149999999999963,0.002340950971261746,-0.024288977832753744,0.02300000000000013
2018-08-16,0.041300000000000114,0.031400000000000095,0.0013062221563784338,-0.00464275093493427,0.02499999999999991
2018-08-17,-0.0039000000000002366,0.03210000000000024,-0.0007544980044518201,-0.014480820124351368,0.0129999999999999
2018-08-20,0.07800000000000029,-0.0031000000000003247,-0.0025579178554655524,0.01158416995345668,0.02400000000000002
2018-08-21,0.010999999999999677,0.0039000000000002366,-0.00522331539624421,0.018016869678191938,0.007000000000000117
2018-08-22,-0.01739999999999986,-0.0405000000000002,-0.0013027792021986784,-0.005635438427251671,-0.019000000000000128
2018-08-23,-0.0034000000000000696,-0.010099999999999998,0.001405173023552475,0.0036425013299030695,-0.0129999999999999
2018-08-24,-0.07669999999999977,0.020700000000000163,0.0050044969742406575,0.0015978068336170992,-0.03699999999999992
2018-08-27,0.020399999999999974,0.009500000000000064,-0.0029442222728621736,0.024136616700973335,0.029999999999999805
2018-08-28,0.013700000000000045,-0.019099999999999895,-0.006678407950231113,-0.0018813699732636024,0.004999999999999893
2018-08-29,-0.020000000000000018,-0.000800000000000356,0.00029384972736501425,-0.004006904633943265,-0.0009999999999998899
2018-08-30,0.008799999999999919,-0.030199999999999783,0.0006021221314931324,-0.01053175341797008,-0.005999999999999783
2018-08-31,-0.018000000000000238,-0.00749999999999984,0.0019507336101922679,-0.004963096659931665,-0.007000000000000117
2018-09-03,0.001100000000000101,0.022999999999999687,0.0014788461840231637,-0.003809552225103374,-0.01200000000000001
2018-09-04,0.0015000000000000568,0.01429999999999998,-0.0024024035578662506,0.012586269027629271,-0.020999999999999908
2018-09-05,0.008100000000000218,0.0024999999999999467,0.00121657190946034,-0.019741502466816385,-0.04800000000000004
2018-09-06,0.00649999999999995,-0.0022999999999999687,-0.0007180381747950992,-0.010748550903441512,0.08099999999999996
2018-09-07,-0.006800000000000139,0.01980000000000004,-7.329819909607238e-05,0.004514324453854357,0.040000000000000036
2018-09-10,0.0013000000000000789,0.02010000000000023,0.002591490531670848,-0.014621589994254336,0.005999999999999783
2018-09-11,0.0017000000000000348,0.020099999999999785,0.0014465544578459166,-0.0018147653586506607,0.007000000000000117
2018-09-12,0.019899999999999807,-0.0049000000000001265,0.0008465052974213627,-0.0069050955411853465,-0.01100000000000012
2018-09-13,-0.016199999999999992,-0.015399999999999636,-0.0008465052974213627,0.0107295932847844,-0.01200000000000001
2018-09-14,0.015500000000000291,-0.014699999999999935,-0.0018414327454028268,0.001705292269754466,-0.017999999999999794
2018-09-17,-0.006800000000000139,9.999999999976694e-05,0.002148008804213841,-0.011530367347315718,-0.006000000000000227
2018-09-18,0.007000000000000117,0.010000000000000231,0.0006566323751397984,0.019928361018324736,0.04600000000000026
2018-09-19,0.023800000000000043,0.027799999999999603,0.00021878167863631504,0.013081608972486336,-0.016999999999999904
2018-09-20,0.11199999999999966,0.017600000000000282,-0.0005689319550394867,-0.0007116531927824354,-0.009000000000000341
2018-09-21,-0.0015999999999998238,-0.020700000000000163,-0.002527633626379311,0.029868491139865228,-0.004999999999999893
2018-09-25,0.025500000000000078,0.006200000000000205,0.0012134770526399663,-0.009036877438513002,0.038000000000000256
2018-09-26,-0.0235000000000003,-0.015600000000000058,0.0019122558030992831,0.011015779730179531,0.018999999999999684
2018-09-27,-0.0014999999999996128,-0.03000000000000025,0.0010348874572627675,-0.004002772455734771,0.01100000000000012
2018-09-28,-0.021600000000000286,-0.009799999999999809,0.0021828668242405147,0.010310630317833969,0.008000000000000007
2018-10-08,-0.016900000000000137,-0.005199999999999871,0.002395662820259936,-0.04398072704604594,-0.07299999999999995
2018-10-09,-0.024299999999999766,-0.000800000000000356,0.0008987070819996834,-0.0006712273209341646,-0.02400000000000002
2018-10-10,0.006299999999999972,0.000800000000000356,0.0007676098022666444,-0.0021590537046343172,-0.015000000000000124
2018-10-11,-0.07069999999999999,-0.03730000000000011,0.0003763479815717119,-0.049179746951176995,-0.006999999999999673
2018-10-12,0.00990000000000002,0.005199999999999871,0.0003183377011066746,0.014809955846793343,0.0040000000000000036
2018-10-15,-0.009599999999999831,0.007500000000000284,0.000491777205913424,-0.014061959490625497,-0.0030000000000001137
2018-10-16,0.015599999999999614,-0.010500000000000398,-0.0005062449031623117,-0.008182496140900497,-0.008999999999999897
2018-10-17,-0.026799999999999713,0.000800000000000356,-0.0002315116272586515,0.005554569264837994,0.0009999999999998899
2018-10-18,0.012799999999999923,-0.029400000000000315,0.0024859455777497264,-0.023969616522506954,0.007000000000000117
2018-10-19,0.03160000000000007,0.00890000000000013,0.0016154393324296912,0.029310645626264176,0.010999999999999677
2018-10-22,0.035600000000000076,0.037799999999999834,-0.002178571517319483,0.04226173925612464,0.010000000000000231
2018-10-23,-0.006099999999999994,-0.026699999999999946,0.0014721378963022946,-0.026915647709495616,0.0029999999999996696
2018-10-24,-0.021800000000000264,-0.030899999999999928,0.00027398248125543034,0.001499177688758735,-0.0040000000000000036
2018-10-25,-0.0043999999999999595,-9.999999999976694e-05,0.0007494631600537538,0.0019135423750196168,-0.0009999999999998899
2018-10-26,-0.016199999999999992,0.0010999999999996568,0.0014540850106306014,-0.00649298253199504,-0.01200000000000001
2018-10-29,-0.022199999999999775,-0.029899999999999594,-0.001915226632509981,-0.030958629551459893,-0.008999999999999897
2018-10-30,0.0027999999999996916,0.0002999999999997449,0.0028355338499777005,0.010787495650463441,-0.01100000000000012
2018-10-31,-0.04420000000000002,0.0034999999999998366,0.0010343342396077482,0.013909009841425402,0.11699999999999999
2018-11-01,-0.035199999999999676,-0.019799999999999596,0.0003445404725574974,0.007332499615765542,-0.041999999999999815
2018-11-02,0.00039999999999995595,0.05679999999999996,-0.004300896295353018,0.03501418785576682,-0.02400000000000002
2018-11-05,-0.027900000000000258,-0.022299999999999986,-0.005710294741895661,-0.00836570203622422,-0.01100000000000012
2018-11-06,-0.02499999999999991,-0.018600000000000172,0.0014342528047015524,-0.006051276956503315,-0.02499999999999991
2018-11-07,-0.012500000000000178,-0.02959999999999985,-0.00014478065755740843,-0.006570820620158457,-0.017999999999999794
2018-11-08,-0.03149999999999986,-0.00890000000000013,0.0014179473973392476,-0.002839737405508913,0.004999999999999893
2018-11-09,-0.048799999999999955,0.009300000000000086,0.0023972515307395525,-0.014209628394484142,-0.0009999999999998899
2018-11-12,-0.027499999999999858,0.0036999999999998145,0.0021180801117643977,0.011830972923803529,0.02499999999999991
2018-11-13,-0.02210000000000001,-0.018599999999999728,0.0021997780338238737,0.010009081587377011,0.008999999999999897
2018-11-14,-0.0754999999999999,-0.04390000000000027,-0.003265461684270665,-0.010070859254751596,-0.0009999999999998899
2018-11-15,-0.001000000000000334,-0.01529999999999987,-0.00014409844830898244,0.011610794610305675,-0.0030000000000001137
2018-11-16,-0.03849999999999998,-0.04610000000000003,-0.00021618661312583498,0.004708283794281343,0.0
2018-11-19,-0.0013999999999998458,0.012500000000000178,-0.001904460185203627,0.011272415161682758,0.01399999999999979
2018-11-20,0.014800000000000146,0.0025999999999997137,0.0005053239594987602,-0.023399002391474966,0.02200000000000024
2018-11-21,0.02289999999999992,-0.00550000000000006,0.002436405994416413,0.0025087138644632745,-0.008999999999999897
2018-11-22,-0.04560000000000031,0.02059999999999995,-0.000835494142522375,-0.0037462088631148305,-0.014000000000000234
2018-11-23,0.02400000000000002,0.0049000000000001265,-0.0012256935714753947,-0.022320268559338885,-0.01399999999999979
2018-11-26,0.007700000000000262,0.006400000000000183,0.00211878227708695,-0.0007102307154411847,0.016000000000000014
2018-11-27,-0.013200000000000323,0.01059999999999972,0.00014397189693471368,-0.0012748619239424386,-0.001000000000000334
2018-11-28,-0.013499999999999623,-0.019600000000000062,0.000532515862126548,0.013201633193069995,0.007000000000000117
2018-11-29,-0.0045999999999999375,-0.025399999999999867,-0.002117347913530798,-0.013070029407606043,0.0
2018-11-30,-0.013200000000000323,0.00010000000000021103,5.767428449443557e-05,0.011104357829434974,0.019000000000000128
2018-12-03,0.0129999999999999,-0.009800000000000253,0.0010663747155728043,0.027438816811427458,-0.051000000000000156
2018-12-04,-0.023399999999999643,-0.039899999999999824,-0.007111398040753336,0.0020706554563112434,0.0030000000000001137
2018-12-05,0.0011999999999998678,-0.04249999999999998,-0.006738736703997716,-0.004817828310363481,-0.040000000000000036
2018-12-06,0.008099999999999774,-0.0022999999999999687,0.001794638453583186,-0.021864293368777155,0.019000000000000128
2018-12-07,-0.026599999999999735,0.015099999999999891,0.0009470870498036188,-3.4070706400157746e-05,0.01100000000000012
2018-12-10,0.03929999999999989,-0.024700000000000166,0.0004222573357148818,-0.011634526971084469,0.0040000000000000036
2018-12-11,0.0045999999999999375,0.00039999999999995595,0.0044012301507487805,0.0047751733594711965,0.008999999999999897
2018-12-12,-0.03279999999999994,0.0047000000000001485,0.0009850790308389978,0.003410011321186346,0.0019999999999997797
2018-12-13,0.020199999999999996,0.04070000000000018,-0.004280548931572481,0.01536208096114855,0.010000000000000231
2018-12-14,-0.0026999999999999247,0.040200000000000014,-0.00027632545496825145,-0.01684500874701378,0.04699999999999971
2018-12-17,0.0017000000000000348,-0.00010000000000021103,0.002295545037442004,-0.0014901914887364143,0.014000000000000234
2018-12-18,0.05589999999999984,0.020399999999999974,-0.0007839607840431917,-0.010420464313941835,-0.0030000000000001137
2018-12-19,0.08190000000000008,-0.02959999999999985,0.00021782854075658165,-0.011994898420471856,-0.0040000000000000036
2018-12-20,0.07069999999999999,-0.036599999999999966,0.0009723885966297363,-0.007699457301328039,-0.01399999999999979
2018-12-21,0.011099999999999888,0.016900000000000137,-0.001611486908794868,-0.012472844143958994,-0.027000000000000135
2018-12-24,-0.0047999999999999154,0.012599999999999945,0.0026264063098284662,0.002901646793473489,0.009999999999999787
2018-12-25,0.016599999999999948,-0.02220000000000022,-0.0012615553603556595,-0.006908348989398405,-0.005999999999999783
2018-12-26,-0.023600000000000065,-0.0009999999999998899,-0.001074301081808171,-0.005066634541426751,0.019000000000000128
2018-12-27,0.00010000000000021103,-0.02939999999999987,0.0007114906027643197,-0.0038471223536813426,0.022999999999999687
2018-12-28,-0.03750000000000009,-0.04010000000000025,-0.0038101932284357876,0.006714694509390995,0.026000000000000245
2019-01-02,-0.07779999999999987,-0.03839999999999977,-0.002187961256176152,-0.013751722119554444,-0.08700000000000019
2019-01-03,-0.05160000000000009,-0.05250000000000021,0.002173390687268295,-0.0015816995321005223,-0.08699999999999974
2019-01-04,-0.024399999999999977,-0.020099999999999785,-0.0006558954300599495,0.02367561324113776,0.016000000000000014
2019-01-07,-0.05589999999999984,0.019299999999999873,-0.0010065426114014286,0.006052026385114928,-0.08800000000000008
2019-01-08,-0.07920000000000016,-0.0394000000000001,-0.0016798256931818134,-0.0021630598306181525,-0.1030000000000002
2019-01-09,0.0032000000000000917,-0.0004999999999997229,0.001811171329411998,0.010046280660777285,0.1030000000000002
2019-01-10,0.006399999999999739,0.010199999999999765,-0.005355352775464839,-0.0018824090236009283,0.1120000000000001
2019-01-11,0.052300000000000235,-0.010600000000000165,-0.003689308875595154,0.007164011767438083,-0.03200000000000003
2019-01-14,0.007099999999999884,0.010600000000000165,-0.005152481705865686,-0.00876059975592014,0.07399999999999984
2019-01-15,0.03000000000000025,0.026499999999999968,-0.00026646533887753066,0.019435113786144598,0.02300000000000013
2019-01-16,0.0031999999999996476,-0.061900000000000066,0.0010802253246013915,0.0002113913475927376,-0.01200000000000001
2019-01-17,-0.035800000000000054,-0.012599999999999945,-0.0003402190747796574,-0.005523959817315571,-0.028999999999999915
2019-01-18,0.0013000000000000789,0.029199999999999893,0.001079426677925266,0.018077179967475487,0.006999999999999673
2019-01-21,0.004100000000000215,0.012199999999999989,0.0016095810443470526,0.005496715558999554,-0.02400000000000002
2019-01-22,0.017599999999999838,0.000600000000000378,0.001179697544429148,-0.013373437086512396,-0.016000000000000014
2019-01-23,-0.038899999999999935,0.021099999999999675,0.001693380759967944,-0.0007204859006915143,0.006000000000000227
2019-01-24,0.0036000000000000476,-0.011699999999999822,-0.0024600258408622455,0.005628257591069996,0.03200000000000003
2019-01-25,-0.0049000000000001265,0.013700000000000045,0.00204798845735632,0.008099329258854482,0.009999999999999787
2019-01-28,0.006600000000000161,0.01949999999999985,-0.006926984489503019,-0.00021729683855831183,0.03400000000000025
2019-01-29,-0.007400000000000073,-0.025599999999999845,-0.0017207112561414828,0.003196146814005374,0.10599999999999987
2019-01-30,-0.018200000000000216,-0.0045999999999999375,-0.00019302296290768517,-0.008011701628188206,-0.0009999999999998899
2019-01-31,0.02300000000000013,-0.011100000000000332,-0.004733278663132001,0.010408130483220646,-0.009000000000000341
2019-02-01,-0.044299999999999784,-0.010199999999999765,0.0008351602949154824,0.01419275977376877,-0.03399999999999981
2019-02-11,-0.02100000000000035,-0.03739999999999988,0.006152676643851995,0.018028127998166,-0.1259999999999999
2019-02-12,-0.03669999999999973,-0.0039000000000002366,0.0039923164071888895,0.007191078467542411,-0.08300000000000018
2019-02-13,0.015899999999999803,0.010299999999999976,-0.0013290019676142073,0.019827824347379064,-0.1509999999999998
2019-02-14,0.005600000000000271,0.021800000000000264,0.0010190594520895768,0.0015039196086465978,-0.03200000000000003
2019-02-15,-0.015900000000000247,-0.009800000000000253,-0.0017877330845215145,-0.01882181617219203,0.020999999999999908
2019-02-18,-0.013599999999999834,0.00790000000000024,0.000532221594148119,0.031557161087942376,0.04400000000000004
2019-02-19,0.02090000000000014,0.029499999999999638,-0.0002512915660559667,-0.0017826252282713284,0.0030000000000001137
2019-02-20,-0.0009000000000001229,-0.006399999999999739,-0.0012426037101840315,0.0035752594869062904,-0.02100000000000035
2019-02-21,0.005999999999999783,0.012900000000000134,-0.005015665888881582,-0.002675038869460522,0.02200000000000024
2019-02-22,0.016000000000000014,0.008000000000000007,-0.0010270074058356116,0.022236894716652245,0.20100000000000007
2019-02-25,0.01130000000000031,0.04129999999999967,-0.0002978805818782959,0.057775076372603706,0.05799999999999983
2019-02-26,0.024299999999999766,0.030100000000000016,-0.0026699895786728156,-0.012082297816139231,0.08700000000000019
2019-02-27,-0.005900000000000016,-0.04170000000000007,-0.0014199346226591025,-0.0017116197965716395,0.004999999999999893
2019-02-28,0.029600000000000293,-0.0032999999999998586,0.000657904597662462,-0.0024556603881613626,-0.09200000000000008
2019-03-01,0.018299999999999983,0.020000000000000018,0.0008367076045816546,0.021659583449890718,-0.1469999999999998
2019-03-04,0.02279999999999971,0.017599999999999838,0.001373073063208885,0.01176863242651649,-0.13100000000000023
2019-03-05,-0.0013999999999998458,0.001100000000000101,-0.000760927174211723,0.005757929859736777,0.19399999999999995
2019-03-06,-0.01429999999999998,0.0049000000000001265,0.0008205832569128102,0.00837078656453194,-0.08599999999999985
2019-03-07,0.011699999999999822,-0.03630000000000022,0.0008497127140800753,-0.010249771721790424,0.028999999999999915
2019-03-08,-0.008299999999999752,-0.030999999999999694,0.0018608811056852748,-0.040525774410239634,-0.129
2019-03-11,0.0017000000000000348,-0.0018000000000002458,-0.0004909362848442012,0.019594608867823382,0.007000000000000117
2019-03-12,0.0047999999999999154,0.002200000000000202,-0.0011017644232207413,0.006785933871842786,0.20599999999999996
2019-03-13,0.013500000000000068,0.0,-0.00020857853802458415,-0.008331516440307496,-0.1080000000000001
2019-03-14,-0.00010000000000021103,0.0,-0.0015657273018148121,-0.00692698678734871,0.10499999999999998
2019-03-15,-0.020000000000000018,0.005999999999999783,0.002355116757540854,0.012499459437709248,0.13000000000000034
2019-03-18,0.012599999999999945,-0.015800000000000036,-0.0011768650570629369,0.0281040931910983,-0.019000000000000128
2019-03-19,-0.012699999999999712,0.002200000000000202,-0.00038762579687734444,-0.004628155522247823,0.020000000000000018
2019-03-20,0.015599999999999614,0.008799999999999919,0.0005813823647133898,0.00038519299431349907,-0.018000000000000238
2019-03-21,-0.02159999999999984,-0.0129999999999999,-0.003747643448290816,0.0003783986945613549,-0.02699999999999969
2019-03-22,-0.010199999999999765,-0.017300000000000093,0.001405145454451029,-0.0008056639284816924,-0.020000000000000018
2019-03-25,0.0400999999999998,-0.024900000000000144,0.0022977882717032383,-0.024016090186844252,0.0040000000000000036
2019-03-26,-0.01440000000000019,-0.030100000000000016,-0.0008349486097110059,-0.011389320111184986,0.03600000000000003
2019-03-27,-0.028899999999999704,0.0347000000000004,0.0014755970273943042,0.011539623075062622,0.09299999999999997
2019-03-28,-0.005199999999999871,-0.029600000000000293,0.0018154226586546418,-0.0040131036783392915,-0.09200000000000008
2019-03-29,-0.006500000000000394,0.0,0.0010698525515608903,0.03788135875700327,-0.007000000000000117
2019-04-01,-0.0017999999999998018,0.06990000000000007,-0.0021110854652919286,0.02589574083330426,-0.11899999999999977
2019-04-02,0.044399999999999995,0.039699999999999847,-0.0004763535228591298,-0.0006652559298139238,-0.12600000000000033
2019-04-03,0.07869999999999999,0.0698000000000003,0.0004912359147575263,0.01272845617508267,-0.09599999999999964
2019-04-04,-0.11859999999999982,0.030199999999999783,-0.0020707796657080113,0.009914079016601463,0.06099999999999994
2019-04-08,0.04569999999999963,-0.01969999999999983,0.0021749502078609595,-0.0012321757705429093,0.06499999999999995
2019-04-09,0.010099999999999998,0.029999999999999805,-0.0008783487609058671,0.004476157444159412,-0.014000000000000234
2019-04-10,0.011100000000000332,0.02010000000000023,-0.0004767154397107287,0.00255276362492296,0.18500000000000005
2019-04-11,-0.058699999999999974,-0.019700000000000273,-0.00032787374174114703,-0.021840423059991565,0.0030000000000001137
2019-04-12,0.0383,0.030899999999999928,0.0019656318685528085,-0.00224412356811321,0.01200000000000001
2019-04-15,0.0804999999999998,0.04930000000000012,-0.0016079567529660999,-0.0032878401990039663,0.10299999999999976
2019-04-16,0.014499999999999957,0.03880000000000017,-0.0002235319548236081,0.0273582158583352,0.015000000000000124
2019-04-17,0.05889999999999995,-0.01869999999999994,0.00019373058097804652,0.0003549969131366737,0.0009999999999998899
2019-04-18,0.16159999999999997,-0.020199999999999996,-0.002969686037993746,-0.0037171054860962727,-0.03799999999999981
2019-04-19,-0.09809999999999963,0.0028999999999999027,0.001970826443790097,0.011847905533947767,-0.05799999999999983
2019-04-22,0.01629999999999976,0.03699999999999992,-0.00011933352241966233,-0.023324001001475025,-0.038000000000000256
2019-04-23,0.008300000000000196,0.0009999999999998899,0.0007008806031150172,-0.0016422415489714126,0.04600000000000026
2019-04-24,-0.011400000000000077,0.03880000000000017,0.0018318978664719765,0.002753951439736113,0.06399999999999961
2019-04-25,0.0013999999999998458,-0.0242,0.0015165936057821572,-0.022146854814602435,0.02100000000000035
2019-04-26,-0.033500000000000085,-0.010200000000000209,0.0,-0.013418817311819708,-0.050000000000000266
2019-04-29,0.04590000000000005,0.015300000000000313,4.457089372800205e-05,0.0028394513399163657,-0.04400000000000004
2019-04-30,-0.0009000000000001229,-0.039300000000000335,-0.0003566227860316573,0.0032960997404281045,-0.008000000000000007
2019-05-06,-0.04079999999999995,-0.03979999999999961,0.0008616207916245511,-0.06019173350698637,-0.15449999999999964
2019-05-07,0.024100000000000232,0.010099999999999998,0.004001250170052595,0.009736798475485031,-0.1795
2019-05-08,-0.0040000000000000036,-0.009700000000000042,-0.0002662524976901892,-0.014404714138740005,-0.06300000000000017
2019-05-09,-0.028500000000000192,-0.015000000000000124,0.0010202498278917282,-0.01864807898920695,0.2869999999999999
2019-05-10,0.00990000000000002,-0.01429999999999998,0.003643689907197878,0.03567868185748324,-0.004999999999999893
2019-05-13,0.0394000000000001,-0.0405000000000002,0.0006182562427368143,-0.01668489174577026,0.01100000000000012
2019-05-14,-0.021399999999999864,0.007100000000000328,0.006029992082641433,-0.006446727369720406,0.07099999999999973
2019-05-15,0.0013999999999998458,-0.006800000000000139,0.004145567704451514,0.022230786238790046,-0.008999999999999897
2019-05-16,-0.011200000000000099,-0.009700000000000042,0.0005679460167082873,0.0045164242190089965,-0.03399999999999981
2019-05-17,0.007300000000000306,-0.00019999999999997797,0.0024864241037294565,-0.025757179130048158,-0.018000000000000238
2019-05-20,-0.01650000000000018,0.005300000000000082,0.0018716408432200016,-0.008523624947159192,0.08899999999999997
2019-05-21,0.010800000000000143,0.024499999999999744,2.8990128863037867e-05,0.013448850852359584,0.020999999999999908
2019-05-22,0.0007999999999999119,0.02760000000000007,2.8989288460179452e-05,-0.004755675866672249,-0.008999999999999897
2019-05-23,0.013100000000000112,-0.019200000000000106,2.898844810528267e-05,-0.018087562712919336,-0.041999999999999815
2019-05-24,-0.00019999999999997797,0.0028000000000001357,-1.4494119011443374e-05,0.002772213648318811,-0.05600000000000005
2019-05-27,0.03489999999999993,0.048799999999999955,-0.0010006018947181783,0.011971526072604988,0.11899999999999977
2019-05-28,0.039899999999999824,-0.04139999999999988,0.0007106753890560036,0.009594054955071485,0.1120000000000001
2019-05-29,-0.05109999999999992,-0.026699999999999946,0.0002174527592451181,-0.0022768022488381945,-0.03799999999999981
2019-05-30,-0.005900000000000016,-0.013100000000000112,2.8990128863037867e-05,-0.006221899020527388,-0.1200000000000001
2019-05-31,-0.014200000000000212,-0.0051000000000001044,2.8989288460179452e-05,-0.0031341087233887066,-0.015000000000000124
2019-06-03,0.007500000000000284,-0.026499999999999968,-0.0013924346645248775,0.0006123549139669393,-0.09699999999999998
2019-06-04,-0.020300000000000207,-0.03279999999999994,-0.0010746599155062597,-0.009279147151451284,-0.15399999999999991
2019-06-05,-0.008699999999999708,-0.00019999999999997797,0.0011762571695650426,-0.0003784549975858198,0.07299999999999995
2019-06-06,-0.005800000000000249,-0.005300000000000082,0.0006093668576929723,-0.009055684179699597,0.10000000000000009
2019-06-10,0.0032000000000000917,0.015100000000000335,-0.0002901283838439017,0.012840035717267995,0.03200000000000003
2019-06-11,0.009199999999999875,0.040200000000000014,7.253998769995995e-05,0.029615291983045466,-0.015000000000000124
2019-06-12,0.005900000000000016,-0.000500000000000167,2.9014521770287516e-05,-0.0076056471559979855,-0.02499999999999991
2019-06-13,0.012399999999999967,-0.011699999999999822,2.901367995211679e-05,-0.0015461017120568243,0.019000000000000128
2019-06-14,0.047900000000000276,-0.017900000000000027,4.351894162613057e-05,-0.008314016367748422,-0.018000000000000238
2019-06-17,-0.015800000000000036,-0.0046000000000003816,4.35170478103597e-05,-1.5075848413204085e-05,-0.07399999999999984
2019-06-18,0.0013000000000000789,0.017300000000000093,2.90103131683761e-05,0.0034943836351324364,-0.09200000000000008
2019-06-19,-0.000600000000000378,-0.00019999999999997797,-0.000710995060241304,0.013088621764941522,-0.0129999999999999
2019-06-20,-0.05169999999999986,-0.010699999999999932,-0.0012781596244013649,0.029846698383138914,0.06199999999999983
2019-06-21,-0.03200000000000003,0.0045999999999999375,-0.004851514137936386,0.0014146901410025947,-0.03200000000000003
2019-06-24,0.017400000000000304,0.009300000000000086,0.000452637350308871,0.0019094220910247373,-0.08999999999999986
2019-06-25,0.005999999999999783,-0.010699999999999932,0.0011234071051566819,-0.010456282178658682,0.14000000000000012
2019-06-26,-0.009799999999999809,0.009999999999999787,0.001762808128348059,-0.0018375808302515395,-0.04900000000000038
2019-06-27,0.005999999999999783,0.010200000000000209,0.0011201711978052753,0.010613656728416743,0.19300000000000006
2019-06-28,-0.012399999999999967,-0.02499999999999991,-0.0004508271299767941,-0.0024097694753582033,-0.005999999999999783
2019-07-01,-0.000700000000000145,-0.010400000000000187,-0.00045103046675154523,0.02840511421502434,-0.28500000000000014
2019-07-02,-0.015699999999999825,-0.048900000000000166,-0.0029585604802617738,0.0003448503343719267,-0.2869999999999999
2019-07-03,-0.038899999999999935,-0.019899999999999807,0.0018519468957693963,-0.011144708341841891,0.11299999999999999
2019-07-04,-0.018299999999999983,-0.0005999999999999339,0.0009465216040307478,-0.005261543643037214,-0.006000000000000227
2019-07-05,0.03189999999999982,0.014899999999999913,-0.00011644663118492993,0.005176373175039828,0.13200000000000012
2019-07-08,0.031299999999999883,0.014899999999999913,0.002674847863860519,-0.02349715474676195,0.17799999999999994
2019-07-09,-0.0041999999999999815,-0.00990000000000002,-0.0004065808062747589,-0.0025434722774289042,0.09100000000000019
2019-07-10,-0.011499999999999844,0.00039999999999995595,4.357013703493173e-05,-0.001686230135955924,0.0030000000000001137
2019-07-11,-0.01849999999999996,-0.009199999999999875,-0.0026030131106062893,-0.0004009529950863566,-0.04600000000000026
2019-07-12,0.016000000000000014,-0.0038999999999997925,-0.00021843758960882198,0.0061918154874689435,0.06200000000000028
2019-07-15,0.008599999999999941,0.01849999999999996,0.00021843758960882198,0.004050015814405228,0.10999999999999988
2019-07-16,-0.002200000000000202,0.0017000000000000348,0.00048039480641759447,-0.0045453690322236895,0.05500000000000016
2019-07-17,0.027300000000000324,-0.001100000000000101,0.0017013607716125367,-0.0005797818834611945,0.009999999999999787
2019-07-18,-0.00550000000000006,-0.013199999999999878,-0.0009593860665513265,-0.00956994156122093,0.014000000000000234
2019-07-19,-0.0045000000000001705,-0.0027000000000003688,-0.0018341150444227683,0.010441313508207983,0.004999999999999893
2019-07-22,0.000300000000000189,-0.008199999999999985,0.00180502836611951,-0.00692312436904885,-0.06099999999999994
2019-07-23,-0.014000000000000234,-0.0047999999999999154,0.0008577015579196434,0.002173994090714615,-0.058000000000000274
2019-07-24,0.009500000000000064,0.018299999999999983,0.0006101192827154822,0.007863377874700817,-0.07299999999999995
2019-07-25,0.00019999999999997797,-0.00019999999999997797,-0.0017878301527278762,0.008143549436107733,0.08099999999999996
2019-07-26,-0.008799999999999919,-0.0024999999999999467,0.000857975956596313,0.001946214594111595,0.004999999999999893
2019-07-29,-0.0017999999999998018,0.022299999999999986,0.0003633272092111728,-0.0011146091169660366,0.010000000000000231
2019-07-30,0.005199999999999871,-0.0045000000000001705,0.000595571003128903,0.0041548424549873175,0.005999999999999783
2019-07-31,-0.0036000000000000476,-0.025099999999999678,-0.0003050042506378414,-0.009073555019792678,0.010000000000000231
2019-08-01,-0.020700000000000163,-0.009700000000000042,0.0014080522579797972,-0.008349365636682649,-0.03500000000000014
2019-08-02,-0.027399999999999647,-0.04530000000000012,0.0008409819684542796,-0.014841270391400485,0.008999999999999897
2019-08-05,-0.015600000000000058,-0.04510000000000014,0.003313537154643109,-0.01933194495940782,-0.02799999999999958
2019-08-06,0.0034000000000000696,0.0032000000000000917,0.006594316521391308,-0.010765806080600626,-0.125
2019-08-07,0.004699999999999704,-0.008199999999999985,0.004481711981084047,-0.004105377176847114,0.0259999999999998
2019-08-08,-0.0015000000000000568,-9.999999999976694e-05,0.0006141322005426275,0.013129912382783715,0.05799999999999983
2019-08-09,-0.030100000000000016,-0.023600000000000065,0.001383984526241111,-0.009794646519203809,0.06600000000000028
2019-08-12,0.03980000000000006,0.011400000000000077,0.0010687796267723204,0.01788629994034885,0.01200000000000001
2019-08-13,0.016799999999999926,-0.03210000000000024,0.0016365800560413923,-0.009057455328846942,0.04699999999999971
2019-08-14,-0.010499999999999954,-0.0043999999999999595,-0.0001990927067541115,0.004531758795673468,-0.008000000000000007
2019-08-15,-0.009999999999999787,0.009199999999999875,-0.0006259781112076812,0.003144923338741279,-0.016999999999999904
2019-08-16,0.02159999999999984,0.010099999999999998,0.0006259781112076812,0.004466997082008817,-0.004999999999999893
2019-08-19,-0.016499999999999737,0.00039999999999995595,0.0007534991861868345,0.02147774877629338,-0.0009999999999998899
2019-08-20,0.016499999999999737,0.010400000000000187,0.0012640341409926314,-0.000887261371863346,-0.008000000000000007
2019-08-21,0.03869999999999996,0.026699999999999946,-0.00029811125448797604,-0.0015785742510701084,-0.01100000000000012
2019-08-22,0.00019999999999997797,0.0026999999999999247,0.0008089524507486345,0.0031017293704476145,-0.01100000000000012
2019-08-23,-0.006799999999999695,-0.00019999999999997797,0.0011626094800349929,0.007185838901975217,0.008999999999999897
2019-08-26,-0.015900000000000247,-0.017199999999999882,-2.834025308029453e-05,-0.01448685802600913,0.018000000000000238
2019-08-27,-0.02059999999999995,0.007600000000000051,0.0033951086509436124,0.013460935543641028,0.017999999999999794
2019-08-28,0.049100000000000144,0.0026999999999999247,0.0003529951676317644,-0.0037696593992944116,-0.004999999999999893
2019-08-29,-0.029600000000000293,-0.02629999999999999,0.00032464553932798346,-0.003265661733957259,-0.011800000000000033
2019-08-30,0.023600000000000065,0.028200000000000003,0.0002963234745150256,0.002476913289928717,-0.005199999999999871
2019-09-02,-0.01949999999999985,0.006699999999999928,5.64326124217196e-05,0.012744445073590072,-0.01200000000000001
2019-09-03,0.02090000000000014,0.0039000000000002366,1.4107655519346451e-05,0.001373889546503193,-0.04300000000000015
2019-09-04,-0.010200000000000209,-0.008399999999999963,-8.464891866055702e-05,0.008370132751240433,-0.005999999999999783
2019-09-05,-0.0017999999999998018,-0.037000000000000366,-0.00036689480408735875,0.010067981086095301,0.03200000000000003
2019-09-06,-0.00890000000000013,-0.006899999999999906,4.234088648336076e-05,0.0058890185670641415,0.016000000000000014
2019-09-09,-0.00890000000000013,0.009800000000000253,-5.645491370964706e-05,0.006170829672186073,0.0
2019-09-10,0.029900000000000038,0.022499999999999964,-7.057312437219743e-05,-0.0034500871025233693,-0.02400000000000002
2019-09-11,-0.02400000000000002,0.00509999999999966,-4.234626541843589e-05,-0.007393556573427773,0.016999999999999904
2019-09-12,0.004100000000000215,0.03270000000000017,4.234626541843589e-05,0.010700540715443907,0.004999999999999893
2019-09-16,-0.00990000000000002,0.00749999999999984,-0.002671323044620477,-0.003698446528304089,-0.008000000000000007
2019-09-17,-0.010800000000000143,0.015100000000000335,0.001032626853767038,-0.016944000862451958,-0.0040000000000000036
2019-09-18,0.010499999999999954,0.025099999999999678,-2.827694439533346e-05,0.0048358416876652655,0.016000000000000014
2019-09-19,-0.016799999999999926,-0.022499999999999964,5.655308922758451e-05,0.003650182635551502,0.05500000000000016
2019-09-20,-0.019600000000000062,-0.009700000000000042,-2.827614483225105e-05,0.0028673689149520953,0.021999999999999797
2019-09-23,0.006000000000000227,0.0029000000000003467,5.655149014671679e-05,-0.01149711167857248,0.001000000000000334
2019-09-24,-0.0031000000000003247,0.014699999999999935,-7.068986239633368e-05,0.002673140961189091,-0.05600000000000005
2019-09-25,-0.008799999999999919,-0.0020999999999999908,-7.069485980615298e-05,-0.0077437004624894,-0.10400000000000009
2019-09-26,0.0013000000000000789,0.02059999999999995,7.069485980615298e-05,-0.00773977565473416,0.004999999999999893
2019-09-27,-0.011099999999999888,0.011200000000000099,2.8276544608463183e-05,0.002993220585542744,0.0129999999999999
2019-09-30,-0.024700000000000166,0.008099999999999774,-2.8276544608463183e-05,-0.009945118355293658,0.2530000000000001
2019-10-08,0.03330000000000011,-0.04159999999999986,-4.241631614920749e-05,0.006050795470111225,-0.1549999999999998
2019-10-09,-0.0015000000000000568,-0.009100000000000108,2.8277744003490923e-05,0.0014477698509516301,-0.06100000000000039
2019-10-10,0.011299999999999866,0.028999999999999915,2.827694439533346e-05,0.00813697029908056,-0.031999999999999584
2019-10-11,-0.008799999999999919,0.020300000000000207,-4.24157164431449e-05,0.009526006886581229,-0.039000000000000146
2019-10-14,-0.0047999999999999154,0.00990000000000002,-2.8278143824556068e-05,0.010557244235901209,0.09499999999999975
2019-10-15,-0.02110000000000012,0.00749999999999984,-0.00024039651399432316,-0.004307331483229149,0.03300000000000036
2019-10-16,0.019000000000000128,-0.000700000000000145,0.0005372771489546846,-0.0034519723408763525,0.0019999999999997797
2019-10-17,0.010400000000000187,-0.016000000000000014,0.0006076235747056735,0.0006463379569332517,-0.02300000000000013
2019-10-18,-0.0028000000000001357,0.027000000000000135,-0.0013995012144343288,-0.014329115161144657,0.028000000000000025
2019-10-21,0.005700000000000038,0.033500000000000085,-0.00014147273136710936,0.0029578804354528643,0.0
2019-10-22,0.027499999999999858,0.009399999999999853,-0.00016979370106162683,0.003868241984147147,0.09800000000000031
2019-10-23,0.009100000000000108,-0.007199999999999651,0.0011879509246017772,-0.006385037658146686,-0.09600000000000009
2019-10-24,0.025500000000000078,0.0045999999999999375,-0.00035340934358019105,-0.00010772754489885017,-0.03200000000000003
2019-10-25,-0.007000000000000117,0.015699999999999825,0.00031100681638318584,0.00672667723317133,0.008000000000000007
2019-10-28,0.00649999999999995,0.054300000000000015,0.00018373130055726605,0.007616363848448771,0.0019999999999997797
2019-10-29,0.011900000000000244,0.006299999999999972,-0.0020512247340964684,-0.00417491853800378,-0.0009999999999998899
2019-10-30,0.05959999999999965,0.042300000000000004,-0.0004957542293757555,-0.004871026261858091,0.0129999999999999
2019-10-31,-0.030299999999999994,-0.037900000000000045,-0.0006944690779768781,-0.0011503248886555184,0.002000000000000224
2019-11-01,0.00990000000000002,-0.021999999999999797,-0.0013619921237169041,0.016745929106933843,-0.06899999999999995
2019-11-04,-0.01949999999999985,0.014199999999999768,-0.0007811446295837854,0.006489997294453431,-0.08700000000000019
2019-11-05,-0.027699999999999836,-0.03949999999999987,4.2623626282489724e-05,0.006187565901345948,-0.030999999999999694
2019-11-06,0.04149999999999965,-0.006099999999999994,-0.004342725651792723,-0.0044897136076489375,0.0479999999999996
2019-11-07,-0.023299999999999876,0.008799999999999919,-0.0010279253946059441,0.0017534198998632178,0.04900000000000038
2019-11-08,0.01849999999999996,0.018200000000000216,-0.0009003023051361581,-0.004736850275039117,-0.025000000000000355
2019-11-11,-0.006800000000000139,-0.024700000000000166,-0.0001715780898989827,-0.017784241650545596,-0.01499999999999968
2019-11-12,0.023400000000000087,0.005399999999999849,0.0007861579438785959,0.00018202390158528203,0.09399999999999986
2019-11-13,-0.011299999999999866,-0.010499999999999954,0.0005428028758982517,-0.0009501427242266658,0.0259999999999998
2019-11-14,0.03399999999999981,0.017300000000000093,0.0008136522727968387,0.0015054119066455485,0.007000000000000117
2019-11-15,-0.03180000000000005,-0.017100000000000115,0.00011414384991059734,-0.007392555537116152,0.05500000000000016
2019-11-18,0.009400000000000297,-0.03980000000000006,-0.0007707239477203753,0.007922925839565664,-0.008999999999999897
2019-11-19,-0.0416000000000003,-0.02719999999999967,-9.995216583247313e-05,0.009958136481307278,-0.11699999999999999
2019-11-20,0.010900000000000354,-0.0035000000000002807,0.001255815446031372,-0.009974769470009193,-0.11400000000000032
2019-11-21,-0.017300000000000093,0.0019000000000000128,0.0014109098432035783,-0.004685148367100211,-0.07099999999999973
2019-11-22,0.011800000000000033,0.0038000000000000256,0.001266696724382621,-0.010234012738468579,0.10999999999999988
2019-11-25,0.016699999999999715,0.008000000000000007,0.0012935049386022524,0.0073009037103553,0.06000000000000005
2019-11-26,-0.01599999999999957,-0.01839999999999975,-0.0007531565429450549,0.0034613788316608662,0.0019999999999997797
2019-11-27,0.007599999999999607,-0.001200000000000312,7.10767415876834e-05,-0.004128791417361555,-0.008999999999999897
2019-11-28,-0.010699999999999932,-0.0006999999999997009,-0.0011093728914748358,-0.0034416769784648693,0.008000000000000007
2019-11-29,0.007300000000000306,-0.0052000000000003155,0.00038415298297689304,-0.008745970684524096,0.010000000000000231
2019-12-02,0.010099999999999998,0.03049999999999997,-0.0005122367784171633,0.0019278703281919718,-0.129
2019-12-03,-0.01240000000000041,-0.015199999999999658,-0.0005552194327063109,0.003910012573046018,-0.13500000000000023
2019-12-04,-0.013799999999999812,-0.0051000000000001044,0.0022616559549788473,-0.00032938980479890745,0.08300000000000018
2019-12-05,-0.011400000000000077,0.00019999999999997797,0.0019729891498445618,0.007645036911084091,0.006999999999999673
2019-12-06,0.0041999999999999815,0.01529999999999987,-0.001958781072552318,0.005916810441135567,0.04900000000000038
2019-12-09,0.010600000000000165,-0.0004999999999997229,0.00031252663833658545,-0.001779597647701081,0.023999999999999577
2019-12-10,-0.0405000000000002,-0.009700000000000042,-7.102020527827158e-05,0.0012667028304900185,-0.055999999999999606
2019-12-11,0.028900000000000148,-0.00990000000000002,-0.00021309088406806787,0.0006061411284097318,0.042999999999999705
2019-12-12,-0.036900000000000155,-0.0051000000000001044,-0.0018771603515557178,-0.003008814407024829,-0.06199999999999983
2019-12-13,0.015100000000000335,0.017999999999999794,-0.0013816780324815703,0.01964549517248315,0.04300000000000015
2019-12-16,0.0017000000000000348,0.0026000000000001577,-0.003441115403077344,0.0048581957704865175,0.05749999999999966
2019-12-17,0.02179999999999982,0.022800000000000153,0.0008006520022239005,0.013513933929301558,0.05650000000000022
2019-12-18,-0.014899999999999913,0.0027999999999996916,-2.858367872171641e-05,-0.002233429179337776,-0.0030000000000001137
2019-12-19,-0.001000000000000334,0.0031000000000003247,0.0008000343298559809,-0.0013978035664070632,-0.0259999999999998
2019-12-20,-0.022199999999999775,-0.037900000000000045,-7.140561965268688e-05,-0.002460544549393262,-0.03000000000000025
2019-12-23,-0.03189999999999982,-0.009800000000000253,0.0013843598120599765,-0.012563869739876665,-0.07600000000000007
2019-12-24,-0.03840000000000021,-0.010699999999999932,2.852334636105347e-05,0.006497943361457814,-0.0029999999999996696
2019-12-25,-0.026899999999999924,-0.01200000000000001,-0.0007418715475859816,-0.0005238090753305613,0.09899999999999975
2019-12-26,-0.034800000000000164,-0.02719999999999967,-0.003803590824088765,0.008761796161291358,0.058000000000000274
2019-12-27,-0.07430000000000003,0.015499999999999847,0.0011168386040614209,-0.0009841184379428825,-0.028000000000000025
2019-12-30,-0.02629999999999999,-0.0007999999999999119,-0.0010595344767159176,0.014711048126732962,0.0389999999999997
2019-12-31,0.0017000000000000348,0.0036000000000000476,-0.0006161915260851636,0.003655740460350998,0.11900000000000022
2020-01-02,0.0032000000000000917,0.014599999999999724,-0.0021237523766979294,0.013495148430566317,-0.30400000000000027
2020-01-03,0.0017999999999998018,-0.00019999999999997797,0.0009619872237613958,-0.0017538198106823444,-0.08399999999999963
2020-01-06,-0.0012999999999996348,-0.018599999999999728,0.0005308503055099223,-0.0037875334263066662,-0.13000000000000034
2020-01-07,-0.016599999999999948,0.010399999999999743,-0.0004016986166719416,0.0074629491493958255,0.040000000000000036
2020-01-08,-0.015500000000000291,-0.007099999999999884,-0.0034497662500747595,-0.01158307098517497,0.06099999999999994
2020-01-09,0.0030000000000001137,-0.006699999999999928,0.00067651697111204,0.01257826637832693,0.15000000000000036
2020-01-10,-0.011499999999999844,-0.03410000000000002,-0.0021030199039153707,-0.0002845493220764439,0.016999999999999904
2020-01-13,-0.0246000000000004,-0.006800000000000139,-0.0012697131865841982,0.009753287635289709,0.0349999999999997
2020-01-14,-0.0043999999999999595,0.014499999999999957,-0.004471237471409539,-0.0033600962864070993,0.13200000000000012
2020-01-15,-0.0034999999999998366,-0.00749999999999984,-0.00158201471322017,-0.005540962152657869,0.06300000000000017
2020-01-16,-0.020000000000000018,0.0,-0.0005521169465796394,-0.0042548098601038475,-0.05400000000000027
2020-01-17,0.0017000000000000348,-0.0017000000000000348,0.001031339743520876,0.001399246972273005,-0.022999999999999687
2020-01-20,-0.02740000000000009,-0.031400000000000095,-0.003111779277358062,0.0074280585770925,-0.03299999999999992
2020-01-21,-0.04039999999999999,-0.029799999999999827,-0.0008450499519416788,-0.017234330931582775,-0.006000000000000227
2020-01-22,0.05250000000000021,-0.0037000000000002586,0.0035938027461612787,0.004274100118886182,0.006000000000000227
2020-01-23,0.004699999999999704,-0.03200000000000003,0.00033398921380101143,-0.0314756655850843,-0.058000000000000274
2020-02-03,-0.3094999999999999,-0.16979999999999995,0.005400918106031272,-0.08208789245745152,0.058000000000000274
2020-02-04,0.09109999999999996,0.03180000000000005,0.007624400372173712,0.02603300878587511,-0.19100000000000028
2020-02-05,0.03949999999999987,-0.010800000000000143,0.0006303634827147242,0.011265859028041447,-0.07299999999999995
2020-02-06,-0.06869999999999976,-0.005399999999999849,0.0023174649877499842,0.01843869865018455,0.02300000000000013
2020-02-07,0.023699999999999832,-0.03569999999999984,-0.003105481447924552,2.4154947372068136e-05,-0.06000000000000005
2020-02-10,-0.0714999999999999,-0.0045999999999999375,0.0013607295608910608,0.004129012799459986,-0.016999999999999904
2020-02-11,0.024399999999999977,0.02629999999999999,0.00048654837823014496,0.009267205249654964,-0.06400000000000006
2020-02-12,0.009700000000000042,0.006599999999999717,-0.0025641957967061924,0.008055635264536676,0.06099999999999994
2020-02-13,0.015099999999999891,-0.008099999999999774,0.0009605528935079377,-0.006171373061519603,0.03799999999999981
2020-02-14,-0.0005999999999999339,0.0371999999999999,0.0008307789746464511,0.006999679922882862,-0.09099999999999975
2020-02-17,-0.008999999999999897,0.036900000000000155,-0.0006874919705321947,0.022242241064221346,0.028000000000000025
2020-02-18,-0.019400000000000084,-0.03180000000000005,0.00044405928204760414,-0.00489575885216631,0.03200000000000003
2020-02-19,0.009300000000000086,0.005300000000000082,0.002660222681819757,-0.0015292237492854355,-0.025000000000000355
2020-02-20,-0.025000000000000133,0.02939999999999987,0.0001999457296826268,0.02277935932332653,0.040000000000000036
2020-02-21,0.011400000000000077,-0.040999999999999925,0.002624149370885842,0.0011656897079621586,-0.06299999999999972
2020-02-24,-0.017300000000000093,-0.03970000000000029,0.000512616061803417,-0.0040209757990545825,-0.06899999999999995
2020-02-25,0.024700000000000166,-0.0024999999999999467,-0.00019931946705331605,-0.0021762958698516854,0.02699999999999969
2020-02-26,-0.014399999999999968,-0.009799999999999809,-0.0015104236331693333,-0.012404675201421966,-0.020000000000000018
2020-02-27,0.020299999999999985,-0.03730000000000011,0.0012683394294052963,0.002907787861271771,0.009000000000000341
2020-02-28,-0.07990000000000008,-0.04970000000000008,-0.002124308438527178,-0.03609823939359558,0.18199999999999994
2020-03-02,0.09920000000000018,0.012700000000000156,-0.003646064506572122,0.03236787232915539,-0.2450000000000001
2020-03-03,-0.0033000000000003027,0.009999999999999787,-0.004234648572556843,0.005316818397240297,-0.03500000000000014
2020-03-04,-0.05109999999999992,-0.06449999999999978,-2.877076890084318e-05,0.005773768201985163,-0.041999999999999815
2020-03-05,0.04700000000000015,0.0,-0.0015980768894101605,0.02203289104992301,0.03699999999999992
2020-03-06,-0.03970000000000007,-0.047499999999999876,-0.0009514199939255619,-0.016349315895661576,-0.053999999999999826
2020-03-09,-0.00039999999999995595,-0.10990000000000011,-0.0011111352759749504,-0.03475791406044415,0.0389999999999997
2020-03-10,0.011199999999999877,0.08939999999999992,0.00186081453487974,0.02118902066274231,0.16700000000000026
2020-03-11,-0.0042999999999999705,-0.014699999999999935,0.0032086127627719563,-0.013389800874618274,0.05899999999999972
2020-03-12,0.009100000000000108,0.04859999999999998,0.0004165080884321881,-0.01943023828690471,0.009000000000000341
2020-03-13,0.054200000000000026,0.023800000000000043,0.005613085172890608,-0.014172226357876738,-0.057000000000000384
2020-03-16,-0.06640000000000001,0.0026999999999999247,-0.00021420768230639986,-0.04394506038846835,-0.052999999999999936
2020-03-17,0.012799999999999923,0.04219999999999979,0.0010848465149828623,-0.004882711224087899,-0.30299999999999994
2020-03-18,-0.01990000000000003,-0.013799999999999812,0.0033328141829505054,-0.01999149419138746,-0.14500000000000002
2020-03-19,-0.04370000000000007,0.037900000000000045,0.002754705327357332,-0.01305530549011813,0.14200000000000013
2020-03-20,0.00990000000000002,-0.03600000000000003,0.007487285461404536,0.017710625132135505,0.052000000000000046
2020-03-23,-0.05979999999999985,-0.06959999999999988,-0.0015775539921634163,-0.03422554193523197,-0.14000000000000012
2020-03-24,-0.058900000000000174,-0.007400000000000073,0.0008313430896098595,0.02650140551171276,-0.11199999999999988
2020-03-25,-0.04049999999999998,0.0024999999999999467,-0.0036263365100555056,0.02651444628787658,0.052000000000000046
2020-03-26,-0.0674999999999999,-0.02939999999999987,-0.0007070435974796396,-0.006595451348404779,-0.025000000000000133
2020-03-27,0.02839999999999998,0.0129999999999999,-0.003755699962323389,0.003243287224501401,0.04899999999999993
2020-03-30,0.022399999999999975,0.0017000000000000348,0.00028394168028689215,-0.009737039559729155,0.3939999999999999
2020-03-31,-0.05020000000000002,-0.014699999999999935,0.005718426317610215,0.0032727922915700702,-0.016000000000000014
2020-04-01,-0.08200000000000007,-0.03699999999999992,-0.0011297680940696164,-0.003010178193420643,-0.1429999999999998
2020-04-02,0.020100000000000007,0.024499999999999744,0.003160139757266478,0.01604837634697276,-0.14700000000000002
2020-04-03,-0.02189999999999981,0.053300000000000125,0.0015341419908436738,-0.0057231677542315396,-0.026000000000000023
2020-04-07,-0.2679,-0.11010000000000009,-0.0023232411905538264,0.022581280023546313,-0.05800000000000005
2020-04-08,-0.15149999999999997,-0.035600000000000076,-0.006448806837819898,-0.004665103873859877,-0.03399999999999981
2020-04-09,-0.050000000000000044,0.015500000000000291,0.0007516717959348274,0.0032921579603719664,-0.05900000000000016
2020-04-10,0.05159999999999987,0.03919999999999968,-0.0025835772763935783,-0.006250307392175358,0.133
2020-04-13,0.02960000000000007,0.019099999999999895,-0.0007678416917131781,-0.004233103828335416,0.038000000000000034
2020-04-14,-0.030100000000000016,0.0013000000000000789,0.0015066879884673146,0.019117332034982226,-0.1439999999999999
2020-04-15,-0.010299999999999976,-0.011499999999999844,-5.681495371123724e-05,-0.007434527687172121,-0.07500000000000018
2020-04-16,-0.01079999999999992,-0.015699999999999825,0.004421901249798799,0.0013206501313014485,0.025000000000000133
2020-04-17,0.019399999999999862,0.022699999999999942,5.6564285325411134e-05,0.009711445706511057,0.08000000000000007
2020-04-20,-0.019399999999999862,0.03819999999999979,-0.0008629531923678435,0.003631384452519981,-0.0030000000000001137
2020-04-21,-0.005600000000000049,-0.006399999999999739,0.0013436204809040841,-0.011853610092220634,-0.1279999999999999
2020-04-22,0.006699999999999928,-0.016900000000000137,0.0021319410849378606,0.008195216459117916,-0.030000000000000027
2020-04-23,-0.0613999999999999,-0.054300000000000015,-0.00022568587443294597,-0.0025116010951791168,0.08699999999999997
2020-04-24,0.03079999999999994,-0.04070000000000018,-0.0011856872022157905,-0.008596246378152372,0.05499999999999994
2020-04-27,-0.028299999999999992,0.0343,-0.0014133678663339477,0.00677109582127855,0.05600000000000005
2020-04-28,0.00770000000000004,-0.010699999999999932,9.900079915858839e-05,0.006876406273812918,-0.15399999999999991
2020-04-29,0.010599999999999943,-0.023699999999999832,-8.485722776518934e-05,0.00463585232809649,0.1349999999999998
2020-04-30,-0.010299999999999976,0.040899999999999714,-0.0018828531487087297,0.011708999561383493,0.16400000000000015
2020-05-06,0.02089999999999992,0.03570000000000029,0.0016848249431871132,0.006033196922334838,-0.05400000000000005
2020-05-07,-0.0005999999999999339,0.0591999999999997,0.003403453338631346,-0.0028899868527076933,-0.026999999999999913
2020-05-08,0.04039999999999999,-0.007199999999999651,-0.002018078712555438,0.009818680637865285,-0.029000000000000137
2020-05-11,0.0714999999999999,0.05580000000000007,-0.0002684431022712541,-0.0008686234755437283,-0.1299999999999999
2020-05-12,-0.04259999999999997,0.0041999999999999815,0.0021173290051172966,1.4519435532989178e-05,-0.11099999999999999
2020-05-13,0.011800000000000033,0.0038999999999997925,-0.0006206186638684219,0.0020218483021974265,-0.08299999999999996
2020-05-14,-0.02089999999999992,0.0047000000000001485,0.0010294522954237273,-0.010904107606277691,0.028999999999999915
2020-05-15,0.04919999999999991,0.014199999999999768,-0.00016915226563396502,-0.003164520843467855,0.14300000000000002
2020-05-18,-0.06000000000000005,0.022600000000000176,0.0013242609320125442,0.002576864868691686,-0.09400000000000008
2020-05-19,0.032500000000000195,0.008799999999999919,-0.0016626513249546893,0.008462321838411668,-0.04200000000000004
2020-05-20,0.12759999999999994,-0.045399999999999885,0.0006202949419293891,-0.0053291834774817914,0.013000000000000123
2020-05-21,0.006199999999999983,-0.012700000000000156,-0.0012409748885022776,-0.005459831084838385,0.02200000000000002
2020-05-22,-0.05610000000000004,-0.07050000000000001,0.001001361088420083,-0.02319373451493867,0.038999999999999924
2020-05-25,0.032299999999999995,0.08590000000000009,0.003798862097326161,0.0013746854294467425,0.18999999999999995
2020-05-26,0.12480000000000002,0.05069999999999997,0.0011789309585710228,0.011281622221030574,0.123
2020-05-27,0.13090000000000002,0.01969999999999983,-0.002823332984762894,-0.0070368910042883925,0.10999999999999988
2020-05-28,-0.016100000000000003,-0.03390000000000004,0.00259888183701551,0.0028612193535018093,0.16100000000000003
2020-05-29,-0.01540000000000008,0.009200000000000319,0.0005470114377630342,0.0026906446394985295,-0.028000000000000025
2020-06-01,0.019000000000000128,0.012599999999999945,-1.4022197138086057e-05,0.026618607505175973,-0.19199999999999973
2020-06-02,0.18189999999999995,0.04249999999999998,-0.0020774561450358497,0.003074205203533964,-0.28600000000000003
2020-06-03,0.133,0.0045000000000001705,-0.0013076400370062302,2.008229876793166e-05,0.29800000000000004
2020-06-04,0.06349999999999989,0.03469999999999995,-0.0008727109487924878,-0.0003672183569900511,0.029999999999999805
2020-06-05,0.08900000000000019,0.020000000000000018,-0.00066207909333027,0.00477634849116626,-0.01399999999999979
2020-06-08,-0.033800000000000274,-0.03259999999999996,-0.0011702751481901252,0.0051610407292681515,-0.04500000000000015
2020-06-09,0.05940000000000012,0.012399999999999967,-0.0024153748156334753,0.006215027837445319,0.0050000000000001155
2020-06-10,0.0038000000000000256,-0.0024000000000001798,-0.0001131429704064324,-0.00181141153904818,0.03299999999999992
2020-06-11,-0.040200000000000014,-0.047499999999999876,-0.001344552289799461,-0.01090671276885935,0.040999999999999925
2020-06-12,-0.06109999999999993,-0.025100000000000122,0.003633206091677277,0.0017998077734713291,-0.004999999999999893
2020-06-15,-0.06899999999999995,0.010699999999999932,0.000521983266064785,-0.012087146329312404,-0.16100000000000003
2020-06-16,0.123,0.07440000000000024,-0.0020754364805986025,0.01495265016616365,0.03600000000000003
2020-06-17,0.14179999999999993,0.047499999999999876,0.0016663375505410194,0.0007529477809260499,0.16599999999999993
2020-06-18,-0.01200000000000001,-0.017599999999999838,0.0004232028050976666,0.006646060709464052,0.04300000000000015
2020-06-19,0.04360000000000008,0.005399999999999849,0.00014102781091773764,0.013342866475465343,0.04699999999999971
2020-06-22,-0.0024000000000001798,0.019899999999999807,-0.0006771149520226061,0.0008136811845602665,0.0030000000000001137
2020-06-23,-0.012599999999999945,0.026200000000000223,-0.0027413537402893873,0.004802753273459359,0.0
2020-06-24,-0.0011999999999998678,-0.04320000000000013,-0.0016427573688553299,0.0041630733941051545,0.02300000000000013
2020-06-29,-0.05730000000000013,-0.019200000000000106,0.003579441156851937,-0.007097652224452133,0.008000000000000007
2020-06-30,-0.0002999999999997449,-0.013599999999999834,-0.0001836119296416694,0.013113409441196211,0.04700000000000015
2020-07-01,-0.04750000000000032,0.005999999999999783,-0.0012013711207847777,0.019929884345321724,-0.133
2020-07-02,-0.009799999999999809,0.0031000000000003247,-0.002038563519194847,0.020519083467348764,-0.08900000000000041
2020-07-03,-0.006699999999999928,0.05269999999999975,0.0010198012271600554,0.01913177511652897,-0.0259999999999998
2020-07-06,0.023499999999999854,0.09270000000000023,0.00035385454116920734,0.055131216608804934,-0.18599999999999994
2020-07-07,0.001100000000000101,0.006899999999999906,-0.005008061654213858,0.005984398267294466,0.29800000000000004
2020-07-08,0.008699999999999708,0.04219999999999979,-0.001466015050809455,0.016021616740875544,0.04499999999999993
2020-07-09,0.0690000000000004,0.03740000000000032,-0.0017392300452394593,0.01388863919678407,0.05500000000000016
2020-07-10,0.0827,-0.04540000000000033,-0.0020281664906436347,-0.018270004194842926,0.010999999999999677
2020-07-13,-0.022700000000000387,0.01470000000000038,0.00031449238329916973,0.020785032652923974,-0.0019999999999997797
2020-07-14,-0.030299999999999994,-0.029900000000000038,0.0004429805518242347,-0.009580336181995719,-0.052999999999999936
2020-07-15,0.02330000000000032,-0.06000000000000005,-0.00020003143417790525,-0.013029283857047602,0.0019999999999997797
2020-07-16,-0.020500000000000185,-0.01980000000000004,-0.0009864542063018344,-0.04929674326555755,0.0990000000000002
2020-07-17,-0.020199999999999996,0.00990000000000002,0.001857727248385066,0.006279160843895681,-0.02200000000000024
2020-07-20,0.06369999999999987,-0.0043999999999999595,-0.0016431978892192944,0.029401320405867182,-0.04400000000000004
2020-07-21,-0.007299999999999862,-0.03550000000000031,-0.0009442736233506999,0.002291645925545538,-0.08199999999999985
2020-07-22,0.010800000000000143,-0.019899999999999807,-0.002063333587736693,0.004976445357552706,-0.09299999999999997
2020-07-23,-0.0009999999999998899,0.011099999999999888,0.0029074992374036324,-0.00042637644606458025,0.19899999999999984
2020-07-24,-0.010000000000000231,-0.040000000000000036,0.00024310198247845527,-0.044885926871966575,-0.06000000000000005
2020-07-27,0.0020999999999999908,0.013800000000000257,0.0013003066840306943,0.005060736341555128,0.05500000000000016
2020-07-28,0.012700000000000156,0.036799999999999944,-0.0019153260479203293,0.008752145469648198,-0.0019999999999997797
2020-07-29,-0.006099999999999994,0.026499999999999968,0.0010581708932242417,0.023954258591716737,-0.026000000000000245
2020-07-30,0.0019999999999997797,0.007600000000000051,-0.0009580256825854061,-0.004897066382799409,0.008999999999999897
2020-07-31,0.001200000000000312,0.014499999999999957,-0.0007728086252243305,0.008318897600540609,0.05300000000000038
2020-08-03,-0.056400000000000006,-0.009799999999999809,0.001888034431035468,0.01611311512058755,-0.19300000000000006
2020-08-04,-0.006300000000000416,-0.012500000000000178,-0.002532498152132856,0.0009409337120640515,0.09999999999999964
2020-08-05,0.014000000000000234,0.012500000000000178,-0.0007308946618951317,0.0002735291822819619,-0.08099999999999996
2020-08-06,0.046699999999999964,0.025299999999999656,-0.004511826031518229,-0.0030073169025843782,0.01200000000000001
2020-08-07,-0.033199999999999896,0.009700000000000042,-0.0004321334495318574,-0.011580700150631174,0.13100000000000023
2020-08-10,-0.015000000000000124,-0.024499999999999744,0.003466207976486224,0.0035924700167644374,-0.0030000000000001137
2020-08-11,0.019099999999999895,-0.010000000000000231,0.0008897819186355349,-0.00916081405023128,0.04700000000000015
2020-08-12,0.03200000000000003,0.0024999999999999467,-0.0016366615764678016,-0.0073186161643246095,-0.0030000000000001137
2020-08-13,0.016599999999999948,0.0050000000000003375,-0.002416815297483277,-0.0025706231729731854,-0.008999999999999897
2020-08-14,-0.005299999999999638,-0.007300000000000306,-0.00034573663856196646,0.014756944673855799,-0.015000000000000124
2020-08-17,0.0047999999999999154,-0.014699999999999935,-0.0006197439070714239,0.023236126440126625,-0.008999999999999897
2020-08-18,0.011200000000000099,0.02959999999999985,-0.0005335756181594764,-0.000513025455575189,-0.02300000000000013
2020-08-19,0.08519999999999994,0.020199999999999996,-0.0022672635765657034,-0.01508972828793631,0.014000000000000234
2020-08-20,0.0693999999999999,0.007400000000000073,0.0015313274976356261,-0.013062837985232889,0.04499999999999993
2020-08-21,0.0017000000000000348,-0.01200000000000001,-0.002413627319832523,0.008446253778298995,0.030999999999999694
2020-08-24,0.008799999999999919,0.0123000000000002,0.0012581255591193052,0.007811586360142897,-0.04999999999999982
2020-08-25,0.03370000000000006,0.04760000000000009,-0.00015898595898411472,0.0012821452361002628,0.01100000000000012
2020-08-26,0.0047999999999999154,0.019899999999999807,-0.0015043904994040957,-0.011791438487355421,-0.019000000000000128
2020-08-27,0.01100000000000012,-0.004999999999999893,-0.0025510587677988195,0.0053435816671321135,-0.040000000000000036
2020-08-28,-0.008500000000000174,0.017900000000000027,-0.0001741730413564735,0.023586033936339845,0.052999999999999936
2020-08-31,-0.028000000000000025,-0.04750000000000032,-0.00416012702151658,-0.0058071601774773995,-0.006999999999999673
2020-09-01,0.048100000000000254,0.010099999999999998,-0.001560870611493792,0.00536470419789481,-0.017000000000000348
2020-09-02,0.020899999999999697,0.062200000000000255,-0.0017826618979275288,0.00036438123583693027,-0.009999999999999787
2020-09-03,0.0365000000000002,-0.0045000000000001705,-0.0008339734928661802,-0.005546406799538772,-0.0040000000000000036
2020-09-04,0.039899999999999824,0.027000000000000135,0.000585317331859958,-0.009778874994953668,0.01399999999999979
2020-09-07,0.007500000000000284,0.030199999999999783,0.0003948956137460602,-0.021368549427704053,-0.010999999999999677
2020-09-08,-0.020000000000000018,-0.026799999999999713,-0.0003217550301979344,0.005344384586122075,0.010999999999999677
2020-09-09,-0.010299999999999976,-0.04980000000000029,0.0008626551303685392,-0.023667654831402984,-0.017999999999999794
2020-09-10,-0.014500000000000401,-9.999999999976694e-05,-0.0013454818707918648,-0.0005697226232062036,-0.06499999999999995
2020-09-11,0.02190000000000003,0.05730000000000013,0.0008484494365030848,0.009839110851292077,0.03399999999999981
2020-09-14,0.011400000000000077,0.020099999999999785,-0.00040950640426040685,0.005123366712961541,-0.0009999999999998899
2020-09-15,-0.007699999999999818,-0.0495000000000001,-0.002035393101450511,0.008015839598304098,-0.028000000000000025
2020-09-16,0.014599999999999724,0.022299999999999986,-0.0058362349316323225,-0.006660570207431604,0.052000000000000046
2020-09-17,0.009600000000000275,0.007700000000000262,-0.0022140230446303644,-0.005305503814430068,0.01399999999999979
2020-09-18,-0.006200000000000205,-0.009800000000000253,-0.0012419974095176922,0.022279832057177984,0.03400000000000025
2020-09-21,0.0031000000000003247,-0.015099999999999891,5.917772552144207e-05,-0.00968571365599935,0.028999999999999915
2020-09-22,-0.004400000000000404,-0.024699999999999722,0.004089562565903204,-0.011936707098946897,0.06999999999999984
2020-09-23,-0.023199999999999665,-0.00010000000000021103,0.0016782232442125178,0.0035672610745098865,-0.18299999999999983
2020-09-24,-0.001100000000000101,-0.0047999999999999154,0.0006175835036825728,-0.019372888753562023,-0.0009999999999998899
2020-09-25,0.007400000000000073,0.039699999999999847,0.001366150533082644,0.0015232311082691297,-0.10400000000000009
2020-09-28,0.008599999999999941,0.000500000000000167,0.001921202001768707,0.0025976830142866447,0.3740000000000001
2020-09-29,0.038599999999999746,0.012499999999999734,-0.0011874831885865245,0.00215633722986297,-0.13500000000000023
2020-09-30,-0.038599999999999746,0.024900000000000144,-0.0010273571409664672,-0.000959561384158647,0.04800000000000004
2020-10-09,0.03200000000000003,0.030400000000000205,-0.004488701179657495,0.020229536125802028,-0.15700000000000003
2020-10-12,0.032099999999999795,-0.002000000000000224,-0.00993174585860368,0.029886932419016077,-0.10099999999999998
2020-10-13,-0.00550000000000006,0.007299999999999862,0.002529349223084898,0.003320765679495352,0.019000000000000128
2020-10-14,-0.013599999999999834,0.020000000000000018,0.0026267183368551272,-0.006655195911472234,0.04400000000000004
2020-10-15,0.04870000000000019,0.01770000000000005,-0.001468331038687598,-0.0017418578037773358,0.054999999999999716
2020-10-16,0.00849999999999973,0.00019999999999997797,-0.0006235802616214592,-0.001472324901529376,0.008000000000000007
2020-10-19,-0.010099999999999998,-0.03689999999999971,-0.0047937445717558536,-0.007580947324674625,0.03100000000000014
2020-10-20,-0.0034999999999998366,0.0023999999999997357,-0.0011945648725286695,0.007954692397330376,0.03100000000000014
2020-10-21,-0.018000000000000238,-0.00039999999999995595,-0.0022286881658832858,-0.0001332735871280022,-0.05400000000000027
2020-10-22,-0.018599999999999728,-0.036599999999999966,-0.0033749103934066493,-0.0031019124618261174,-0.016999999999999904
2020-10-23,0.011099999999999888,0.027000000000000135,0.002206230868103898,-0.012530374375044673,0.015000000000000124
2020-10-26,0.007299999999999862,0.010299999999999976,0.0003297658692231753,-0.0057923646210973345,0.021999999999999797
2020-10-27,0.014600000000000168,-0.017300000000000093,0.003948731517035897,0.0017130693857243529,0.1030000000000002
2020-10-28,0.0394000000000001,0.0024000000000001798,0.003070413191403887,0.008052265130174874,0.054999999999999716
2020-10-29,0.0009999999999998899,0.005299999999999638,0.0009668663130959487,0.00749683465027573,-0.031999999999999584
2020-10-30,0.0043999999999999595,0.0026000000000001577,-0.0004163816495337258,-0.01638902798865871,0.06499999999999995
2020-11-02,0.022400000000000198,-0.009700000000000042,-0.0027107149349023807,0.0054156999264360905,0.04599999999999982
2020-11-03,-0.021800000000000264,-0.0025999999999997137,-0.001387987417529546,0.011945216401604952,-0.2839999999999998
2020-11-04,-0.0028999999999999027,0.0021999999999997577,-0.002781767766549592,0.007526838285146553,-0.08800000000000008
2020-11-05,0.011699999999999822,0.0024999999999999467,0.0018553713819744466,0.014735209961997953,-0.020999999999999908
2020-11-06,0.03230000000000022,0.0253000000000001,-0.009085169672282678,0.00012404269147836544,0.14399999999999968
2020-11-09,0.0118999999999998,0.022600000000000176,-0.0025224122789402337,0.01938466410131845,0.05699999999999994
2020-11-10,-0.0011999999999998678,0.00039999999999995595,-0.003423727022610956,-0.005530658682067369,-0.0029999999999996696
2020-11-11,0.025800000000000267,0.005999999999999783,0.00262186909004547,-0.009935901648630008,0.03699999999999992
2020-11-12,0.016799999999999926,0.016199999999999992,0.0025093357384433634,0.0007265400957923163,0.028999999999999915
2020-11-13,0.02159999999999984,0.02519999999999989,0.000739505470574997,-0.010570510889047924,0.09799999999999986
2020-11-16,0.0032000000000000917,-0.0026999999999999247,-0.0035818768317699146,0.009695842576503466,-0.09399999999999986
2020-11-17,0.0129999999999999,0.012599999999999945,-0.004339586508299131,-0.0019156329179654819,-0.10099999999999998
2020-11-18,0.07299999999999995,0.034600000000000186,-0.002573180971404465,-0.00063647138370726,-0.028000000000000025
2020-11-19,0.03849999999999998,0.015099999999999891,-0.0016631449472439552,0.0073969288146926715,0.020999999999999908
2020-11-20,0.03440000000000021,-0.007000000000000117,0.004601211743841871,0.0030997229203233445,-0.0029999999999996696
2020-11-23,-0.03960000000000008,-0.058099999999999596,-0.0010189727508032043,0.0124121299993174,-0.03500000000000014
2020-11-24,-0.0030000000000001137,0.017599999999999838,0.0013685301083654622,-0.006161125091724173,0.039000000000000146
2020-11-25,-0.018100000000000005,-0.02010000000000023,-0.0009121452767606453,-0.012865244369757889,-0.008000000000000007
2020-11-26,-0.01969999999999983,0.012700000000000156,0.00047137894417215165,0.001808939784924135,0.06999999999999984
2020-11-27,-0.020000000000000018,0.01750000000000007,-0.00038012696698253023,0.012358056075695956,0.041999999999999815
2020-11-30,-0.0849000000000002,-0.057599999999999874,0.0004105308830091303,-0.004126967959322769,0.020000000000000018
2020-12-01,0.027200000000000113,0.02259999999999973,0.002110810712129485,0.02131180060748683,-0.3839999999999999
2020-12-02,0.008300000000000196,0.032500000000000195,-0.004713690569404738,9.157072708987357e-06,-0.04699999999999993
2020-12-03,0.027499999999999858,-0.010000000000000231,-0.0002896275257857628,-0.001992137325368404,0.17900000000000005
2020-12-04,-0.01770000000000005,-0.022299999999999986,-0.001296730133878654,0.0017496834398116334,0.01200000000000001
2020-12-07,-0.00749999999999984,0.0123000000000002,-0.0022159573212114925,-0.00865995587424706,0.0030000000000001137
2020-12-08,-0.020500000000000185,-0.01990000000000025,-0.0006427817365219912,-0.002463390391710618,-0.018000000000000238
2020-12-09,-0.0017000000000000348,0.012600000000000389,-0.00013779271404534832,-0.013500225916821762,-0.027000000000000135
2020-12-10,-0.05509999999999993,-0.010200000000000209,0.002523187893889167,-0.000439876733546285,-0.010999999999999677
2020-12-11,0.05249999999999977,0.030100000000000016,-0.001084955141917865,-0.010355108225073906,0.11499999999999977
2020-12-14,-0.007999999999999563,9.999999999976694e-05,-0.0006729578278839021,0.00920280581342503,-0.03500000000000014
2020-12-15,-0.03600000000000003,-0.01499999999999968,0.0011162507371067498,0.0020779091128773075,-0.08099999999999996
2020-12-16,-0.06140000000000034,0.0026999999999999247,-0.0012080528118978417,0.0017712963973313123,-0.2469999999999999
2020-12-17,0.001000000000000334,0.0047000000000001485,0.0001071016012710313,0.012759013031903521,0.14600000000000013
2020-12-18,-0.0017000000000000348,0.005299999999999638,-0.0007193309002597736,-0.003496024332990899,0.18700000000000006
2020-12-21,-0.02970000000000006,-0.014799999999999702,0.002935288221471266,0.009330753183535379,-0.09800000000000031
2020-12-22,-0.03960000000000008,-0.04499999999999993,-0.0018335452139728314,-0.016394709610963787,0.01100000000000012
2020-12-23,-0.000500000000000167,-0.012900000000000134,0.002611785057928584,0.008494082526029345,0.0030000000000001137
2020-12-24,-0.007199999999999651,0.010099999999999998,-0.0030094966916471844,-0.0014206060826076339,-0.29000000000000004
2020-12-25,-0.03049999999999997,-0.03509999999999991,-0.0004284818037307847,0.008364553508403816,0.3769999999999998
2020-12-28,-0.043400000000000105,-0.017400000000000304,-0.0014858047139043595,0.004433027336315121,-0.017999999999999794
2020-12-29,-0.026800000000000157,-0.020000000000000018,0.0032903072833256886,-0.004250101288915786,0.13099999999999978
2020-12-30,-0.028799999999999937,-0.016999999999999904,-0.001926959671320727,0.013936793973684303,0.04400000000000004
2020-12-31,-0.04640000000000022,0.007300000000000306,-0.0011640909918109177,0.01890187208953087,0.07299999999999995
2021-01-04,0.04320000000000013,0.037599999999999856,0.0024338547263191845,0.010770132631680696,-0.3879999999999997
2021-01-05,-0.018100000000000005,-0.04079999999999995,-0.00995644633175008,0.018952181943255653,-0.17100000000000004
2021-01-06,-0.08869999999999978,0.0029999999999996696,-0.002411800433167688,0.009115956563617189,0.1439999999999999
2021-01-07,-0.06230000000000002,-0.017499999999999627,6.191375416020328e-05,0.017562659910668188,-0.11099999999999999
2021-01-08,-0.03530000000000033,0.015099999999999891,0.0015465993370207265,-0.0033111221647583733,0.28600000000000003
2021-01-11,-0.05709999999999971,0.02499999999999991,0.000865051957058327,-0.009924985935711561,0.007000000000000117
2021-01-12,-0.049900000000000055,-0.017199999999999882,0.0009105852296409367,0.028123085244676105,-0.16300000000000003
2021-01-13,-0.054300000000000015,-0.019400000000000084,-0.0033686714799634476,-0.003289938118411939,0.014000000000000012
2021-01-14,0.08110000000000017,-0.0123000000000002,0.002180115435468144,-0.019463076521477163,0.01399999999999979
2021-01-15,0.08939999999999992,0.029600000000000293,-0.0017468063400303269,-0.0022647321820201682,0.11100000000000021
2021-01-18,0.08699999999999974,0.014699999999999935,0.0032746905180833785,0.011012499581573465,0.052999999999999936
2021-01-19,0.04590000000000005,-0.00010000000000021103,0.0005858411613044456,-0.014786099147649168,0.08999999999999986
2021-01-20,-0.022199999999999775,-0.0017999999999998018,-0.0007246432990801743,0.007130386322250715,0.22599999999999998
2021-01-21,-0.02220000000000022,-0.02210000000000001,-0.0021616288564079156,0.016037381914479454,-0.1339999999999999
2021-01-22,0.013199999999999878,-0.015600000000000058,-0.0012218417301932405,0.000863369600125452,-0.08800000000000008
2021-01-25,0.05830000000000002,0.005300000000000082,0.003121236193829535,0.010030221377311577,0.02499999999999991
2021-01-26,0.05530000000000035,0.04190000000000005,0.0004318788338533164,-0.020281960217564787,0.4320000000000004
2021-01-27,0.04149999999999965,-0.007400000000000073,-0.002810552223803109,0.002723602665410496,0.24099999999999966
2021-01-28,0.059800000000000075,0.027499999999999858,0.002779709920497142,-0.02766956507819529,0.01200000000000001
2021-01-29,0.05840000000000023,-0.007299999999999862,-0.0020995113999835446,-0.004693427983360365,0.0900000000000003
2021-02-01,-0.07759999999999989,-0.009999999999999787,-0.0013299108136486382,0.012198138307741857,0.12299999999999978
2021-02-02,-0.017600000000000282,0.004999999999999893,0.0017470764112625936,0.015284680332364076,-0.9529999999999998
2021-02-03,0.06280000000000019,0.03589999999999982,-0.001035508766846771,-0.0028928251038244923,-0.0950000000000002
2021-02-04,0.028200000000000003,0.009800000000000253,-0.0009901450443048354,-0.0020536822109011865,0.17799999999999994
2021-02-05,-0.006600000000000161,0.005499999999999616,0.0016239418949912654,0.0017278799016064994,0.014000000000000234
2021-02-08,0.000500000000000167,0.006700000000000372,-0.0004946362978397456,0.014690339807556185,0.0030000000000001137
2021-02-09,-0.0365000000000002,-0.009500000000000064,-0.0022443918995644907,0.02163277558582344,0.08399999999999963
2021-02-10,-0.012699999999999712,0.020099999999999785,-0.00220284908041557,0.021136896953192874,-0.20799999999999974
2021-02-18,0.03689999999999971,0.0405000000000002,0.002249335843318212,-0.006796390791578233,-0.0040000000000000036
2021-02-19,-0.006299999999999972,-0.01849999999999996,0.0013626511863837898,0.0018117953553229427,-0.16199999999999992
2021-02-22,-0.0411999999999999,0.0042999999999997485,-0.0009443675374991578,-0.03191313589048228,0.1549999999999998
2021-02-23,-0.022299999999999986,0.0015000000000000568,-0.0007282362286216149,-0.0031608863636378715,0.07100000000000017
2021-02-24,-0.024700000000000166,-0.010399999999999743,0.0015333269222186363,-0.025797337082003935,-0.16300000000000026
2021-02-25,-0.007299999999999862,0.006999999999999673,-0.0014403310604673702,0.0058659246580639035,0.10099999999999998
2021-02-26,0.015899999999999803,0.015800000000000036,0.002955857764001868,-0.02457898601497277,-0.0009999999999998899
2021-03-01,0.001100000000000101,-0.029999999999999805,0.0006333660526716134,0.015252484775311714,0.002000000000000224
2021-03-02,-0.005799999999999805,-0.005700000000000038,-0.0019941419047677655,-0.012843962343152882,-0.05900000000000016
2021-03-03,0.01399999999999979,0.011499999999999844,-0.0009288645299783127,0.018994071266392965,-0.2670000000000001
2021-03-04,0.00649999999999995,0.0051000000000001044,0.002984776772649411,-0.03196172657010976,0.27100000000000013
2021-03-05,0.016100000000000225,-0.02289999999999992,0.002252010021499773,-0.0033973565720284427,-0.16199999999999992
2021-03-08,-0.008300000000000196,-0.006699999999999928,-0.0016808152053859882,-0.03534630235660963,0.14500000000000002
2021-03-09,0.005800000000000249,0.009099999999999664,0.008345356695559136,-0.021695197685883016,-0.07699999999999996
2021-03-10,0.006199999999999761,0.005900000000000016,-0.003557085716811459,0.00653916520191089,-0.02900000000000036
2021-03-11,-9.999999999976694e-05,-0.0004999999999997229,-0.0020910859736860132,0.02459769080192764,0.02200000000000024
2021-03-12,0.0045999999999999375,0.011200000000000099,-0.001925818104735022,0.0035355204431599674,0.07399999999999984
2021-03-15,0.014100000000000001,0.018599999999999728,0.0025412974286727064,-0.02177169897227138,0.14100000000000001
2021-03-16,-0.005800000000000249,-0.011600000000000055,0.0002922200283792531,0.00866415801490561,-0.04599999999999982
2021-03-17,0.002200000000000202,-0.005300000000000082,-0.0007845731786151333,0.004223038576871119,-0.06200000000000028
2021-03-18,-0.0034999999999998366,-0.00019999999999997797,-0.0018330681288287742,0.007988228164530042,0.03000000000000025
2021-03-19,-0.008700000000000152,-0.023699999999999832,0.0036781438390758314,-0.02654196082025706,0.0019999999999997797
2021-03-22,0.011499999999999844,-0.00649999999999995,0.0014275958184455373,0.009948431169140903,-0.03600000000000003
2021-03-23,-0.010099999999999998,-0.0019000000000000128,-0.0023804598615255745,-0.00951809418680405,0.0050000000000003375
2021-03-24,-0.0371999999999999,-0.034499999999999975,0.0029478618657223787,-0.016213105742655998,-0.17600000000000016
2021-03-25,0.0045000000000001705,-0.006600000000000161,0.0008275228424114989,-0.00047455959482078924,0.20199999999999996
2021-03-26,0.012199999999999989,0.011500000000000288,0.0014388711937691756,0.022409453696509374,-0.020999999999999908
2021-03-29,0.008199999999999985,0.0,0.0006116582244646285,0.0017625224258210892,-0.015000000000000124
2021-03-30,-0.007500000000000284,-0.000600000000000378,0.0034336238592089785,0.009436799896402448,0.07800000000000029
2021-03-31,-0.03259999999999996,0.005600000000000271,0.001096274300149469,-0.009142918759438956,0.01499999999999968
2021-04-01,0.011099999999999888,-0.0054000000000002935,-0.00196501125705284,0.012287831590581888,-0.09600000000000009
2021-04-02,-0.013499999999999623,-0.0019999999999997797,0.0009906045783507622,0.00988685047191673,-0.009999999999999787
2021-04-06,-0.012199999999999989,0.010400000000000187,-0.001860096895411445,-0.004118683479246599,-0.10000000000000009
2021-04-07,0.022999999999999687,0.012599999999999945,-0.0021846912310925504,-0.007145422387402789,-0.10599999999999987
2021-04-08,-0.0006999999999997009,0.005299999999999638,0.0012075173232730663,0.001657369266236941,0.07499999999999973
2021-04-09,-0.001100000000000101,-0.006999999999999673,-0.0008252338630809763,-0.015150987340556199,0.040000000000000036
2021-04-12,-0.021300000000000097,-0.020000000000000018,0.0025804101746602637,-0.01754843571981013,-0.0040000000000000036
2021-04-13,-0.01330000000000009,-0.027900000000000258,-0.001892668005006204,-0.0016388757921550479,0.01100000000000012
2021-04-14,0.005300000000000082,0.0028000000000001357,-0.0014065560048883707,0.008262744088986196,0.002000000000000224
2021-04-15,-0.008500000000000174,0.0024000000000001798,-0.0009949564188025395,-0.006375664850375884,-0.0050000000000003375
2021-04-16,-0.0038999999999997925,-0.0049000000000001265,-0.00013784125304194816,0.0034708518277390965,0.14100000000000001
2021-04-19,-0.0047999999999999154,-0.0017999999999998018,-0.0008427763081102491,0.024040354994076196,0.027000000000000135
2021-04-20,-0.02400000000000002,-0.009000000000000341,-0.0019948447567856853,-0.0007179868352533703,-0.029999999999999805
2021-04-21,-0.0015000000000000568,-0.0041999999999999815,-0.0008759191948362055,0.003020888841836822,-0.06300000000000017
2021-04-22,-0.00019999999999997797,0.009200000000000319,-0.0022162720310021644,-0.0018652166417147953,0.016999999999999904
2021-04-23,-0.05580000000000007,0.0011999999999998678,0.0004929295518645294,0.00903894072819078,-0.01100000000000012
2021-04-26,0.03069999999999995,0.035600000000000076,-0.000323457610620137,-0.01140088011232443,0.1070000000000002
2021-04-27,-0.05790000000000006,0.013900000000000023,0.00016944322537226775,0.002612632844616769,-0.01200000000000001
2021-04-28,-0.03329999999999966,-0.01910000000000034,-0.0010941847489722711,0.005626512527797445,-0.04499999999999993
2021-04-29,-0.023700000000000276,0.00010000000000021103,-0.002130156399450467,0.00873783699530506,0.06299999999999972
2021-04-30,-0.0028999999999999027,-0.03739999999999988,-0.0006646726731909247,-0.007908585460357997,0.08400000000000007
2021-05-06,-0.037599999999999856,0.0011999999999998678,0.0034422379185117258,-0.012246980233125981,-0.18399999999999972
2021-05-07,-0.019400000000000084,0.0030999999999998806,-0.0033494663683872883,-0.01294053140591167,-0.2120000000000002
2021-05-10,0.008599999999999941,0.0,-0.00391935623290629,-0.0007269778958143291,-0.030999999999999917
2021-05-11,-0.024399999999999977,-0.014699999999999935,-0.002657777891635682,0.0061180474577682276,0.16899999999999982
2021-05-12,-0.0009000000000001229,-0.008199999999999985,6.225099603596185e-05,0.004268865749715189,-0.04899999999999993
2021-05-13,-0.008299999999999752,0.01330000000000009,0.005493922408682517,-0.010276391799695972,0.052999999999999936
2021-05-14,0.041999999999999815,-0.020500000000000185,-0.0013474064468339542,0.023283192842008305,-0.008000000000000007
2021-05-17,0.0032000000000000917,0.0230999999999999,-0.003384255589700791,0.014452129575788675,0.121
2021-05-18,0.005700000000000038,-0.0035999999999996035,0.0007772182198120259,0.0005044065007790977,0.001000000000000334
2021-05-19,-0.0015000000000000568,-0.015800000000000036,-0.0015861664756842142,-0.002959362676300259,-0.04700000000000015
2021-05-20,-0.0026000000000001577,-0.031200000000000117,0.0032473866898867776,0.0027300782189136896,0.016000000000000014
2021-05-21,0.0015000000000000568,-0.036799999999999944,-0.0025472972054176868,-0.010128160728870128,-0.004999999999999893
2021-05-24,-0.01770000000000005,0.017300000000000093,0.0016782177541059262,0.004167110106743976,-0.0040000000000000036
2021-05-25,0.014100000000000001,-0.0039000000000002366,-0.0019426384022325216,0.031106094198889878,0.09799999999999986
2021-05-26,-0.016199999999999992,-0.012399999999999967,-0.0028664474145385643,0.00039753472600700945,0.015000000000000124
2021-05-27,0.0123000000000002,0.013399999999999856,-0.0010770396501977864,0.003309973681414391,-0.007000000000000117
2021-05-28,0.055600000000000094,0.015100000000000335,-0.002689855243748429,-0.003216774122739352,0.016000000000000014
2021-05-31,0.02729999999999988,-0.03990000000000027,-0.00275992020884952,0.001967772397312828,0.22399999999999975
2021-06-01,-0.027699999999999836,-0.028699999999999726,-0.0017288262435395385,0.001894493915578721,-0.2689999999999997
2021-06-02,0.0016999999999995907,0.03249999999999975,0.003156781450676771,-0.00972691748439658,-0.07699999999999996
2021-06-03,-0.05459999999999976,0.00019999999999997797,0.0005956859970479567,-0.006578923246138402,-0.06400000000000006
2021-06-04,0.030899999999999928,0.027499999999999858,0.0040818617390832035,0.005122960555659972,0.09499999999999975
2021-06-07,0.03489999999999993,0.022700000000000387,-0.0017026598404035198,-0.0008807087959255,0.06600000000000028
2021-06-08,0.023400000000000087,-0.005300000000000082,-0.0008445946448016883,-0.00866070309657907,0.01399999999999979
2021-06-09,0.006800000000000139,0.012399999999999967,0.0007351503869978959,0.0008277734180932583,0.0040000000000000036
2021-06-10,0.0026999999999999247,-0.022299999999999986,0.0002501407054504856,0.006664867062356805,-0.125
2021-06-11,0.007099999999999884,0.024900000000000144,-0.0018149393222461896,-0.008910567076979348,0.02300000000000013
2021-06-15,0.015000000000000124,-0.0049000000000001265,0.003345687344552095,-0.011190922313069507,0.06800000000000006
2021-06-16,0.012199999999999989,0.007299999999999862,0.00012485563583330972,-0.016799141037061815,-0.039000000000000146
2021-06-17,0.03069999999999995,0.005199999999999871,0.003427435273997581,0.004203638948601096,-0.019000000000000128
2021-06-18,0.03200000000000003,-0.015099999999999891,0.0009793330437084524,0.00011236375575762736,0.027000000000000135
2021-06-21,0.0038999999999997925,-0.025100000000000122,0.0028702883010394142,-0.0023703486958908115,0.051000000000000156
2021-06-22,-0.0014999999999996128,-0.0020999999999999908,0.0010374810274111912,0.0062223484075154545,0.08000000000000007
2021-06-23,-0.009300000000000086,-0.007099999999999884,0.00012380642880693848,0.004914635136632484,-0.06100000000000039
2021-06-24,-0.02289999999999992,0.0024000000000001798,0.0031364697966971278,0.0016654752730111966,-0.021999999999999797
2021-06-25,-0.0242,0.0,-0.001234872965023559,0.016159464174881677,-0.05799999999999983
2021-06-28,-0.025800000000000267,0.009700000000000042,-0.0025672366831845927,0.00224786690355927,0.06199999999999983
2021-06-29,0.02959999999999985,-0.0054000000000002935,-0.0001703511560895432,-0.011724729714394755,0.17300000000000004
2021-06-30,-0.029699999999999616,-0.012499999999999734,0.0005264461907785734,0.006432635365786865,-0.026000000000000245
2021-07-01,-0.03000000000000025,0.012399999999999967,0.0016704048428159979,0.0010758291791823638,-0.21899999999999986
2021-07-02,-0.017799999999999816,-0.0049000000000001265,4.636032793037259e-05,-0.02881591084345203,-0.24099999999999988
2021-07-05,-0.0035000000000002807,-0.00749999999999984,-0.0002627369477352648,0.0009196895641796488,0.08899999999999975
2021-07-06,0.001100000000000101,0.00990000000000002,-0.0012682898349960503,-0.0005286906027119898,0.01200000000000001
2021-07-07,0.00010000000000021103,-0.02740000000000009,0.0023033826609084596,0.011226228576722619,0.08300000000000018
2021-07-08,-0.04600000000000026,-0.0625,-0.0008805333201953314,-0.010213129053200376,-0.015000000000000124
2021-07-09,-0.013799999999999812,0.007699999999999818,0.0007724394019172909,-0.0037056686184033794,0.10600000000000032
2021-07-12,-0.027099999999999902,-0.03770000000000007,0.0004631774052235027,0.012403962474664354,-0.057000000000000384
2021-07-13,-0.012900000000000134,-0.022499999999999964,-0.00043229223627938573,0.0018278303021883602,0.03000000000000025
2021-07-14,-0.01330000000000009,-0.029999999999999805,0.000756388819897369,-0.011543040254654358,-0.014000000000000234
2021-07-15,-0.006899999999999906,0.04289999999999994,-0.002564777451552036,0.013362333295395601,-0.0009999999999998899
2021-07-16,0.007200000000000095,-0.007899999999999796,0.0010050640607932593,-0.011065621040815543,0.02300000000000013
2021-07-19,-0.027100000000000346,0.00019999999999997797,-7.727676677848905e-05,0.0036679723646511064,-0.04600000000000026
2021-07-20,-0.0038999999999997925,-0.016900000000000137,0.0023928072857817284,-0.0008804901559393841,0.04300000000000015
2021-07-21,-0.04599999999999982,-0.009599999999999831,-0.0003084277917888567,0.006836771750780457,0.020000000000000018
2021-07-22,-0.010299999999999976,0.0044999999999997264,-0.0028420079985089775,0.001497485490910222,-0.03799999999999981
2021-07-23,-0.03980000000000006,-0.007899999999999796,-1.546778447214514e-05,-0.012210604347853149,-0.037000000000000366
2021-07-26,-0.040200000000000014,-0.029600000000000293,0.0017463474105119392,-0.03274120497587951,0.07100000000000017
2021-07-27,0.05249999999999977,0.03600000000000003,-0.00044788683112040317,-0.035963982539211514,0.09600000000000009
2021-07-28,0.03550000000000031,-0.012799999999999923,0.003007799403243805,0.0019280487567598925,0.04599999999999982
2021-07-29,-0.03860000000000019,-0.01880000000000015,0.00020019865933762482,0.0186862722446417,-0.09899999999999975
2021-07-30,-0.020300000000000207,-0.04709999999999992,-0.005249193798204654,-0.008095128046081257,0.02699999999999969
2021-08-02,-0.027799999999999603,-0.03379999999999983,0.0008974022356522671,0.02515631653547601,-0.21299999999999963
2021-08-03,-0.0045000000000001705,0.015800000000000036,-0.0007735747272130666,0.00014638949727441286,-0.03000000000000025
2021-08-04,0.02320000000000011,0.008199999999999985,0.0006962441777409456,0.008955619000573734,-0.0009999999999998899
2021-08-05,-0.0005999999999999339,-0.035600000000000076,0.0005566465283746158,-0.006079604659090521,-0.07000000000000006
2021-08-06,0.0023999999999997357,0.00990000000000002,-0.0010207554475964997,-0.005492405832303149,0.02400000000000002
2021-08-09,0.042100000000000026,0.047499999999999876,0.0033213640388822796,0.012919767280223482,0.15100000000000002
2021-08-10,0.041999999999999815,0.0050000000000003375,3.084468160818865e-05,0.011484214595109066,0.20299999999999985
2021-08-11,-0.035199999999999676,0.019999999999999574,-0.00016965752356123964,-0.00552915491556405,-0.20100000000000007
2021-08-12,0.006899999999999906,-0.012599999999999945,-0.001188409292161463,-0.008407497086091453,0.0030000000000001137
2021-08-13,0.012199999999999989,-0.004999999999999893,0.0006946964070266848,-0.005518126518865074,0.04700000000000015
2021-08-16,-0.007699999999999818,0.014899999999999913,-0.0012662529873768147,-0.000994290542957188,-0.0040000000000000036
2021-08-17,-0.0051000000000001044,-0.004899999999999682,0.0007414158292085027,-0.02120333204675795,-0.05400000000000027
2021-08-18,0.012299999999999756,-0.03259999999999996,0.0023133878299974597,0.011680587379226282,-0.08499999999999996
2021-08-19,-0.00019999999999997797,-0.00990000000000002,-0.0009555515183647945,-0.006580129731906581,0.037000000000000366
2021-08-20,0.030400000000000205,0.009999999999999787,0.0020179154548007894,-0.01928575474204841,0.02400000000000002
2021-08-23,0.04720000000000013,0.020000000000000018,-0.00023085269392209007,0.013869954261613415,0.04499999999999993
2021-08-24,-0.015300000000000313,0.0,-0.0025274721793924204,0.010800300502616267,0.06400000000000006
2021-08-25,0.0054000000000002935,-0.02499999999999991,-0.0011888863697995244,0.00199600591372473,0.08699999999999974
2021-08-26,0.01399999999999979,0.03739999999999988,3.0898051880168254e-05,-0.019907899364671522,0.008000000000000007
2021-08-27,0.008999999999999897,-0.00990000000000002,0.002052580721104702,0.005282973630274412,0.010000000000000231
2021-08-30,-0.022699999999999942,-0.017599999999999838,-0.0028717018345438827,-0.0028573778701410646,-0.02100000000000035
2021-08-31,-0.006299999999999972,0.0024999999999999467,3.0922415661827074e-05,-0.0015927844947096759,0.014000000000000234
2021-09-01,-0.019099999999999895,-0.034499999999999975,1.5460849264625764e-05,0.013198816371314592,-0.21799999999999997
2021-09-02,0.0049000000000001265,0.009500000000000064,-0.0013305074908611658,-9.734188875398786e-06,-0.028999999999999915
2021-09-03,0.013099999999999667,0.0025999999999997137,-0.0002632169774665627,-0.005425798916922631,-0.016000000000000014
2021-09-06,-0.0017999999999998018,0.0050000000000003375,-0.0007435750811211062,0.018547276152622416,0.09199999999999964
2021-09-07,0.032200000000000006,0.020000000000000018,6.198571231319505e-05,0.011908239033383339,0.04700000000000015
2021-09-08,0.010099999999999998,0.012399999999999967,0.0021825451557757614,-0.00415396068276408,0.0030000000000001137
2021-09-09,0.009799999999999809,0.004999999999999893,-0.0009126840503914657,-0.00042628625570984013,-0.04300000000000015
2021-09-10,0.030200000000000227,-0.007400000000000073,-0.0007586255308444922,0.008716126016851788,0.040999999999999925
2021-09-13,0.014899999999999913,0.01750000000000007,-0.0010692453541898406,-0.004370162471733607,0.0040000000000000036
2021-09-14,0.025100000000000122,0.010399999999999743,4.6512709606316704e-05,-0.015037005911299417,0.07699999999999996
2021-09-15,0.0,0.0020999999999999908,-0.0001240387002334753,-0.010188263271322384,-0.06699999999999973
2021-09-16,0.00990000000000002,-0.007399999999999629,-0.0025150996785843205,-0.01232486884362416,0.020999999999999908
2021-09-17,-0.009800000000000253,-0.012500000000000178,0.0030576554394967648,0.009984397338930862,0.16400000000000015
2021-09-22,-0.010199999999999765,-0.014699999999999935,0.002569263137523148,-0.007062176930245911,-0.16599999999999993
2021-09-23,-0.03990000000000027,-0.0030000000000001137,0.0008652524450141197,0.006496833092985099,-0.04300000000000015
2021-09-24,-0.009999999999999787,0.010699999999999932,-0.0023193256523621475,-0.0007766971949934032,0.029999999999999805
2021-09-27,0.040000000000000036,0.008700000000000152,0.0014849879753353612,0.005745401168919528,-0.23499999999999988
2021-09-28,0.020000000000000018,0.005799999999999805,-0.0013456766374893014,0.001323239437343915,0.13100000000000023
2021-09-29,-0.016000000000000014,-0.015800000000000036,0.0008354607123226554,-0.010269930232940538,0.33499999999999996
2021-09-30,-0.023900000000000254,0.0013000000000000789,0.0029648868193712374,0.006691460119414572,-0.18400000000000016
2021-10-08,0.0242,0.0371999999999999,-0.003862261285854096,0.012976131673548608,-0.09600000000000009
2021-10-11,0.008599999999999941,0.056800000000000406,-0.0019367389830182713,0.0012671430694215502,0.028999999999999915
2021-10-12,-0.0022999999999999687,-0.001200000000000312,-0.0004964088028345248,-0.010662982290105205,-0.03200000000000003
2021-10-13,-0.03069999999999995,0.0026999999999999247,0.002556971461097568,0.011456214558821287,0.03500000000000014
2021-10-14,-0.013900000000000023,-0.007099999999999884,-0.003069151262921288,-0.005378001533712151,-0.0040000000000000036
2021-10-15,0.001100000000000101,0.00550000000000006,-0.00043478261554485975,0.003757190016228762,-0.06599999999999984
2021-10-18,0.039000000000000146,0.0676000000000001,-0.0013365869294716948,-0.011692552893949326,0.041999999999999815
2021-10-19,0.005799999999999805,-0.02450000000000019,0.00010885877140309752,0.009787862236965594,0.10899999999999999
2021-10-20,-0.005199999999999871,0.0018000000000002458,-0.0037078624146795747,-0.00255033547576744,-0.06199999999999983
2021-10-21,-0.008399999999999963,-0.042400000000000215,-0.0027977729860453326,0.003624853969590447,-0.16599999999999993
2021-10-22,-0.0129999999999999,0.011600000000000055,0.0022201037870710483,0.00641398449040409,0.0009999999999998899
2021-10-25,-0.009000000000000341,0.00550000000000006,-0.0016880806784604907,0.003983827426726094,0.18699999999999983
2021-10-26,0.0036000000000000476,-0.0028000000000001357,-0.0005320231086105576,-0.003303980601286227,0.019000000000000128
2021-10-27,-0.008099999999999774,-0.007800000000000029,-0.0005323063078737089,-0.013169700439480181,0.005999999999999783
2021-10-28,-0.007200000000000095,-0.006999999999999673,0.0015804342441365637,-0.006971006715064121,0.03300000000000036
2021-10-29,0.0017999999999998018,0.005299999999999638,-0.0007820810008842827,0.00913390565857597,-0.002000000000000224
2021-11-01,0.019000000000000128,-0.026599999999999735,0.004449690789839922,-0.0036910257076332442,-0.13099999999999978
2021-11-02,-0.049799999999999844,-0.02540000000000031,-0.002854893866567121,-0.0104495558677975,0.016999999999999904
2021-11-03,-0.0045999999999999375,0.01570000000000027,0.0010929986723000606,-0.0038782539488675383,-0.04800000000000004
2021-11-04,-0.000700000000000145,-0.004100000000000215,-0.00212463562761922,0.009830980857962857,-0.004999999999999893
2021-11-05,-0.006400000000000183,-0.03739999999999988,0.0005784730037878827,-0.005436294228422511,-0.0030000000000001137
2021-11-08,-0.011800000000000033,0.0024000000000001798,-0.00032828144957486316,0.0012040009233995619,-0.008000000000000007
2021-11-09,0.011700000000000266,-0.00019999999999997797,-0.0008759444335399991,-0.000296051836050637,0.06999999999999984
2021-11-10,-0.012599999999999945,0.007299999999999862,0.000703944464388373,-0.005285917721552735,-0.04899999999999993
2021-11-11,0.0044999999999997264,0.027800000000000047,0.0030758925986580365,0.01593894485071523,-0.028999999999999915
2021-11-12,-0.009700000000000042,0.0,-0.001247952739763969,-0.0021003319880961158,0.01100000000000012
2021-11-15,-0.0019000000000000128,-0.011900000000000244,-0.0026414313464517836,-0.0012275821522944597,-0.02400000000000002
2021-11-16,-0.00749999999999984,0.000500000000000167,0.0004381161077746665,0.0001931044711724894,-0.0040000000000000036
2021-11-17,0.019099999999999895,0.004999999999999893,0.00017206454026919005,0.000498266222821897,0.08599999999999985
2021-11-18,0.010000000000000231,-0.01200000000000001,-0.002066731074310546,-0.009901151325950153,-0.009999999999999787
2021-11-19,-0.033800000000000274,0.020000000000000018,0.0003447519387262954,0.010781507928948386,-0.001000000000000334
2021-11-22,-0.0044999999999997264,-0.015200000000000102,0.0019878388414202863,0.004558355078732035,-0.06199999999999983
2021-11-23,0.022299999999999986,-0.0242,-0.0003597094212275387,0.00019269786297826386,0.06099999999999994
2021-11-24,-0.013800000000000257,-0.035499999999999865,-0.0004067839094830106,0.0006738960147174566,0.0990000000000002
2021-11-25,-0.013099999999999667,-0.005399999999999849,0.0012042258831148622,-0.00412027384424718,-0.038000000000000256
2021-11-26,-0.014499999999999957,-0.02499999999999991,-0.0006879514952835564,-0.007444270840791134,0.016000000000000014
2021-11-29,0.005399999999999849,0.0024999999999999467,-0.0010015023370895104,-0.0017924024029642993,-0.008000000000000007
2021-11-30,-0.025500000000000078,0.0024999999999999467,-0.0012219386478056204,-0.004006222564539641,0.058000000000000274
2021-12-01,0.02629999999999999,0.00749999999999984,-0.0015844756113263525,0.0024442241022910594,-0.17600000000000016
2021-12-02,0.0028000000000001357,0.020000000000000018,0.0004081248290728201,0.002538554400397075,-0.020999999999999908
2021-12-03,0.007899999999999796,0.015000000000000124,0.00029813976699166744,0.009194216705465053,-0.02200000000000024
2021-12-06,-0.008899999999999686,-0.05750000000000011,-0.0005649717664404363,-0.001714705345323253,0.051000000000000156
2021-12-07,0.009199999999999875,0.03000000000000025,0.0005649717664404363,0.006007442179166489,0.029999999999999805
2021-12-08,0.010199999999999765,0.012499999999999734,-0.0009575011523046406,0.014887967468881769,0.04300000000000015
2021-12-09,0.011100000000000332,-0.0051000000000001044,-0.0028150205339843026,0.016429833085918943,0.018000000000000238
2021-12-10,0.02400000000000002,-0.00990000000000002,0.003207549919848507,-0.004652336840488047,-0.03600000000000003
2021-12-13,-0.019500000000000295,0.015000000000000124,-0.0005181713378772379,0.005658113973554535,0.0129999999999999
2021-12-14,-0.0041999999999999815,-0.015000000000000124,9.423294390709103e-05,-0.006731246309326977,0.0129999999999999
2021-12-15,0.023600000000000065,0.002500000000000391,0.000643687566870943,-0.008710867839850422,-0.008999999999999897
2021-12-16,-0.004999999999999893,0.012399999999999967,-0.0012406462373573124,0.005743280214357327,0.008000000000000007
2021-12-17,0.009500000000000064,-0.00990000000000002,0.00021997360405490163,-0.0160116067048115,-0.058000000000000274
2021-12-20,0.030199999999999783,0.007400000000000073,0.004420624204209078,-0.015117879548551372,-0.029999999999999805
2021-12-21,0.04400000000000004,-0.002500000000000391,-0.003195941997442109,0.006752696104046052,-0.03399999999999981
2021-12-22,-0.019099999999999895,-0.021399999999999864,-0.0004080607753276233,0.00019721325785937438,-0.07500000000000018
2021-12-23,-0.0230999999999999,-0.018600000000000172,-0.0008166214314393461,0.006952036128707206,0.01100000000000012
2021-12-24,0.0017999999999998018,0.007500000000000284,0.0006439301950902365,-0.005550929636584101,-0.08000000000000007
2021-12-27,0.015800000000000036,-0.007500000000000284,-9.420779105395738e-05,-0.00041076477423018787,0.3689999999999998
2021-12-28,-0.008199999999999985,-0.00649999999999995,0.0006592682361628022,0.007420698494609468,-0.06699999999999973
2021-12-29,-0.03080000000000016,-0.016000000000000014,0.0001098357955962026,-0.014733618146385297,0.004999999999999893
2021-12-30,-0.02400000000000002,-0.029999999999999805,-0.000957546243371965,0.007757414474152569,0.07100000000000017
2021-12-31,-0.059699999999999864,0.009999999999999787,0.0013026659405821484,0.0038253182898273508,-0.050000000000000266
2022-01-04,0.006099999999999994,0.01750000000000007,0.0005801601090984487,-0.004586675142668639,-0.1719999999999997
2022-01-05,-0.015899999999999803,0.012599999999999945,-0.0002351594784024691,-0.010146353318070567,0.04899999999999993
2022-01-06,0.005999999999999783,0.020500000000000185,-0.0007999561235023656,-0.010300852400831673,-0.10600000000000032
2022-01-07,-0.00990000000000002,-0.0030000000000001137,0.00021965952861524585,0.0008582660733900127,0.06100000000000039
2022-01-10,-0.016900000000000137,-0.01750000000000007,-0.0013972293179354,0.004484855776462737,-0.010000000000000231
2022-01-11,-0.00649999999999995,-0.0024999999999999467,0.00048689698379011936,-0.009598180001150425,0.03799999999999981
2022-01-12,-0.014399999999999746,-0.0015000000000000568,-0.0004083491756261548,0.009914724800918151,-0.03299999999999992
2022-01-13,0.0015000000000000568,-0.0040000000000000036,-0.0018238998766861858,-0.01657627680400431,0.10400000000000009
2022-01-14,0.0004999999999997229,-0.0031999999999996476,0.0021223252921807045,-0.008256412974015248,0.01100000000000012
2022-01-17,-0.027800000000000047,-0.0019000000000000128,-0.0012256829216024112,0.008541123391973215,-0.03000000000000025
2022-01-18,-0.024699999999999722,-0.029900000000000038,-0.0012271870640172544,0.009617611130421366,-0.09499999999999975
2022-01-19,-0.0777000000000001,-0.03340000000000032,0.0016201977668270917,-0.00687301912880578,0.0389999999999997
2022-01-20,-0.0253000000000001,0.007600000000000051,-0.0021871001330795448,0.008981985673518267,-0.01399999999999979
2022-01-21,-0.026799999999999713,-0.01709999999999967,0.00011025618824023198,-0.009204628816750215,-0.0009999999999998899
2022-01-24,-0.04990000000000028,-0.02629999999999999,-0.0012765657391853313,0.0015520512679181309,0.020000000000000018
2022-01-25,0.010099999999999998,0.00039999999999995595,0.00011038484900294243,-0.022882021063491464,-0.039000000000000146
2022-01-26,0.033600000000000074,0.03200000000000003,-0.002715848318705305,0.007211331036815594,-0.004999999999999893
2022-01-27,-0.00019999999999997797,0.0118999999999998,0.002148024959599981,-0.019810451513432525,0.03200000000000003
2022-01-28,-0.020999999999999908,-0.016999999999999904,0.005726527511233259,-0.012218498561432867,0.1299999999999999
2022-02-07,-0.03280000000000016,0.015499999999999847,-0.0026074814892838027,0.015290351335137231,-0.14800000000000013
2022-02-08,-0.020199999999999996,-0.00849999999999973,-0.00017302534864516161,-0.005478186545120778,-0.01499999999999968
2022-02-09,-0.027099999999999902,0.015799999999999592,0.0013205265159568214,0.00934868635112096,-0.0770000000000004
2022-02-10,-0.018000000000000016,-0.0020999999999999908,-0.0008487096979439279,-0.0026255935359351668,-0.04499999999999971
2022-02-11,0.046699999999999964,0.05750000000000011,0.0012884979783920336,-0.008325148590440534,0.05599999999999983
2022-02-14,-0.03289999999999993,0.006200000000000205,-0.0002669912458435064,-0.01086147435325202,0.002000000000000224
2022-02-15,0.0014999999999998348,-0.0033000000000003027,-0.0009271700763986424,0.01058047662079531,-0.02300000000000013
2022-02-16,-0.006899999999999906,0.002000000000000224,-0.0022350246971929444,0.0038808080537720002,0.05699999999999994
2022-02-17,0.03049999999999997,-0.016999999999999904,-0.0022400312243908704,0.0024170907501375183,-0.05500000000000016
2022-02-18,0.06099999999999994,0.021300000000000097,0.00034737573771925767,0.004756463071876382,0.09600000000000009
2022-02-21,0.04590000000000005,0.0371999999999999,0.0009152307651425495,-0.0036447424040062515,0.04200000000000026
2022-02-22,0.052000000000000046,0.0022999999999999687,0.0013555263408426832,-0.01306672593762137,0.05099999999999971
2022-02-23,0.014200000000000212,-0.0235000000000003,-0.0027444812179269196,0.010632423969486382,-0.01499999999999968
2022-02-24,-0.0019000000000000128,-0.020099999999999785,-0.0005213558529695295,-0.02048232836925301,0.010999999999999677
2022-02-25,-0.021700000000000053,-0.00550000000000006,0.0010424400356443542,0.009690736574295755,0.13500000000000023
2022-02-28,-0.04120000000000035,-0.0002999999999997449,-0.0019594216495972816,0.0017959888173546545,-0.07299999999999995
2022-03-01,0.02950000000000008,0.023399999999999643,-0.0032954179193911415,0.008268480327382477,-0.2200000000000002
2022-03-02,0.029100000000000126,0.014499999999999957,0.005333768036159592,-0.00893335328226108,0.016999999999999904
2022-03-03,0.02950000000000008,0.02220000000000022,-0.005302029561190746,-0.005908390351454074,-0.040999999999999925
2022-03-04,-0.0037000000000002586,-0.025399999999999867,0.004307075318072062,-0.0122012662478177,0.04300000000000015
2022-03-07,-0.018299999999999983,0.0036999999999998145,0.002997651456651651,-0.03246962373773066,0.020000000000000018
2022-03-08,-0.0010999999999996568,-9.999999999976694e-05,-0.00462645796510297,-0.02028029391193087,0.04599999999999982
2022-03-09,0.04599999999999982,0.028999999999999915,-0.00011079192496454837,-0.009195992239423134,-0.054999999999999716
2022-03-10,-0.0011999999999998678,0.0026999999999999247,-0.0011561335750855939,0.015610051975365025,0.022999999999999687
2022-03-11,0.013700000000000045,-0.03739999999999988,0.003180105677416112,0.003182635215425833,0.020000000000000018
2022-03-14,-0.028900000000000148,-0.046800000000000175,0.0031542782358846555,-0.03107422743856425,0.002000000000000224
2022-03-15,0.04490000000000016,0.044700000000000184,0.003991644858065024,-0.046817170836618516,0.017999999999999794
2022-03-16,0.03189999999999982,-0.008000000000000007,0.0006271558687844792,0.04233341308727745,-0.006999999999999673
2022-03-17,-0.000500000000000167,-0.00649999999999995,-0.006194696161408553,0.01944706799211282,-0.03200000000000003
2022-03-18,-0.026499999999999968,-0.01130000000000031,0.0002996112960098607,0.006633946187459827,-0.010000000000000231
2022-03-21,0.021500000000000075,0.011200000000000099,0.003965324388281344,-0.0016788498519844097,0.03100000000000014
2022-03-22,0.01869999999999994,0.026800000000000157,-0.00020417618905388402,-0.0008106374468983546,-0.03100000000000014
2022-03-23,-0.026699999999999946,-0.007400000000000073,-0.0016663788421587,0.004974896956355224,0.0009999999999998899
2022-03-24,0.004999999999999893,-0.022499999999999964,0.001289328627172015,-0.0059127334072410775,-0.017999999999999794
2022-03-25,-0.0004999999999997229,-0.008100000000000218,0.0015544166610468313,-0.018213888293253433,0.1509999999999998
2022-03-28,0.01709999999999967,-0.006899999999999906,-0.00010982890237065668,-0.006273665406629547,-0.018999999999999684
2022-03-29,-0.006899999999999906,0.0020999999999999908,-0.0014445877586761746,-0.0034583817379463255,-0.04300000000000015
2022-03-30,-0.00649999999999995,-0.022499999999999964,-0.0011634672632980791,0.02860264728173867,0.0259999999999998
2022-03-31,-0.03169999999999984,0.01739999999999986,-0.0013223350582454163,-0.007432670970271005,0.026000000000000245
2022-04-01,-0.012399999999999967,-0.014499999999999957,0.00042522699099656336,0.012604648656475703,-0.18000000000000016
2022-04-06,-0.01849999999999996,-0.008000000000000007,0.00455588810767571,-0.002884522210358398,-0.0129999999999999
2022-04-07,-0.017000000000000348,-0.020000000000000018,-0.002196802967293854,-0.012921620088143015,0.04700000000000015
2022-04-08,-0.005199999999999871,0.004999999999999893,-9.425662945283797e-05,0.005134476259090803,-0.06600000000000006
2022-04-11,0.008500000000000174,0.01750000000000007,-0.00012568932757051066,-0.03137915695696236,-0.038000000000000034
2022-04-12,-0.0019000000000000128,-0.004999999999999893,0.0023540500513090645,0.019300595510129526,0.09299999999999997
2022-04-13,-0.0009000000000001229,-0.0026000000000001577,-0.0006742612782597579,-0.009672456165581877,-0.07400000000000007
2022-04-14,-0.040200000000000014,0.0,-0.0033309272540769097,0.01244272445365624,-0.06099999999999994
2022-04-15,-0.023699999999999832,0.0026000000000001577,0.005587132773717585,-0.0006732920909513496,-0.08299999999999996
2022-04-18,0.011299999999999866,0.040000000000000036,-0.00208367679710153,-0.005353082266564613,0.053999999999999826
2022-04-19,0.0123000000000002,0.012500000000000178,-0.0006745997761383737,-0.0075850538246466925,-0.07499999999999996
2022-04-20,-0.02740000000000009,0.01399999999999979,0.004322096364617778,-0.0156267419256082,0.13600000000000012
2022-04-21,-0.013500000000000068,-0.0030000000000001137,0.0015925807853396368,-0.018585496256358525,-0.133
2022-04-22,-0.05249999999999999,0.00890000000000013,0.007739327175015243,0.004350019703659669,-0.10400000000000009
2022-04-25,-0.08640000000000003,-0.015000000000000124,0.0048337996131884164,-0.050683555923049184,0.01200000000000001
2022-04-26,0.05059999999999998,0.0049000000000001265,0.010436956325635238,-0.008104470811487019,-0.030999999999999917
2022-04-27,0.1372000000000002,0.015099999999999891,0.00012196237475858851,0.02901799754097567,0.062000000000000055
2022-04-28,0.03159999999999963,0.007600000000000051,0.0004572264722333408,0.006542780554855909,0.1369999999999998
2022-04-29,0.004100000000000215,-0.012499999999999734,0.008330536397668453,0.023972302145303104,0.1259999999999999
2022-05-05,0.0022999999999999687,-0.0051000000000001044,-0.007660315504339543,-0.0015027316517919331,-0.10299999999999976
2022-05-06,-0.0686,-0.0049000000000001265,0.00999978030588733,-0.025609399888411488,-0.1140000000000001
2022-05-09,-0.0034000000000000696,-0.0051000000000001044,0.008511583987503624,-0.008060045395904325,0.025000000000000133
2022-05-10,-0.012199999999999989,-0.01750000000000007,0.003506602714283158,0.010883868197312907,-0.18400000000000016
2022-05-11,0.019400000000000084,0.020000000000000018,0.0023210151465875573,0.014324614803433278,0.07800000000000007
2022-05-12,-0.020199999999999996,-0.012299999999999756,2.9721656687353715e-05,-0.0044569037960684454,0.006000000000000005
2022-05-13,-0.01849999999999996,0.005199999999999871,0.00896522019292556,0.0075145494622574915,-0.04299999999999993
2022-05-16,-0.005600000000000271,0.007299999999999862,-0.0003977343923271537,-0.008070992359769491,0.04299999999999993
2022-05-17,-0.018699999999999717,-0.006899999999999906,-0.00025050654026737007,0.012397276884579256,-0.1299999999999999
2022-05-18,-0.05190000000000006,-0.008699999999999708,-0.0064017960273807795,-0.003497590270722384,0.06299999999999994
2022-05-19,-0.0043999999999999595,0.00019999999999997797,0.0015265481492778843,0.0019249195454964507,0.006999999999999895
2022-05-20,0.016199999999999992,0.008099999999999774,-0.0005481035015855173,0.01931457491576083,0.01100000000000012
2022-05-23,0.006999999999999895,-0.014899999999999913,-0.010890805856400121,-0.005808849033170915,0.028000000000000025
2022-05-24,0.00649999999999995,-0.0015999999999998238,-0.0028502442001812067,-0.02366929062488765,-0.01200000000000001
2022-05-25,0.014600000000000168,-0.009600000000000275,-0.00024039183985458124,0.0060497022182985916,0.10399999999999987
2022-05-26,-0.04520000000000013,-0.04720000000000013,0.003240424090225069,0.0024739040099373,-0.020000000000000018
2022-05-27,-0.017800000000000038,-0.03349999999999964,0.00925815204521796,0.002065010850841986,0.01200000000000001
2022-05-30,0.011600000000000055,0.014399999999999746,-0.005043340179958777,0.006903640572861747,0.037000000000000144
2022-05-31,0.0032000000000000917,0.019700000000000273,-0.006599103668310846,0.015393303587812213,0.08399999999999985
2022-06-01,0.005900000000000016,0.00749999999999984,0.0006603731348062691,-0.0020405417200386466,-0.246
2022-06-02,0.021499999999999853,0.009999999999999787,0.006639475289820673,0.0015639790523067632,0.02200000000000002
2022-06-06,0.05469999999999997,0.012500000000000178,-0.006039514269289503,0.018537355985962733,0.027000000000000135
2022-06-07,0.01540000000000008,-0.012500000000000178,-0.0006299685224091522,0.0031259860808905415,0.006999999999999895
2022-06-08,-0.01529999999999987,0.0050000000000003375,-0.00022508497052609044,0.009687892711943036,-0.018999999999999906
2022-06-09,-0.002200000000000202,-0.007500000000000284,0.0026527798538618086,-0.01051467465140199,0.018000000000000016
2022-06-10,0.00019999999999997797,0.0024999999999999467,0.0027353254975608365,0.01504993254272513,-0.03200000000000003
2022-06-13,0.006299999999999972,0.002500000000000391,0.0028022913639960123,-0.011779647453103337,0.02499999999999991
2022-06-14,0.026899999999999924,0.00749999999999984,0.004455541143824737,0.007836468093540105,-0.04400000000000004
2022-06-15,-0.0030999999999998806,0.007699999999999818,0.0005333333459753842,0.013153817785461541,0.052000000000000046
2022-06-16,0.000300000000000189,-0.004699999999999704,-0.006225088258988709,-0.00660309111442281,-0.020000000000000018
2022-06-17,-0.024599999999999955,-0.00550000000000006,-0.0026264359757817157,0.013782732704676448,0.049000000000000155
2022-06-20,-0.004100000000000215,0.015099999999999891,0.0029393573978060417,0.004951328234504615,0.09199999999999986
2022-06-21,-0.001100000000000101,0.0,-0.004015799859754754,-0.001124561311540262,-0.03299999999999992
2022-06-22,-0.008399999999999741,-0.007600000000000051,0.0038519008509767527,-0.012783281528527368,-0.013000000000000123
2022-06-23,0.007500000000000062,0.0049000000000001265,-0.0004471338793305968,0.01700787255370173,-0.028000000000000025
2022-06-24,0.0019999999999997797,0.012599999999999945,-0.0011784098798759413,0.011648200377688767,0.0950000000000002
2022-06-27,0.03620000000000001,0.04249999999999998,-0.0022413158430141245,0.011198532531306427,0.1419999999999999
2022-06-28,-0.018299999999999983,0.007800000000000029,0.001195993564598652,0.010353497362451947,-0.01200000000000001
2022-06-29,0.007699999999999818,-0.005300000000000082,0.0015675739409739542,-0.015521088269808914,0.04499999999999993
2022-06-30,-0.017899999999999583,-0.026599999999999735,0.0011777949762190598,0.014294240989372042,0.17500000000000027
2022-07-01,-0.014300000000000423,0.0014999999999996128,-0.003746916167058245,-0.004087015162388852,-0.40200000000000014
2022-07-04,0.04510000000000014,0.030500000000000416,0.003106009933546261,0.006540963520297538,-0.17399999999999993
2022-07-05,-0.0045999999999999375,-0.005600000000000271,-0.0012681174633306647,-0.0014449839333696701,0.04499999999999993
2022-07-06,-0.012500000000000178,-0.00749999999999984,0.0038738948261651807,-0.014712430163868362,-0.028000000000000025
2022-07-07,0.00040000000000040004,0.004999999999999893,-0.0015328638529641392,0.004398975120938786,-0.015000000000000124
2022-07-08,-0.006400000000000183,0.006000000000000227,-0.0006704360319957914,-0.0033120360254255132,0.025000000000000133
2022-07-11,-0.0038000000000000256,-0.012900000000000134,-0.0020588110928865255,-0.01688778423704207,-0.02400000000000002
2022-07-12,-0.002200000000000202,-0.015500000000000291,0.004871626877578583,-0.009459504788424056,-0.006000000000000005
2022-07-13,-0.006399999999999739,-0.00749999999999984,-7.431131987756245e-05,0.001816613642521503,-0.0040000000000000036
2022-07-14,-0.028900000000000148,-0.012499999999999734,-0.00025269980141473525,0.00014172440725879198,0.01200000000000001
2022-07-15,-0.023199999999999887,-0.010400000000000187,0.0035319993977975805,-0.017163020676960627,-0.03600000000000003
2022-07-18,-0.02069999999999994,0.0030000000000001137,-0.0008299370613469303,0.01031689670335112,0.052999999999999936
2022-07-19,-0.0030000000000001137,0.0004999999999997229,5.930406679377498e-05,-0.0054300299695491105,-0.016999999999999904
2022-07-20,-0.0017000000000000348,-0.012199999999999989,0.0002075365420000086,0.0033818244642755957,0.050000000000000044
2022-07-21,-0.0041999999999999815,-0.012499999999999734,0.002294852396989455,-0.011208023842097958,0.0
2022-07-22,-0.014399999999999968,0.022999999999999687,-0.0014503265776464325,0.0005136240463556874,-0.04400000000000004
2022-07-25,-0.009199999999999875,-0.006699999999999928,0.0003109613914666909,-0.006056193831945222,0.0040000000000000036
2022-07-26,-0.023700000000000054,-0.007400000000000073,-0.0008887177869314478,0.007881160974413604,-0.007000000000000117
2022-07-27,-0.01649999999999996,0.0048000000000003595,0.0036682633173166224,-0.00494395330537678,-0.018999999999999906
2022-07-28,0.009299999999999864,0.009999999999999787,-0.004735768274355623,0.00015089858169581305,-0.06699999999999995
2022-07-29,-0.024399999999999977,-0.03049999999999997,0.0003856193688032139,-0.013238137096292846,0.15900000000000003
2022-08-01,-0.031299999999999883,-0.02300000000000013,0.00044476072606514094,0.004444794555352516,-0.14500000000000002
2022-08-02,-0.0506000000000002,-0.0030999999999998806,-7.411305208360197e-05,-0.01968658787946964,-0.03400000000000003
2022-08-03,-0.006099999999999994,0.000500000000000167,0.005189440587110905,-0.00979910041660581,-0.14100000000000001
2022-08-04,-0.02729999999999988,-0.0016000000000002679,-0.002613531303302663,0.008462130144247126,-0.0040000000000000036
2022-08-05,0.02180000000000004,0.008799999999999919,-0.0034211865331554847,0.01341056606069202,0.0029999999999998916
2022-08-08,0.03049999999999997,0.0050000000000003375,0.004293122804047034,-0.002127999650761936,0.007000000000000117
2022-08-09,0.07200000000000006,0.0011999999999998678,-0.0016410533033326402,0.001978743078845824,0.018000000000000016
2022-08-10,0.0019000000000000128,-0.00019999999999997797,0.0004142134441895706,-0.011263908664876254,0.020999999999999908
2022-08-11,0.014399999999999968,-0.005199999999999871,-0.004268696824011542,0.020186804471448383,-0.026000000000000023
2022-08-12,-0.01429999999999998,0.00509999999999966,0.001321092393985257,-0.0005702771828470787,0.009000000000000119
2022-08-15,-0.15360000000000018,-0.0823999999999998,-4.450279255752143e-05,-0.00130660401702265,0.01200000000000001
2022-08-16,-0.007900000000000018,-0.022600000000000176,0.00473583836146485,-0.001875383970913802,-0.03300000000000014
2022-08-17,0.011300000000000088,0.008199999999999985,0.001961753816996037,0.009320508819421036,0.07500000000000018
2022-08-18,0.0036000000000000476,-0.034499999999999975,-0.0008992740074575956,-0.008779083306508895,0.01200000000000001
2022-08-19,0.008199999999999985,-0.030199999999999783,0.0038714379280857525,-0.006968026242654801,0.029999999999999805
2022-08-22,-0.009600000000000053,0.004999999999999893,0.001952107941782133,0.00727823388848492,-9.999999999998899e-05
2022-08-23,0.03820000000000001,0.020000000000000018,0.004754216428388025,-0.004870072945307058,-0.009899999999999798
2022-08-24,0.02629999999999999,0.0,-0.0019720846937438807,-0.019085381346291896,-0.05400000000000005
2022-08-25,0.010199999999999987,0.0259999999999998,0.0021617840208800754,0.00825020077551386,0.06999999999999984
2022-08-26,0.025800000000000045,0.009000000000000341,-0.0007298098439558753,-0.002114379968169544,0.2300000000000002
2022-08-29,-0.017400000000000082,-0.0024999999999999467,0.003090741905237948,-0.004397922147477473,-0.1060000000000001
2022-08-30,-0.04709999999999992,-0.025500000000000078,0.0015127275611974689,-0.0033622252849205836,0.010000000000000009
2022-08-31,-0.01990000000000003,0.015600000000000058,0.0015104426725018882,0.0007471825661564679,0.131
2022-09-01,9.999999999998899e-05,-0.014800000000000146,-0.001234326033267008,-0.008642800635307424,-0.2829999999999999
2022-09-02,-0.010299999999999976,-0.00010000000000021103,0.0013939510599076943,-0.004989602600430132,0.0129999999999999
2022-09-05,-0.014999999999999902,0.0026000000000001577,0.0011746366865601487,-0.002036736560398822,-0.10099999999999998
2022-09-06,0.006999999999999895,-0.0028000000000001357,0.0014193233080592726,0.009136191528957838,0.040000000000000036
2022-09-07,-0.006399999999999961,-0.0009999999999998899,0.0009258188371055187,0.0006667601713310489,0.07499999999999996
2022-09-08,0.028699999999999948,0.014000000000000234,-0.0001735257545496527,-0.0042752597043573815,-0.02200000000000002
2022-09-09,0.02200000000000002,0.01969999999999983,-0.0007233482658468571,0.013799320738442589,-0.026000000000000023
2022-09-13,0.0017000000000000348,-0.005199999999999871,-0.002463305260769877,0.004223603394432729,0.04499999999999993
2022-09-14,0.02210000000000001,0.022499999999999964,0.002723770916951862,-0.011192105648595074,0.03600000000000003
2022-09-15,0.03299999999999992,0.0025999999999997137,-0.00021705000193761315,-0.009450921343384877,-0.010000000000000009
2022-09-16,-0.0020000000000000018,0.012199999999999989,0.0029478512163785275,-0.02372934420128381,0.09600000000000009
2022-09-19,0.017100000000000115,-0.0047999999999999154,0.0013121752987652613,-0.0011913724882575139,0.05600000000000005
2022-09-20,0.014000000000000012,-0.010499999999999954,0.0010369859207863819,0.001230403607722863,-0.01200000000000001
2022-09-21,-0.0040999999999999925,-0.018299999999999983,0.0009783891891512742,-0.007427083642582488,0.038999999999999924
2022-09-22,-0.013000000000000123,0.000300000000000189,0.003760751988665101,-0.008848752286127137,-0.08000000000000007
2022-09-23,0.013100000000000112,0.019400000000000084,0.001746375284595647,-0.0034491089709831613,-0.03799999999999981
2022-09-26,0.025499999999999856,0.034099999999999575,0.005391617562510831,-0.005029169093615948,0.23199999999999998
2022-09-27,0.0014000000000000679,-0.013699999999999601,0.006013349562696613,0.014392252392120497,-0.14300000000000002
2022-09-28,0.010999999999999899,0.028699999999999726,0.005429086373803793,-0.0164710783575579,0.050000000000000044
2022-09-29,0.027200000000000113,0.04039999999999999,-7.031903750198687e-05,-0.0004092032542786228,0.268
2022-09-30,-0.0007999999999999119,-0.0028999999999999027,-0.0014637581783123466,-0.005832830032520775,0.040000000000000036
2022-10-10,-0.09610000000000007,-0.017999999999999794,-8.451299392331357e-05,-0.022310462398799302,-0.558
2022-10-11,-0.00039999999999995595,0.0129999999999999,0.0011684629005099811,0.00181246967839499,0.12399999999999989
2022-10-12,-0.0008000000000001339,-0.008399999999999963,0.0003938724748131506,0.0150747668351503,-0.010000000000000009
2022-10-13,-0.0018000000000000238,-0.009300000000000086,-2.8128603979604705e-05,-0.008394261014007753,0.026999999999999913
2022-10-14,-0.018299999999999983,-0.02980000000000027,-0.0001828552143445794,0.02364697751985112,-0.04399999999999982
2022-10-17,0.006099999999999994,0.010000000000000231,9.84646547854684e-05,0.0010254027826732681,-0.03600000000000003
2022-10-18,-0.008099999999999996,-0.007000000000000117,-0.00012659919415436427,-0.002119855227316947,-0.028000000000000025
2022-10-19,0.001000000000000112,0.0045000000000001705,0.00026724617047602095,-0.016214359109143928,0.016999999999999904
2022-10-20,0.012699999999999934,0.02049999999999974,0.0011666070630795833,-0.005737707729672081,0.03400000000000003
2022-10-21,-0.011800000000000033,0.0049000000000001265,-2.8095017350571183e-05,-0.00321000254855619,0.10099999999999998
2022-10-24,0.0031000000000001027,-0.015000000000000124,0.0006179081198738334,-0.029697314594729463,0.04400000000000004
2022-10-25,-0.001100000000000101,0.0123000000000002,0.006130265947389191,-0.0016304205853163722,0.1499999999999999
2022-10-26,-0.0014999999999998348,-0.0045999999999999375,-0.000418684499438271,0.008085452384046121,0.11900000000000022
2022-10-27,-0.023500000000000076,-0.027099999999999902,-0.0009496676877072119,-0.0070685618468981914,0.017999999999999794
2022-10-28,-0.018799999999999928,-0.02430000000000021,0.0017868614632341462,-0.025045748847757565,-0.04999999999999982
2022-10-31,-0.011900000000000022,-0.03069999999999995,0.0009758410432421094,-0.009255654087809262,-0.01100000000000012
2022-11-01,0.01639999999999997,0.0264000000000002,0.004351792420782097,0.035135062295115205,-0.123
2022-11-02,0.017199999999999882,0.010499999999999954,0.0016080071112016814,0.011934504204354823,-0.05800000000000005
2022-11-03,-0.0047999999999999154,-0.001000000000000334,0.0038017865780204385,-0.008165406510091344,-0.052999999999999936
2022-11-04,0.0030999999999998806,0.018000000000000238,0.0011446145760696247,0.032174550004191005,-0.016000000000000014
2022-11-07,-0.005499999999999838,0.0023999999999997357,-0.0036314219696640393,0.0021538040745809894,0.08400000000000007
2022-11-08,0.02059999999999995,-0.007399999999999629,-0.0019661877535124272,-0.006903231139061106,0.026000000000000023
2022-11-09,0.028299999999999992,0.0023999999999997357,0.0005403945011270839,-0.009393584571096625,0.04299999999999993
2022-11-10,0.032399999999999984,0.007500000000000284,0.003222440915629843,-0.007724919156991916,0.08299999999999996
2022-11-11,0.07360000000000011,0.03509999999999991,-0.007136503207673561,0.027496634988239066,-0.050000000000000044
2022-11-14,0.16339999999999977,0.09989999999999988,-0.014117288362704317,0.0014713969071706856,-0.041999999999999815
2022-11-15,0.03410000000000002,-0.01739999999999986,-0.0067648149289603055,0.01878791471299124,0.08299999999999996
2022-11-16,0.07129999999999992,0.01980000000000004,-0.0008239573144870338,-0.008202958521996706,0.06899999999999995
2022-11-17,0.014200000000000212,-0.030100000000000016,0.004141321211898141,-0.004109711584245446,-0.135
2022-11-18,-0.019299999999999873,0.010199999999999765,0.006151868483791789,-0.004486852194025559,-0.07200000000000006
2022-11-21,-0.03670000000000018,0.0026999999999999247,0.002318279611067009,-0.008570387905360022,-0.11599999999999988
2022-11-22,-0.007600000000000051,0.0050000000000003375,0.005751364481958898,0.00011826973461559476,-0.010000000000000009
2022-11-23,-0.01089999999999991,-0.007600000000000051,-0.0054005783666857266,0.0010489055238469547,0.008000000000000007
2022-11-24,-0.06820000000000004,-0.015800000000000036,-0.0011229489817208282,-0.004440844467097804,0.09599999999999986
2022-11-25,0.04039999999999999,0.035600000000000076,0.0019362991878271174,0.0050363165103242125,-0.02499999999999991
2022-11-28,-0.010699999999999932,0.026699999999999946,0.003889313501168168,-0.011328898234774343,0.137
2022-11-29,0.03399999999999981,0.021500000000000075,0.005180853614447756,0.030386165895359696,-0.016000000000000014
2022-11-30,0.025100000000000122,-0.0052000000000003155,-0.0030607016200099313,0.0011982406481632069,0.050000000000000044
2022-12-01,0.0028999999999999027,-0.00749999999999984,-0.007608747562581897,0.010772754997040224,-0.18599999999999994
2022-12-02,0.01869999999999994,-0.007400000000000073,-0.009635603270312876,-0.006134907117042232,-0.03600000000000003
2022-12-05,-0.02359999999999962,0.015099999999999891,-0.00224231250729523,0.019424967968232565,-0.0040000000000000036
2022-12-06,0.008999999999999897,0.03259999999999996,-0.009105893219580441,0.005387707585699175,-0.01200000000000001
2022-12-07,0.026399999999999757,-0.02719999999999967,0.003277964014733792,-0.0024618265506841652,-0.014000000000000012
2022-12-08,0.07699999999999996,-0.015000000000000124,-0.005287264880192488,0.00018664698149706282,0.04699999999999993
2022-12-09,0.02980000000000027,0.02499999999999991,-0.000258631839020973,0.0098184321514303,0.04899999999999993
2022-12-12,0.022499999999999964,-0.0021999999999997577,-0.0003305713884638184,-0.011268394049661623,-0.1489999999999998
2022-12-13,0.030400000000000205,0.007399999999999629,0.0025985040929434877,-0.001965281696730159,0.1379999999999999
2022-12-14,-0.03610000000000024,-0.03059999999999974,-0.0030298484562092387,0.0023300616688324283,-0.07899999999999996
2022-12-15,-0.005799999999999805,0.011099999999999888,-0.0027650185389367365,-0.0007328307132201672,-0.04300000000000015
2022-12-16,0.0045999999999999375,-0.00019999999999997797,0.006439857235154944,0.0005662633556635654,0.1260000000000001
2022-12-19,-0.012399999999999967,-0.012399999999999967,-0.0006449902400089691,-0.015548374799045916,0.04800000000000004
2022-12-20,0.016000000000000014,-0.007200000000000095,0.001647482232424835,-0.016628567883072876,0.006999999999999895
2022-12-21,0.0040000000000000036,0.00010000000000021103,-0.003024853393393645,0.00039717708952657915,-0.11999999999999988
2022-12-22,-0.03200000000000003,-0.007700000000000262,0.0009041137790011256,0.0014320885391949645,-0.1080000000000001
2022-12-23,-0.01780000000000026,-0.012599999999999945,0.0013904519774943225,-0.002037826522617081,0.1080000000000001
2022-12-26,0.0007999999999999119,0.0035000000000002807,0.00021484584893016745,0.003980840032099309,0.274
2022-12-27,-0.0029999999999996696,0.016999999999999904,-0.004003707696577319,0.011476864678682475,0.04299999999999993
2022-12-28,0.004899999999999682,-0.000300000000000189,0.0019392796269266377,-0.004276162425663088,0.015000000000000124
2022-12-29,-0.05689999999999973,-0.02259999999999973,0.0016060344447552666,-0.003769094982347454,0.242
2022-12-30,-0.05190000000000028,0.0044999999999997264,-0.002108449636874843,0.0038645114506365985,-0.038000000000000256
2023-01-03,-0.043299999999999894,-0.0015999999999998238,-0.0024582929409024956,0.004192371840767706,-0.30299999999999994
2023-01-04,-0.03739999999999988,-0.03000000000000025,-0.004963720276235151,0.001297673832512558,-0.33799999999999986
2023-01-05,0.012900000000000134,0.012199999999999989,-0.0029697900239618047,0.019241260364230683,-0.19400000000000017
2023-01-06,0.021299999999999653,0.010099999999999998,-0.0002031370166157842,0.0030972164148970194,0.19200000000000017
2023-01-09,0.0028000000000001357,0.0022999999999999687,-0.009433138175039879,0.008063783032646654,0.14900000000000002
2023-01-10,0.023299999999999876,0.02760000000000007,-0.009626498432076414,0.0010843782679561542,0.20399999999999996
2023-01-11,0.02660000000000018,0.007400000000000073,0.00214232501949696,-0.0018543252239773267,0.06299999999999994
2023-01-12,-0.032399999999999984,0.00019999999999997797,-0.001122301426167649,0.0019527653292072955,-0.0040000000000000036
2023-01-13,0.009199999999999875,0.009500000000000064,-0.005749356441053788,0.013966188302980242,-0.052000000000000046
2023-01-16,0.0038000000000000256,0.040300000000000225,-0.0023358413322425164,0.01548605127328706,0.11399999999999988
2023-01-17,0.005900000000000016,-0.008600000000000385,0.0012950573793624187,-0.00017452132507678186,0.14100000000000001
2023-01-18,-0.020299999999999763,0.007400000000000073,0.00563699350605007,-0.0016759248325772802,-0.06000000000000005
2023-01-19,0.03169999999999984,-0.0019000000000000128,0.0010644904757508566,0.00620142020601655,0.14600000000000035
2023-01-20,0.00990000000000002,0.010000000000000231,0.00041366269352427487,0.0061214931092159475,-0.29300000000000015
2023-01-30,0.010400000000000187,-0.011800000000000033,-0.0011231970913625489,0.004728293031783792,0.06199999999999983
2023-01-31,-0.019700000000000273,-0.016199999999999992,-0.0003253715920150668,-0.010645259794948458,0.07100000000000017
2023-02-01,0.006699999999999928,0.013799999999999812,-0.0016580805598904735,0.009356318159252197,-0.07600000000000007
2023-02-02,-0.008599999999999941,-0.012599999999999945,-0.00537803438543083,-0.0035296095862307197,-0.08599999999999985
2023-02-03,-0.008099999999999774,-0.0026999999999999247,0.003746881985570827,-0.009496271984206217,-0.10899999999999999
2023-02-06,0.008199999999999985,0.0047999999999999154,0.0052546394930692575,-0.01330855999137981,0.15700000000000003
2023-02-07,0.006399999999999739,-0.010099999999999998,0.0033897338358579443,0.001798191375813829,0.07899999999999974
2023-02-08,-0.0043999999999999595,0.0047000000000001485,-0.0031683136458602323,-0.0044287882644376,0.1080000000000001
2023-02-09,0.019500000000000295,-0.007600000000000051,0.0022556899367336403,0.01333403842639136,0.0040000000000000036
2023-02-10,-0.004100000000000215,0.008599999999999941,-0.00030930340701273984,-0.005960028501659664,-0.23699999999999988
2023-02-13,0.014800000000000146,-0.0009000000000001229,0.003925465400174577,0.009033958487298932,-0.038000000000000034
2023-02-14,-0.0134000000000003,-0.0020999999999999908,-0.0002201237104135778,0.00041409775407430516,0.08400000000000007
2023-02-15,0.0134000000000003,-0.0019000000000000128,0.0006895590763187354,-0.0052245743589391935,-0.01100000000000012
2023-02-16,-0.013500000000000068,-0.005700000000000038,0.004915812155280586,-0.00735090320315912,0.0990000000000002
2023-02-17,0.021500000000000075,0.0051000000000001044,0.0020411443322760903,-0.01451320729691652,0.10299999999999976
2023-02-20,0.027699999999999836,0.01770000000000005,-0.00023306288433433409,0.024237876339608277,-0.09399999999999986
2023-02-21,0.0017000000000000348,0.011400000000000077,-0.001253644479056959,0.002624839822420455,0.03200000000000003
2023-02-22,0.011699999999999822,-0.0034000000000000696,0.0029421210304785284,-0.009066022844647748,0.021999999999999797
2023-02-23,0.015600000000000058,0.005799999999999805,0.0039045823155898773,-0.0008048867137500082,0.004999999999999893
2023-02-24,0.04420000000000002,0.00020000000000042206,-0.0012466479834447597,-0.010435417917163292,0.08000000000000007
2023-02-27,0.01990000000000025,-0.007500000000000284,0.009096616144019132,-0.004244678364418775,-0.06599999999999984
2023-02-28,0.008599999999999941,-0.0025999999999997137,-0.000762091042053159,0.006314169404260994,0.17499999999999982
2023-03-01,-0.005300000000000082,-0.019000000000000128,-0.0017132289910948284,0.01402658265794976,-0.262
2023-03-02,-0.006299999999999972,0.011299999999999866,-0.008566850263580505,-0.0022326651164927824,-0.09699999999999975
2023-03-03,-0.00019999999999997797,0.0030999999999998806,0.004480703526916319,0.003106974139189589,-0.062000000000000055
2023-03-06,-0.025700000000000056,-0.028099999999999792,-0.002404613378720777,-0.005228712493199339,-0.11499999999999999
2023-03-07,-0.009799999999999809,-0.00990000000000002,0.0029687148451558176,-0.014748812805500222,0.05699999999999994
2023-03-08,-0.016199999999999992,0.00749999999999984,0.005321577877498873,-0.003648222206427576,0.04200000000000004
2023-03-09,0.0021999999999997577,-0.007299999999999862,0.002025993752895472,-0.003540424357394656,0.006000000000000005
2023-03-10,-0.04049999999999976,-0.0024999999999999467,-0.00015790871473564394,-0.013200490763582096,0.09199999999999986
2023-03-13,0.021399999999999864,0.001100000000000101,-0.004027913091589674,0.010419284700297737,-0.053999999999999826
2023-03-14,0.005900000000000016,-0.00790000000000024,-0.006159471195695598,-0.00600258394598896,0.09600000000000009
2023-03-15,0.020999999999999908,0.0045999999999999375,-0.003909064841628229,0.0005535653371016025,0.03399999999999981
2023-03-16,-0.018200000000000216,-0.012499999999999734,0.00680556066094673,-0.01204939728670773,0.08800000000000008
2023-03-17,-0.019899999999999807,-0.0009000000000001229,-0.0014037527359191948,0.0049807585774885865,-0.09100000000000019
2023-03-20,0.0024000000000001798,-0.0024999999999999467,-0.005197984784572229,-0.004999417596918576,0.07699999999999996
2023-03-21,0.01289999999999969,0.008599999999999941,0.001003950410608967,0.010932746623865341,0.03500000000000014
2023-03-22,0.0054000000000002935,0.00010000000000021103,-0.0006982935735238005,0.0042758478830311475,-0.1200000000000001
2023-03-23,-0.00790000000000024,0.0,-8.732099202224397e-05,0.00986426887274483,-0.1409999999999998
2023-03-24,0.03550000000000031,0.015099999999999891,-0.0048875596081168204,-0.00298626508276989,-0.23399999999999999
2023-03-27,-0.006200000000000205,-0.01739999999999986,0.004960327630969097,-0.0036242489284976642,0.4139999999999999
2023-03-28,-0.017300000000000093,-0.0018000000000002458,0.0005092279487035611,-0.0032357525153212663,-0.08899999999999997
2023-03-29,0.011600000000000055,-0.0009999999999998899,0.00031995346404434244,0.0016561539190433905,0.129
2023-03-30,0.0024000000000001798,0.0049000000000001265,0.0016708198893367054,0.008050516950421027,-0.0129999999999999
2023-03-31,-0.010600000000000165,-0.0047000000000001485,-0.0024563430299266997,0.003065723273136811,0.07099999999999973
2023-04-03,-0.05390000000000006,0.005999999999999783,0.0012797954074417195,0.0097383150300967,-0.2909999999999999
2023-04-04,-0.006199999999999761,-0.0024999999999999467,-0.0015417736356384548,0.0030603149750145775,-0.053999999999999826
2023-04-06,0.009399999999999853,0.0015000000000000568,0.0006984561493441621,-0.0015769273756820468,0.10799999999999987
2023-04-07,0.0230999999999999,-0.012399999999999967,0.001322818814110338,0.006481813349653365,0.019000000000000128
2023-04-10,-0.0017000000000000348,-0.0024999999999999467,-0.001075565865813921,-0.004489043556317185,0.006999999999999895
2023-04-11,-0.03049999999999997,-0.020000000000000018,0.0017145435233374418,-0.001136849094411474,-0.018999999999999906
2023-04-12,0.011099999999999888,-0.009500000000000064,-0.00040657490250506356,-0.0006978524237428729,0.01200000000000001
2023-04-13,-0.005699999999999594,0.009599999999999831,-0.0028506622364468104,-0.006933184078370402,0.0009999999999998899
2023-04-14,-0.007800000000000029,0.0051000000000001044,-0.0007576640996556083,0.0056415451059468325,0.0020000000000000018
2023-04-17,0.008399999999999963,0.007700000000000262,0.0010634811797385346,0.013926238256228629,0.04800000000000004
2023-04-18,0.0043999999999999595,-0.0047000000000001485,0.001963736966724916,0.003043623462694711,0.029999999999999805
2023-04-19,-0.0009999999999998899,-0.0040000000000000036,-0.0012068778955904857,-0.00904433581759534,0.019000000000000128
2023-04-20,-0.021400000000000308,0.0032999999999998586,0.003717746334706229,-0.002801723372686027,0.0040000000000000036
2023-04-21,0.014800000000000146,-0.0042999999999997485,-0.0034122540169168047,-0.019754161884350196,0.09799999999999986
2023-04-24,-0.009199999999999875,-0.010000000000000231,0.0012065094822670819,-0.012457551336495953,-0.08199999999999985
2023-04-25,-0.008600000000000385,-0.0011999999999998678,0.00017431472567785988,-0.005028663542672618,-0.0950000000000002
2023-04-26,-0.011199999999999655,-0.0045999999999999375,0.005648750572432526,-0.0008668377632865543,0.040000000000000036
2023-04-27,-0.028100000000000236,-0.028999999999999915,-0.00043338823595884257,0.007344643577210874,0.14900000000000002
2023-04-28,0.000500000000000167,0.0006999999999997009,0.0004767167309505105,0.010144715176059194,0.08899999999999997
2023-05-04,-0.009399999999999853,-0.022999999999999687,-0.0026899230935995,0.0002881876260598659,-0.33699999999999974
2023-05-05,-0.009700000000000042,-0.029600000000000293,0.0008685079580152966,-0.003322854592752833,-0.14800000000000013
2023-05-08,0.0022999999999999687,0.011700000000000266,0.0006364267745477825,0.011333687618856558,-0.020000000000000018
2023-05-09,0.0007999999999999119,-0.007200000000000095,0.0014016026800898196,-0.008599481329349956,0.030000000000000027
2023-05-10,-0.028999999999999915,-0.01780000000000026,0.0006351314502519578,-0.007727611203060647,0.07699999999999996
2023-05-11,-0.046699999999999964,-0.020299999999999763,-0.002861273628376182,-0.0015538717882694897,-0.09899999999999998
2023-05-12,-0.008600000000000385,0.015099999999999891,0.005484131451366281,-0.013344965509901385,0.026000000000000023
2023-05-15,0.011900000000000244,0.005700000000000038,0.0024867946836497623,0.015403530004197918,0.04500000000000015
2023-05-16,0.017100000000000115,-0.0032999999999998586,-0.002127048804256404,-0.00518530932937189,-0.1080000000000001
2023-05-17,0.008099999999999774,0.0034000000000000696,0.003475666675549993,-0.004545122020696013,0.07800000000000007
2023-05-18,-0.0023999999999997357,-0.00039999999999995595,0.0031349558652975507,-0.0010345575424448583,-0.08400000000000007
2023-05-19,-0.0242,-0.0027000000000003688,0.005544365449533295,-0.002918713264252304,0.1499999999999999
2023-05-22,-0.027200000000000113,-0.0007999999999999119,-0.0028324800274297512,0.00626431501211222,-0.0129999999999999
2023-05-23,-0.03410000000000002,-0.018199999999999772,0.00240598622644983,-0.014244297108787052,-0.07299999999999995
2023-05-24,-0.014700000000000157,0.0030999999999998806,0.0033218377294375045,-0.01392012682480015,-0.062000000000000055
2023-05-25,0.0013000000000000789,0.008000000000000007,-0.0004394389427788692,-0.0022294052223035266,0.1459999999999999
2023-05-26,0.03510000000000013,0.011600000000000055,0.0032698965358275434,0.00011725063708389882,0.08400000000000007
2023-05-29,0.006599999999999717,-0.025800000000000267,-0.0026178951520312577,-0.004426744377731495,-0.05499999999999994
2023-05-30,-0.04439999999999977,0.0050000000000003375,0.003437231535433849,0.0009936527619132107,0.05600000000000005
2023-05-31,-0.0027000000000001467,-0.009500000000000064,4.2361214078523446e-05,-0.010269387677224628,0.06499999999999972
2023-06-01,0.006900000000000128,-0.00649999999999995,0.0020312308621552866,0.002189100101492869,-0.20999999999999974
2023-06-02,-0.00869999999999993,0.016000000000000014,-0.00036644492460990996,0.014335344928738891,-0.03400000000000003
2023-06-05,-0.04170000000000007,-0.0050000000000003375,-0.0004935033905142383,-0.004563805178189995,0.03299999999999992
2023-06-06,-0.02629999999999999,-0.012499999999999734,0.002408808100966775,-0.00943142293513688,-0.08000000000000007
2023-06-07,-0.010900000000000132,-0.0024999999999999467,0.0017009795274429695,-0.004954557909288226,0.08800000000000008
2023-06-08,-0.008499999999999952,0.0040000000000000036,0.0011791460980474788,0.008106959303514572,-0.004999999999999893
2023-06-09,-0.0242,-0.018000000000000238,-0.0023174981403626393,0.004314004020997686,-0.02400000000000002
2023-06-12,-0.0020000000000000018,0.0030000000000001137,0.0013630585204249535,0.002012671983855796,0.0040000000000000036
2023-06-13,-0.008999999999999897,-0.04300000000000015,0.004008133738149233,0.005311751374952323,0.010000000000000009
2023-06-14,0.0019000000000000128,0.013200000000000323,0.0009506235687648523,-0.00022841448014254695,0.006000000000000005
2023-06-15,0.022399999999999975,0.008299999999999752,-0.0010765091389481896,0.015784270140006385,-0.007000000000000117
2023-06-16,0.018399999999999972,0.023299999999999876,-0.0028015538922203653,0.009596275511414731,0.08600000000000008
2023-06-19,0.0039000000000000146,0.009600000000000275,-0.0012351745552410254,-0.008219437308436994,0.05899999999999994
2023-06-20,0.009500000000000064,-0.0050000000000003375,0.005532343221132718,-0.0016983012009852416,0.05900000000000016
2023-06-21,0.021499999999999853,-0.008099999999999774,0.002775629262086854,-0.015460840282798927,-0.03400000000000025
2023-06-26,-0.009499999999999842,-0.0034999999999998366,0.0036287587351013784,-0.014161827101990099,-0.1419999999999999
2023-06-27,0.01969999999999983,0.00949999999999962,0.0005827101736812779,0.009336865994182375,-0.016000000000000014
2023-06-28,-0.005099999999999882,-0.010199999999999765,4.160916511808388e-05,-0.0012060006936440715,0.016000000000000014
2023-06-29,-0.0028000000000001357,-0.0026000000000001577,0.001482929264404298,-0.004947415895498963,0.016999999999999904
2023-06-30,-0.036799999999999944,-0.024699999999999722,0.0006922044217523293,0.005377702553483132,0.17900000000000027
2023-07-03,-0.025900000000000034,0.0044999999999997264,-0.0013987468956431215,0.013039182657447412,-0.26800000000000024
2023-07-04,-0.02939999999999987,-0.004999999999999893,-0.0015394967084312317,0.0015737380831382097,-0.03699999999999992
2023-07-05,-0.005900000000000016,0.0034999999999998366,-0.0010832281254182785,-0.0077777439067023835,0.050000000000000044
2023-07-06,0.025599999999999845,0.0036000000000000476,0.0018047288782179205,-0.006756298014416018,-0.04500000000000015
2023-07-07,-0.044399999999999995,-0.0040999999999997705,-0.0006104667485218318,-0.004448335801926717,0.016000000000000014
2023-07-10,0.004200000000000204,0.005199999999999871,-0.0017780251940728853,0.00485738571286376,-0.052999999999999936
2023-07-11,-0.0037000000000000366,-0.00990000000000002,-0.0005562818267113023,0.006523178411029562,0.018000000000000016
2023-07-12,0.011699999999999822,0.0051000000000001044,-0.0016846388624733866,-0.006754715182223592,0.03699999999999992
2023-07-13,0.0013000000000000789,0.0015000000000000568,-0.0033218912271448797,0.014205094390380424,0.001000000000000112
2023-07-14,0.008099999999999996,0.008000000000000007,-0.0029262508192504644,0.0001743630060602186,0.02400000000000002
2023-07-17,-0.013800000000000034,-0.01200000000000001,0.00011216735380936704,-0.008222209278820003,0.05400000000000005
2023-07-18,-0.028999999999999915,-0.010000000000000231,0.0017789735674511586,-0.003168979355315571,0.031999999999999806
2023-07-19,-0.020199999999999996,0.00019999999999997797,0.00046173543380478854,-0.0010571251315507624,-0.019999999999999796
2023-07-20,-0.019200000000000106,-0.0031999999999996476,-0.00027981420519473943,-0.007081007991963872,-0.040000000000000036
2023-07-21,-0.0040000000000000036,-0.010500000000000398,-0.00013993646907151103,-0.0004668303229831139,-0.006000000000000005
2023-07-24,-0.017599999999999838,-0.007299999999999862,-6.997557855159542e-05,-0.004376226561401353,-0.018000000000000016
2023-07-25,0.03079999999999994,0.05420000000000025,-0.0006300006508379585,0.028470708740506723,0.03499999999999992
2023-07-26,0.011500000000000066,-0.013600000000000279,-0.0015557006942752416,-0.002071687600697203,0.010000000000000009
2023-07-27,0.07159999999999989,-0.010699999999999932,-0.0004208754270882409,-0.0011952327443633948,-0.03499999999999992
2023-07-28,-0.024899999999999922,0.01650000000000018,0.0010238214676636659,0.022899251426327538,0.008000000000000007
2023-07-31,-0.007600000000000051,0.012499999999999734,-0.00046269358592776477,0.00546810271971232,0.137
2023-08-01,-0.015900000000000025,-0.009799999999999809,-0.00030858136974454276,-0.004150727436979196,-0.15700000000000003
2023-08-02,-0.023900000000000032,-0.0022999999999999687,0.0011917197924966594,-0.00705484021662528,-0.029000000000000137
2023-08-03,-0.02959999999999985,-0.007200000000000095,0.0017779275733282862,0.00879991455059681,-0.10599999999999987
2023-08-04,0.008499999999999952,0.0032000000000000917,-0.0010775787710128881,0.0038864113172394354,-0.03100000000000014
2023-08-07,0.00869999999999993,-0.0016000000000002679,-0.0005322203517834634,-0.007596370761506321,0.0970000000000002
2023-08-08,0.013500000000000068,0.0013000000000000789,0.0025884095741657287,-0.002615070492591798,0.03799999999999981
2023-08-09,0.030200000000000005,-0.0006999999999997009,0.00032133451898186394,-0.0030619237945845867,0.007000000000000117
2023-08-10,0.012299999999999978,0.0023999999999997357,-0.00016763990986690125,0.0020524017821905716,-0.02400000000000002
2023-08-11,0.019400000000000084,-0.0017999999999998018,0.00015367099071195156,-0.023274115288622,0.018999999999999906
2023-08-14,-0.014100000000000001,-0.02210000000000001,0.0013819772847130096,-0.007324868507295079,0.05500000000000016
2023-08-15,-0.0049000000000001265,-0.050200000000000244,0.001143223736262522,-0.002433099753563539,0.053999999999999826
2023-08-16,0.010900000000000132,-0.013399999999999856,0.0030329614078565825,-0.007358775583764299,-0.05499999999999994
2023-08-17,0.017799999999999816,0.007899999999999796,0.001249462199728768,0.0033380275856238484,0.037000000000000144
2023-08-18,-0.010599999999999943,-0.0022999999999999687,-0.0009716689872085738,-0.012369521622879631,0.017999999999999794
2023-08-21,0.019400000000000084,-0.023400000000000087,-0.0002639017189760562,-0.0144937318279581,-0.010999999999999899
2023-08-22,0.027900000000000036,0.005800000000000249,6.94545732642382e-05,0.00765840665625106,-0.050999999999999934
2023-08-23,0.031099999999999905,0.004999999999999893,-5.556327269107264e-05,-0.01652468143216801,-0.014000000000000012
2023-08-24,-0.033600000000000074,-0.0002999999999997449,-0.0014179075731393098,0.007222449662965147,-0.015000000000000124
2023-08-25,0.020000000000000018,0.015699999999999825,-4.1733614345673686e-05,-0.0038419002932297275,0.10099999999999998
2023-08-28,0.02950000000000008,0.017300000000000093,-0.00037568092608908366,0.01165090462342988,0.16000000000000014
2023-08-29,0.05909999999999993,-0.01780000000000026,-6.958603271955965e-05,0.009940068925597956,0.03500000000000014
2023-08-30,-0.04830000000000001,-0.00749999999999984,-0.0004872378582752024,-0.00042144896623597106,0.14399999999999968
2023-08-31,-0.0017000000000000348,-0.008399999999999963,-6.962479202421434e-05,-0.00615373522572682,-0.13199999999999967
2023-09-01,-0.0017999999999998018,0.02839999999999998,-0.00032033649533325104,0.00694041063463402,-0.28900000000000015
2023-09-04,0.05709999999999993,0.029999999999999805,-2.7860197530538144e-05,0.015041427333903457,-0.08600000000000008
2023-09-05,-0.015000000000000124,-0.0014999999999996128,-4.1791751707265234e-05,-0.007467317336901758,0.0050000000000001155
2023-09-06,0.029400000000000093,0.023999999999999577,0.0025877915270504648,-0.0021720984831716805,0.06199999999999983
2023-09-07,0.06369999999999987,0.007500000000000284,0.0002361849199963295,-0.014148172878385878,0.10899999999999999
2023-09-08,0.014200000000000212,-0.004999999999999893,0.0022756295550407923,-0.004929577257584583,-0.06899999999999995
2023-09-11,0.048799999999999955,-0.0050000000000003375,-2.7720411927001365e-05,0.00733781275351042,0.1200000000000001
2023-09-12,-0.01990000000000025,-0.00949999999999962,-0.002247909143113791,-0.0018416767758999697,-0.02400000000000002
2023-09-13,-0.01949999999999985,-0.0030000000000001137,-0.0012788436549677762,-0.006389959522627109,-0.05699999999999994
2023-09-14,0.01100000000000012,-0.015000000000000124,-0.00027822603262217527,-0.0008416421084387338,0.04299999999999993
2023-09-15,-0.000300000000000189,0.027000000000000135,-0.0012251150077495776,-0.00664612907440798,-0.017000000000000126
2023-09-18,0.05900000000000016,0.022999999999999687,-0.0006967573197529386,0.005092307534159346,-0.008999999999999897
2023-09-19,-0.009399999999999853,0.0050000000000003375,-4.182088117232752e-05,-0.0019357400638906341,0.03400000000000003
2023-09-20,0.048499999999999766,0.006399999999999739,-1.3940682396462734e-05,-0.003989210040025171,0.03600000000000003
2023-09-21,-0.00550000000000006,-0.009799999999999809,-2.78819478347625e-05,-0.009011823935406227,-0.010000000000000009
2023-09-22,0.01440000000000019,0.01839999999999975,-1.3941265448957907e-05,0.017942598048035663,0.03699999999999992
2023-09-25,0.0030999999999998806,0.015000000000000124,-2.788311398771448e-05,-0.006528199527714662,0.016999999999999904
2023-09-26,0.01440000000000019,0.00749999999999984,0.0,-0.005861889281666421,-0.03599999999999981
2023-09-27,0.006699999999999928,-0.0034999999999998366,-0.00013942723315318872,0.0020564869272039488,-0.121
2023-09-28,-0.11160000000000014,-0.026499999999999968,0.0011288019872601751,-0.002970985101988788,0.34699999999999975
2023-10-09,0.04369999999999985,-0.000500000000000167,-0.00012535953828418656,-0.0012991163335112077,-0.3939999999999999
2023-10-10,-0.015899999999999803,0.01100000000000012,-0.00011144389507933283,-0.007518927349504878,0.06000000000000005
2023-10-11,0.1278999999999999,0.020199999999999996,-2.7862914462550847e-05,0.00284583498172708,0.03400000000000003
2023-10-12,-0.01750000000000007,0.00010000000000021103,-4.179582738950138e-05,0.009453103650196581,-0.006000000000000005
2023-10-13,-0.046699999999999964,-0.010800000000000143,-1.3932330670041182e-05,-0.010581987499845624,0.0040000000000000036
2023-10-16,0.0015000000000000568,-0.014600000000000168,0.0003203945058856128,-0.010099718668309166,-0.10000000000000009
2023-10-17,0.005700000000000038,0.017300000000000093,-2.785631711832437e-05,0.0035245293194297034,0.051000000000000156
2023-10-18,0.04870000000000019,0.007700000000000262,-1.3928449554612143e-05,-0.007951817205375633,0.05499999999999994
2023-10-19,0.013099999999999667,0.024499999999999744,0.0,-0.021566035463477462,0.030000000000000027
2023-10-20,-0.0030999999999998806,-0.020000000000000018,-2.7857481128545913e-05,-0.0065176736326151286,0.17400000000000015
2023-10-23,0.04190000000000005,-0.00550000000000006,-1.3929031584369866e-05,-0.010406957357291802,-0.17000000000000015
2023-10-24,0.0,0.025500000000000078,-8.357826412797031e-05,0.00370226185784972,0.05499999999999994
2023-10-25,0.000500000000000167,-0.015000000000000124,-1.3930389842320423e-05,0.00495665247185606,0.017999999999999794
2023-10-26,-0.0506000000000002,0.0051000000000001044,-1.3930583900645388e-05,0.0027604373632499346,0.039000000000000146
2023-10-27,0.020300000000000207,0.004999999999999893,-2.7861749998248087e-05,0.013634096924963757,0.008000000000000007
2023-10-30,-0.06510000000000016,-0.0032999999999998586,-1.3931166108482884e-05,0.005985528767482151,-0.01200000000000001
2023-10-31,-0.02740000000000009,-0.021300000000000097,-2.7862914462550847e-05,-0.0031486228601469435,-0.07599999999999985
2023-11-01,0.04750000000000032,-0.006399999999999739,-1.3931748364948149e-05,-0.0004140248656607781,-0.07600000000000007
2023-11-02,-0.03990000000000027,-0.027200000000000113,0.00026467003462848915,-0.004726293786033509,-0.052000000000000046
2023-11-03,0.010000000000000231,0.0024000000000001798,-1.3928255555795133e-05,0.008390672725505866,-0.09499999999999997
2023-11-06,0.010199999999999765,-0.007700000000000262,-0.00022287847643376324,0.013433405299650758,0.010000000000000009
2023-11-07,0.010099999999999998,0.0019000000000000128,-5.572738166348401e-05,-0.003543425809558798,0.06499999999999995
2023-11-08,0.010000000000000231,-0.005999999999999783,-4.1797574353630296e-05,-0.002402767664893446,0.0050000000000001155
2023-11-09,-0.009700000000000042,-0.0024999999999999467,-1.3932913023761984e-05,0.0004856103695782821,0.0020000000000000018
2023-11-10,-0.0049000000000001265,-0.001000000000000334,-1.3933107152919177e-05,-0.0073165614490946496,0.0020000000000000018
2023-11-13,-0.014800000000000146,-0.00039999999999995595,-2.7866796713515996e-05,-0.00197468536879164,0.014000000000000012
2023-11-14,-0.0591999999999997,0.0129999999999999,-1.3933689571477004e-05,0.0007384794454416976,0.127
2023-11-15,0.004899999999999682,0.005900000000000016,-0.0002229654412804205,0.0070068267382268346,-0.07100000000000017
2023-11-16,-0.02499999999999991,-0.010199999999999765,-0.00039030918558458083,-0.009716844474267461,0.05500000000000016
2023-11-17,-0.0045999999999999375,-0.0038000000000000256,5.576778296623175e-05,-0.0012031765465323474,0.011199999999999877
2023-11-20,0.007400000000000073,0.006800000000000139,-0.0016185297240569607,0.0023108485381229116,-0.00019999999999997797
2023-11-21,0.048499999999999766,0.008000000000000007,-0.002880758260668914,0.0013256508953052304,-0.0009999999999998899
2023-11-22,0.11580000000000013,0.013199999999999878,-0.002130941504531192,-0.010287448626604245,0.03600000000000003
2023-11-23,0.03299999999999992,0.022199999999999775,-0.0005896143812103016,0.004814068572702723,-0.04800000000000004
2023-11-24,-0.01980000000000004,-0.0019999999999997797,-0.000856964291749085,-0.006623477592532012,0.24599999999999977
2023-11-27,0.05970000000000031,0.015899999999999803,0.00011243060935184346,-0.0073947800237519346,-0.10099999999999998
2023-11-28,-0.01990000000000025,-0.0259999999999998,-0.00037950397880481823,0.0018720813944312908,-0.042999999999999705
2023-11-29,-0.008199999999999985,-0.0009000000000001229,-0.0014209044124420256,-0.008624751891447957,0.02499999999999991
2023-11-30,-0.016499999999999737,-0.0043999999999999595,-0.00018303543194653216,0.002260861033946071,0.08999999999999986
2023-12-01,0.006899999999999906,0.002000000000000224,0.0012102279801391447,-0.0038175542772567184,-0.371
2023-12-04,0.02320000000000011,0.0033999999999996255,-0.0013087993987319635,-0.0065514383195495185,-0.03600000000000003
2023-12-05,0.00949999999999962,-0.007299999999999862,0.0016322169406248754,-0.019223557398417412,0.05700000000000016
2023-12-06,0.020500000000000185,0.007200000000000095,0.000182754961251419,0.0015722740687369452,-0.05300000000000016
2023-12-07,-0.010800000000000143,-0.005800000000000249,0.0005059164221572487,-0.002449079880395999,-0.008000000000000007
2023-12-08,-0.0047999999999999154,-0.015699999999999825,-0.0007449103992407391,0.002409015517374158,0.04300000000000015
2023-12-11,0.00010000000000021103,-0.02499999999999991,0.0005622478817837173,0.005863998187248143,0.05699999999999994
2023-12-12,0.0004999999999997229,0.00550000000000006,0.00015456276332792562,0.0021466333978050756,-0.016000000000000014
2023-12-13,-0.04059999999999997,-0.007600000000000051,-0.0006746310867253857,-0.016832229747615557,-0.050000000000000044
2023-12-14,-0.020399999999999974,-0.0054000000000002935,-0.0005062721602202558,-0.0052491139399641895,-0.026000000000000023
2023-12-15,-0.024799999999999933,-0.01399999999999979,-0.0018726201731258385,-0.0031111329294386536,-0.010000000000000009
2023-12-18,-0.024099999999999788,-0.008500000000000174,-0.00033829022804798825,-0.0036534745745058217,0.06500000000000017
2023-12-19,-0.02100000000000035,0.0045000000000001705,0.0006905542324235903,0.0014033364125811687,-0.051000000000000156
2023-12-20,0.03259999999999996,0.000500000000000167,-0.00022543466717062088,-0.011019868999532889,0.017000000000000126
2023-12-21,0.006500000000000394,-0.021500000000000075,0.000647987739080369,0.010068198305249965,0.016999999999999904
2023-12-22,-0.025500000000000078,-0.004999999999999893,-0.0008311908343159313,0.0019070811564034784,-0.038999999999999924
2023-12-25,-0.08000000000000007,-0.026000000000000245,0.0008030261837670416,0.0030585486968437436,0.06000000000000005
2023-12-26,-0.010000000000000231,0.00749999999999984,-0.0006339144427813803,-0.006792526566997026,0.02200000000000002
2023-12-27,-0.0129999999999999,-0.00649999999999995,0.0005212479074399035,0.003472978732270704,0.020000000000000018
2023-12-28,-0.027099999999999902,-0.0009999999999998899,-0.00039443286700602265,0.023163318850906833,0.07299999999999995
2023-12-29,-0.046699999999999964,-0.00749999999999984,-0.0020733288574688036,0.004840922885131604,-0.07000000000000006
2024-01-02,0.011800000000000033,-0.000500000000000167,-0.0008051018464925175,-0.013130500000730905,-0.08099999999999996
2024-01-03,0.013199999999999878,-0.0019999999999997797,0.0032728635709673437,-0.00238152887162002,0.018999999999999906
2024-01-04,0.00010000000000021103,-0.010000000000000231,-7.042303117743565e-05,-0.009291837436038008,-0.02200000000000002
2024-01-05,-0.03290000000000015,-0.027499999999999858,0.0004506217247757238,-0.005374506997078754,-0.0129999999999999
2024-01-08,-0.0047999999999999154,-0.0030000000000001137,-0.0003238638392091264,-0.013017238342875714,0.0020000000000000018
2024-01-09,9.999999999976694e-05,-0.028499999999999748,5.633168095231511e-05,0.0019587892102617133,0.018000000000000016
2024-01-10,-0.006599999999999717,0.010999999999999677,0.0006335128498227149,-0.004679238187936363,0.006999999999999895
2024-01-11,0.006799999999999695,0.0,0.0004502539789872362,0.00564226728873507,0.0020000000000000018
2024-01-12,0.0036000000000000476,0.018000000000000238,-0.0005206244797024695,-0.0034970499351150153,0.04700000000000015
2024-01-15,-0.01289999999999969,0.004999999999999893,0.0004784217801301338,-0.000989233093331876,0.016000000000000014
2024-01-16,0.01529999999999987,0.005999999999999783,0.0007031459036135335,0.006064229905751617,0.07199999999999984
2024-01-17,0.014199999999999768,-0.015499999999999847,0.0004778569612089445,-0.021990062068256933,0.009000000000000119
2024-01-18,0.00890000000000013,-0.0015000000000000568,8.430400027492624e-05,0.014037109111496804,-0.12400000000000011
2024-01-19,-0.015699999999999825,-0.009100000000000108,-9.83553579874119e-05,-0.0015134226411070983,0.01200000000000001
2024-01-22,-0.01570000000000027,-0.006899999999999906,-0.0008715700056902698,-0.015681389433261472,0.013000000000000123
2024-01-23,-0.0034000000000000696,0.01200000000000001,0.00016875026407259242,0.004040195954807757,-0.037000000000000144
2024-01-24,-0.0002999999999997449,-0.0038000000000000256,-0.0009003306509554054,0.013881221474081329,0.03300000000000014
2024-01-25,-0.04830000000000023,-0.006199999999999761,-0.00012667403269639443,0.01988274671786705,0.03200000000000003
2024-01-26,0.0019000000000000128,0.004699999999999704,0.000422184388263247,-0.002725163884703008,0.026999999999999913
2024-01-29,-0.06849999999999978,-0.005399999999999849,0.00032355403282857687,-0.008997313497214776,-0.03600000000000003
2024-01-30,-0.07990000000000008,-0.030899999999999928,-0.0005909167823472394,-0.017994593989749674,0.09600000000000009
2024-01-31,-9.999999999998899e-05,-0.03840000000000021,-0.00022520303556272658,-0.009190499849532685,-0.13000000000000012
2024-02-01,0.005400000000000071,0.010099999999999998,0.00014075784044398354,0.0007334298500616399,-0.020000000000000018
2024-02-02,0.005099999999999882,-0.0017000000000000348,-0.000605399335656287,-0.01190612310923278,0.037000000000000144
2024-02-05,0.0039000000000000146,-0.030199999999999783,0.0009009263257537814,0.006518530602880546,0.09999999999999987
2024-02-06,0.027100000000000124,0.03739999999999988,0.00016883336187323295,0.03417668380252259,0.020000000000000018
2024-02-07,0.012499999999999956,-0.023199999999999665,-0.00046436035197072734,0.009597835468870386,-0.018999999999999906
2024-02-08,-0.015900000000000025,0.017599999999999838,0.00019702769710217005,0.0063499384574292606,-0.15600000000000014
2024-02-19,0.0026999999999999247,-0.002000000000000224,-0.00043632781578262225,0.011487674784310897,-0.006000000000000005
2024-02-20,-0.05020000000000002,-0.01289999999999969,0.0005066854436337476,0.0020680123273209006,0.0020000000000000018
2024-02-21,-0.08769999999999989,-0.008799999999999919,-0.0005348421639410628,0.013401172975738618,0.03200000000000003
2024-02-22,-0.0040000000000000036,-0.010100000000000442,-0.00016895697269281307,0.008584542545939655,-0.0040000000000000036
2024-02-23,-0.007100000000000106,-0.0041999999999999815,0.0006475134303740582,0.0008792193773086154,0.001000000000000112
2024-02-26,-0.00869999999999993,-0.011299999999999866,0.00022512381905070988,-0.010480457577157765,0.06699999999999995
2024-02-27,0.02059999999999995,-0.007600000000000051,-0.00032363142884306306,0.011925308297312753,0.020999999999999908
2024-02-28,0.011900000000000022,-0.016699999999999715,0.00025328567945615,-0.01282301152290799,-0.08619999999999983
2024-02-29,-0.011600000000000055,-0.03390000000000004,-0.00054886674471466,0.018897939596351776,-0.04280000000000017
2024-03-01,0.007200000000000095,0.04249999999999998,0.0003237270868203801,0.006158666988332229,0.03100000000000014
2024-03-04,-0.015900000000000025,-0.027500000000000302,-0.0005489903642272864,0.0008659251391556211,0.004999999999999893
2024-03-05,-0.0030999999999998806,-0.006799999999999695,9.855892775867403e-05,0.006936242856165009,0.04400000000000004
2024-03-06,-0.009000000000000119,-0.055700000000000305,-0.00015488267668239963,-0.004065507786512157,-0.03299999999999992
2024-03-07,-0.0038000000000000256,-0.00749999999999984,-0.00019715810735743133,-0.006024393317778376,0.004999999999999893
2024-03-08,-0.0011999999999998678,0.02190000000000003,-0.0003380757885420582,0.0042943375505331005,0.02100000000000013
2024-03-11,0.018999999999999906,-0.0024000000000001798,-0.0001268078932568084,0.012434284667936168,0.004999999999999893
2024-03-12,0.026499999999999968,0.04800000000000004,-8.454752985320724e-05,0.0022904359059392476,0.0
2024-03-13,0.01869999999999994,-0.020000000000000018,-0.00046513923301327864,-0.007010742418552596,0.028999999999999915
2024-03-14,0.014700000000000157,0.020000000000000018,0.0006201375776593299,-0.0028419616240178414,-0.0020000000000000018
2024-03-15,-0.0020000000000000018,-0.020000000000000018,1.4089567380359824e-05,0.002178874891894722,0.010000000000000009
2024-03-18,-0.009000000000000119,-0.017799999999999816,-0.0004509646491963615,0.00934973057025168,-0.03599999999999981
2024-03-19,0.006800000000000139,-0.02970000000000006,0.0005918494056984525,-0.007212711707902386,0.016000000000000014
2024-03-20,-0.0046000000000001595,0.01750000000000007,-0.00023951589725146327,0.0021648716364168763,-0.026000000000000023
2024-03-21,-0.014100000000000001,-0.0040000000000000036,-0.00036642943120179794,-0.0011982463101727348,-0.010000000000000009
2024-03-22,-0.042300000000000004,0.01839999999999975,0.0008735716954733075,-0.010128470408897527,0.010999999999999899
2024-03-25,0.027800000000000047,0.005600000000000271,-0.00011267605645715051,-0.005441828592218201,0.052999999999999936
2024-03-26,0.012399999999999967,0.0040000000000000036,-0.0007467997162613482,0.005087577083770611,0.05900000000000016
2024-03-27,9.999999999998899e-05,-0.018000000000000238,4.228657613247755e-05,-0.011625734128964282,0.014999999999999902
2024-03-28,-0.0230999999999999,0.001000000000000334,2.819005736864888e-05,0.005176219815449912,-0.02400000000000002
2024-03-29,-0.01639999999999997,-0.015500000000000291,2.8189262711642016e-05,0.00468078183391718,0.019000000000000128
2024-04-01,-0.0019000000000000128,0.03100000000000014,-0.0001691474970202389,0.01630801112095348,-0.1100000000000001
2024-04-02,-0.007400000000000073,-0.015499999999999847,0.0002678036592345112,-0.004172254442892154,-0.02400000000000002
2024-04-03,0.0020999999999999908,-0.013000000000000345,-0.0001127506942408818,-0.0036015532575870424,-0.01200000000000001
2024-04-08,-0.030000000000000027,-0.0020999999999999908,-2.8189660034261266e-05,-0.008838590314793393,-0.006000000000000005
2024-04-09,-0.009499999999999842,-0.005499999999999616,0.00012684721270250776,-0.000826207531726908,0.001000000000000112
2024-04-10,0.021399999999999864,0.016499999999999737,4.227882888274692e-05,-0.00817785171430252,0.0009999999999998899
2024-04-11,-0.02069999999999994,0.0026000000000001577,0.0001268257627098368,-0.00013237354589712425,-0.0020000000000000018
2024-04-12,-0.010099999999999998,-0.01849999999999996,-1.4090957128454207e-05,-0.008139145156741634,0.0050000000000001155
2024-04-15,0.022299999999999986,0.0006999999999997009,0.0001690783823227182,0.020851399787702007,-0.02300000000000013
2024-04-16,-0.0019000000000000128,-0.0043999999999999595,0.0006901068531082188,-0.010753722814637712,0.008000000000000007
2024-04-17,0.005600000000000049,-0.0023999999999997357,-4.2237756336716004e-05,0.015343554028547146,0.01100000000000012
2024-04-18,-0.0014000000000000679,-0.021700000000000053,-7.040022530957479e-05,0.001232985087485261,0.020000000000000018
2024-04-19,-0.04820000000000002,0.00749999999999984,0.0003660270619327832,-0.007913995783960459,0.03400000000000003
2024-04-22,0.00649999999999995,-0.009100000000000108,-4.2227054880328296e-05,-0.0030420098411774177,-0.039000000000000146
2024-04-23,-0.020499999999999963,-0.024399999999999977,0.0002251903571748315,-0.007014138799965153,-0.006999999999999895
2024-04-24,0.025500000000000078,0.039300000000000335,-0.00015481292296626314,0.004381718916953048,0.030999999999999917
2024-04-25,-0.07939999999999992,0.008299999999999752,0.00014074001121011648,0.002455905620601939,0.030000000000000027
2024-04-26,0.10959999999999992,0.027099999999999902,-2.8146417666574663e-05,0.015176880345412869,0.026999999999999913
2024-04-29,0.0504,0.044399999999999995,0.00014072416679322686,0.010999779202213844,0.16800000000000015
2024-04-30,-0.08739999999999992,-0.03459999999999974,-4.2215170731330076e-05,-0.005400475726167642,0.028999999999999915
2024-05-06,0.009299999999999864,0.0017000000000000348,-0.0009714411176677817,0.014729102479913436,-0.23499999999999988
2024-05-07,0.0,-0.020500000000000185,0.00011267923052016293,0.00030912064825372454,-0.029000000000000137
2024-05-08,0.0049000000000001265,0.0017000000000000348,0.00019715810735743133,-0.007897801568855556,0.02200000000000002
2024-05-09,0.0121,0.028500000000000192,0.0001689617305700164,0.009414384908954077,-0.04499999999999993
2024-05-10,-0.013700000000000045,-0.00649999999999995,-0.00023937087815539826,0.00046818658601743834,0.014000000000000012
2024-05-13,-0.06390000000000007,-0.02190000000000003,0.0002675283912856319,-0.0004327941597992435,0.0
2024-05-14,-0.016599999999999948,0.0034999999999998366,0.00032375442805832044,-0.002088385233840029,0.0009999999999998899
2024-05-15,-0.011600000000000055,0.00649999999999995,-5.6297589070553045e-05,-0.008510024986955855,-0.028999999999999915
2024-05-16,0.01419999999999999,0.017799999999999816,-0.0004082523337642918,0.003936829447978241,-0.007000000000000117
2024-05-17,-0.011700000000000044,0.009400000000000297,0.00035195157509648745,0.010278502687711466,0.007000000000000117
2024-05-20,-0.009399999999999853,-0.02210000000000001,-4.222764926331557e-05,0.0035263491751997833,-0.0050000000000001155
2024-05-21,0.008599999999999941,0.010800000000000143,0.00037998466445077206,-0.004018181618823391,0.04400000000000004
2024-05-22,-0.0047999999999999154,-0.001000000000000334,0.00011256032541817618,0.002252503838665376,-0.008999999999999897
2024-05-23,0.0040999999999999925,-0.007600000000000051,0.00029541058769422257,-0.011645746361150344,-0.009000000000000119
2024-05-24,0.028799999999999937,0.009400000000000297,5.625879045090265e-05,-0.011132190983596857,-0.010999999999999899
2024-05-27,0.02400000000000002,-0.0049000000000001265,-0.00015471929028776366,0.009460242717951317,0.06999999999999984
2024-05-28,-0.010599999999999943,-0.009700000000000042,0.00014065488939563053,-0.007325343569654308,-0.0029999999999998916
2024-05-29,0.0005999999999999339,-0.005300000000000082,7.032002646956137e-05,0.0012045090389651847,0.01200000000000001
2024-05-30,-0.0008000000000001339,-0.014699999999999935,7.031508191079894e-05,-0.005330379256449191,0.006000000000000005
2024-05-31,-0.005799999999999805,0.015000000000000124,-0.0003234903227249397,-0.004010857095620324,-0.052000000000000046
2024-06-03,-0.000400000000000178,-0.010400000000000187,-2.8134539368895872e-05,0.0024617120786327717,-0.040000000000000036
2024-06-04,-0.00019999999999997797,-0.0043999999999999595,-4.220329326987127e-05,0.007474085756360438,-0.026000000000000023
2024-06-05,-0.013299999999999867,0.00010000000000021103,0.00019693346525850863,-0.005790988055739632,-0.008999999999999897
2024-06-06,-0.022499999999999964,0.00019999999999997797,0.0001547062342668326,-0.0007091098592262313,0.0040000000000000036
2024-06-07,-0.009100000000000108,-0.0009000000000001229,-2.8126626072433325e-05,-0.005060069392321509,-0.029000000000000137
2024-06-11,-0.01200000000000001,-0.0032000000000000917,0.0004077586687638579,-0.008778260035279928,0.051000000000000156
2024-06-12,0.0007999999999999119,-0.0009999999999998899,-2.8115950180485072e-05,0.00035146044394274156,-0.006000000000000005
2024-06-13,0.0029000000000001247,-0.009999999999999787,-0.00015465185788809954,-0.005089475180637848,0.020999999999999908
2024-06-14,0.018100000000000005,-0.009400000000000297,0.000407666955805297,0.004358590062464529,-0.0040000000000000036
2024-06-17,-0.013100000000000112,0.0015000000000000568,-2.8109627549399718e-05,-0.001507404133478829,0.049000000000000155
2024-06-18,0.0025000000000001688,-0.007400000000000073,-1.405511008689686e-05,0.002652325781218323,0.019999999999999796
2024-06-19,0.005199999999999871,-0.0034000000000000696,0.00015459534698814004,-0.004761216938730328,-0.020999999999999908
2024-06-20,-0.0031999999999998696,-0.007800000000000029,0.00046364269434207017,-0.007243259431346516,0.028999999999999915
2024-06-21,0.011299999999999866,0.016100000000000225,5.618450994537838e-05,-0.002189458748850015,0.049000000000000155
2024-06-24,-0.01869999999999994,-0.01089999999999991,7.022619861429824e-05,-0.005395434770964158,0.06899999999999995
2024-06-25,-0.025700000000000056,-0.013800000000000257,0.00033701712085121294,-0.005453130711547516,0.005999999999999783
2024-06-26,-0.017900000000000027,-0.005999999999999783,0.000322868195374415,0.006446249309215446,0.0690000000000004
2024-06-27,-0.00029999999999996696,-0.01990000000000025,0.0003087329344328982,-0.007541385170448223,-0.05500000000000016
2024-06-28,-0.009600000000000053,-0.004899999999999682,-2.8062692055907945e-05,0.002180378491788204,0.07100000000000017
2024-07-01,0.016800000000000148,0.04029999999999978,-4.209551472911244e-05,0.0047625685752930025,-0.29700000000000015
2024-07-02,-0.01110000000000011,-0.007400000000000073,0.0003647689369552509,-0.0018408721992226873,-0.006000000000000005
2024-07-03,-0.015700000000000047,0.0029000000000003467,0.00029452396025053673,-0.0024142358713810097,0.0040000000000000036
2024-07-04,-0.0013999999999998458,0.010199999999999765,-9.816501546988654e-05,-0.005095023895188788,0.010999999999999899
2024-07-05,0.007199999999999873,0.01990000000000025,-0.0002244133703683815,-0.004290415712505435,-0.0040000000000000036
2024-07-08,0.046499999999999986,0.02059999999999995,-4.2083114156543644e-05,-0.0085763347297938,0.013000000000000123
2024-07-09,-0.027999999999999803,-0.01770000000000005,0.00033661533600692906,0.011123494752744989,-0.016000000000000014
2024-07-10,-0.013600000000000056,-0.0041999999999999815,0.0004486442606728147,-0.0031578865723940197,-0.0040000000000000036
2024-07-11,0.005099999999999882,-0.0036000000000000476,-4.205184993710809e-05,0.011368118473722433,0.0029999999999998916
2024-07-12,-0.006799999999999917,-0.00649999999999995,-0.00033647847556217414,0.001219611726616776,-0.0020000000000000018
2024-07-15,0.01760000000000006,-0.0045999999999999375,-2.8044984156538888e-05,0.0011067765519818806,0.020000000000000018
2024-07-16,-0.025500000000000078,0.005399999999999849,0.00021031821222905478,0.006319013674133345,0.07299999999999995
2024-07-17,-0.011300000000000088,-0.000300000000000189,-0.00014020722650998074,0.0009431323694499838,-0.008999999999999897
2024-07-18,-0.0005999999999999339,0.009400000000000297,-0.00046282337102421245,0.005510119965059346,0.008000000000000007
2024-07-19,-0.013600000000000056,-0.007400000000000073,0.0004207573694616773,0.005123166103061294,-0.038000000000000034
2024-07-22,-0.03079999999999994,-0.013700000000000045,0.0002804065913921683,-0.006830449920199655,-0.1399999999999999
2024-07-23,-0.022399999999999975,-0.01540000000000008,-1.401846231519066e-05,-0.02158218288895064,0.03599999999999981
2024-07-24,-0.0051000000000001044,0.000300000000000189,0.0003363888687004657,-0.006331738875770654,-0.008999999999999897
2024-07-25,-0.0006999999999999229,-0.0134000000000003,-0.0005186467641264958,-0.0055430643172176275,0.129
2024-07-26,0.007200000000000095,-0.03149999999999986,-0.0007153326952573646,0.0029437943762591345,0.04200000000000004
2024-07-29,-0.009000000000000119,-0.024900000000000144,0.0006452246587445032,-0.005456191254717524,-0.018000000000000016
2024-07-30,-0.01990000000000003,-0.014100000000000001,0.0006728343399331482,-0.006319402060574575,-0.08099999999999996
2024-07-31,-0.010000000000000009,-9.999999999976694e-05,-0.0002522598289602662,0.021347843678958256,-0.04200000000000004
2024-08-01,0.0,-0.012599999999999945,-0.00032242463603493476,-0.006651134482693166,-0.07200000000000006
2024-08-02,-0.030000000000000027,-0.0052000000000003155,0.0007428223384471355,-0.010251838902346933,0.0
2024-08-05,0.00020000000000020002,-0.03739999999999988,-0.00043441400337052016,-0.01220976991740308,-0.006000000000000005
2024-08-06,0.019899999999999807,0.06820000000000004,-0.0003785144055901135,-0.00010217909185961105,-0.006999999999999895
2024-08-07,0.00010000000000021103,-0.02400000000000002,0.0009530217113291606,-0.00044577969315184873,0.020999999999999908
2024-08-08,0.022299999999999986,0.028999999999999915,0.0010360809069862587,0.0004332159692719273,0.05499999999999994
2024-08-09,0.03579999999999983,0.02330000000000032,-0.00015394411858915547,-0.0033888386762281897,0.03200000000000003
2024-08-12,0.06370000000000009,0.06059999999999999,0.00012595604150833495,-0.0017312530081774469,0.09800000000000009
2024-08-13,-0.011300000000000088,-0.02110000000000012,0.0002938357479322917,0.002560203749851553,-0.06499999999999995
2024-08-14,0.0027000000000001467,-0.029900000000000038,-0.0008957689515232126,-0.007571620691752656,0.040999999999999925
2024-08-15,0.0024999999999999467,0.005300000000000082,-0.00022406766937344003,0.009837143267468207,-0.05499999999999994
2024-08-16,0.011500000000000066,-0.010099999999999998,0.0009099627543194266,0.0011008456029770741,-0.0030000000000001137
2024-08-19,0.005699999999999816,-0.017900000000000027,-0.0006858950849459866,0.003381884023360371,-0.08899999999999997
2024-08-20,0.010800000000000143,-0.0040000000000000036,-0.0012610342150283227,-0.007254289798614977,0.038999999999999924
2024-08-21,0.02429999999999999,0.014699999999999935,-0.0002523977802393329,-0.0033266748825440118,0.04700000000000015
2024-08-22,-0.05630000000000002,-0.027699999999999836,-0.0011084997802564,-0.0025620492503790615,0.0129999999999999
2024-08-23,-0.02400000000000002,-0.002000000000000224,0.001823461434095286,0.004233171854780338,0.0040000000000000036
2024-08-26,0.0026999999999999247,-0.0021999999999997577,-0.003073751341080788,-0.0008922615177233695,0.11099999999999999
2024-08-27,0.000600000000000156,0.028000000000000025,0.001545074330465468,-0.005698525980312397,-0.06699999999999995
2024-08-28,-0.0045000000000001705,-0.010099999999999998,-0.00046327168904936045,-0.005715636780474043,-0.11099999999999999
2024-08-29,-0.0011999999999998678,-0.001100000000000101,0.0011647898029554238,-0.0026856087416220475,-0.13000000000000012
2024-08-30,-0.0045999999999999375,0.004999999999999893,-0.0024574694827523835,0.013259884389375642,0.019000000000000128
2024-09-02,-0.025800000000000045,-0.026800000000000157,-0.0013647461510009062,-0.017132973769497184,0.04200000000000004
2024-09-03,-0.015100000000000113,-0.005399999999999849,0.0011960124966732266,0.002574683159796365,-0.009000000000000119
2024-09-04,-9.999999999998899e-05,-0.0024000000000001798,0.0005061155738570466,-0.006516917291298441,-0.010000000000000009
2024-09-05,-0.007399999999999851,-0.007399999999999629,-0.002237279052207164,0.001718269673482098,0.010000000000000009
2024-09-06,-0.012400000000000189,0.0024999999999999467,-0.0009019547661088811,-0.008140491473245248,-0.0040000000000000036
2024-09-09,-0.017099999999999893,-0.0047000000000001485,0.0009019547661088811,-0.011952920398016431,0.15700000000000003
2024-09-10,-0.06230000000000002,-0.01200000000000001,0.002068602320762336,0.0008776737664550893,0.001000000000000112
2024-09-11,-0.04519999999999991,-0.012900000000000134,0.0006464396858005816,-0.003016446440986087,-0.05800000000000005
2024-09-12,-0.006300000000000194,0.0,0.0004494508348364956,-0.0042950369934438015,0.018000000000000016
2024-09-13,0.002200000000000202,-0.029900000000000038,-0.0025871052927046723,-0.004178237727577638,0.01200000000000001
2024-09-18,0.058499999999999996,-0.03949999999999987,-0.002255110187553866,0.0037165041382003494,0.05400000000000005
2024-09-19,0.029999999999999805,0.012599999999999945,0.0015931989299087235,0.007860985852472524,0.08699999999999997
2024-09-20,0.0020000000000000018,-0.00749999999999984,-0.00478723191794872,0.0015675892107847034,-0.018000000000000016
2024-09-23,-0.0118999999999998,-0.0047999999999999154,-0.001600850350731875,0.0036528074421173784,-0.07000000000000006
2024-09-24,0.032200000000000006,0.027399999999999647,-0.00029778575244354677,0.042398439572652435,0.06099999999999994
2024-09-25,-0.02190000000000003,-0.01739999999999986,-0.00437774307652683,0.014696178078189348,-0.04699999999999993
2024-09-26,-0.000300000000000189,0.020199999999999996,0.0021628398539099702,0.04140232435989155,-0.03499999999999992
2024-09-27,0.040200000000000014,0.0950000000000002,-0.0036025812343014607,0.043699706252830595,-0.17700000000000005
2024-09-30,-0.06999999999999984,0.00749999999999984,-0.00038523274954749276,0.08141981072040316,-0.139
2024-10-08,0.013900000000000023,0.02289999999999992,0.00902103672041421,0.057604301476072095,0.17500000000000004
2024-10-09,0.05979999999999985,-0.024799999999999933,-0.001996079288431707,-0.07312301118260756,0.10599999999999987
2024-10-10,0.007300000000000084,-0.022499999999999964,0.0024626719685643117,0.010511839160422198,-0.10299999999999998
2024-10-11,0.0020000000000000018,-0.0045000000000001705,-0.0001555067047727121,-0.028060568472755065,-0.17399999999999993
2024-10-14,0.005600000000000049,0.002500000000000391,-0.00011311097612720644,0.01890234304887528,0.06099999999999994
2024-10-15,0.0005999999999999339,-0.014900000000000357,0.0015118015214010683,-0.026953903587967787,-0.07000000000000006
2024-10-16,-0.0028999999999999027,0.00039999999999995595,0.005083766168295423,-0.006349454474184668,0.07300000000000018
2024-10-17,-0.015100000000000113,-0.022499999999999964,0.0004072719158048077,-0.011382899120794931,-0.04100000000000015
2024-10-18,-0.006399999999999961,0.009200000000000319,0.0007579266858259714,0.03552926675335755,0.019000000000000128
2024-10-21,0.01729999999999987,0.0015999999999998238,-0.0041052807628161325,0.002535078503685284,0.016000000000000014
2024-10-22,-0.008899999999999908,0.022600000000000176,0.0033894761889992076,0.005721079210379898,-0.0050000000000001155
2024-10-23,-0.0040999999999999925,0.019899999999999807,0.0003088412861114165,0.0038919303588489385,0.016000000000000014
2024-10-24,0.0008999999999999009,-9.999999999976694e-05,0.0005753134564532303,-0.011231518334287927,0.001000000000000112
2024-10-25,-0.03420000000000001,0.0023999999999997357,-0.002753274762813618,0.0069972916947680375,0.10699999999999998
2024-10-28,0.0039000000000000146,-0.0021999999999997577,0.003047819377932637,0.0019533681904171374,-0.04500000000000015
2024-10-29,-0.010699999999999932,-0.0047000000000001485,-0.0003366295003386366,-0.010016276431537463,0.09200000000000008
2024-10-30,0.04909999999999992,0.0030999999999998806,0.0014999336953835929,-0.00900949526221595,-0.09400000000000008
2024-10-31,-0.007899999999999796,-0.0044999999999997264,-0.001962984365609266,0.00040894606118158094,0.0
2024-11-01,-0.024700000000000166,-0.020399999999999974,-0.0016153390456294936,-0.00026199515719760313,-0.14900000000000002
2024-11-04,-0.0021999999999999797,-0.007100000000000328,0.0009554722586131437,0.013974221471077186,-0.010999999999999899
2024-11-05,0.0028000000000001357,-0.015199999999999658,-0.0026297485957254008,0.024987261296340435,0.0040000000000000036
2024-11-06,0.00019999999999997797,0.0,-0.0003239231344649429,-0.005029075687659201,0.0
2024-11-07,-0.009800000000000031,-0.0051000000000001044,0.009337476361393815,0.029723711463065072,0.05499999999999994
2024-11-08,0.008999999999999897,-0.0051000000000001044,-0.0031588095479893052,-0.010096934623952336,0.09000000000000008
2024-11-11,-0.0024999999999999467,-0.007200000000000095,0.004929523524541679,0.006577707730125226,0.010000000000000009
2024-11-12,-0.0027999999999999137,-0.020000000000000018,0.001962244824647019,-0.011047671056907404,0.03200000000000003
2024-11-13,-0.008500000000000174,0.0054000000000002935,0.0008893954087578759,0.006135977685628902,-0.04300000000000015
2024-11-14,-0.0025999999999999357,-0.0016000000000002679,-0.0003473259410982088,-0.017489169053456877,0.030000000000000027
2024-11-15,-0.0042999999999999705,0.004100000000000215,0.000361216469841219,-0.017678862843256482,0.01100000000000012
2024-11-18,-0.014799999999999924,0.025799999999999823,-0.0011813843026842186,-0.004659613805120699,0.01200000000000001
2024-11-19,-0.010000000000000009,-0.01200000000000001,5.5625860476915534e-05,0.006688479845214701,-0.0040000000000000036
2024-11-20,-0.00990000000000002,-0.0019999999999997797,0.0003336901995563135,0.0022307870317526124,-0.009000000000000119
2024-11-21,-0.0024999999999999467,-0.012399999999999967,-1.3901535424798439e-05,0.0008840549272619569,-0.02499999999999991
2024-11-22,9.999999999998899e-05,-0.0030000000000001137,0.00011120687269938756,-0.03147275687078732,-0.006000000000000005
2024-11-25,0.012299999999999978,-0.011099999999999888,-0.0003336577258816753,-0.004565338449490142,0.07400000000000007
2024-11-26,0.02519999999999989,-0.013200000000000323,-0.0001112439859867198,-0.002056690784321802,-0.0040000000000000036
2024-11-27,-0.0016000000000000458,0.010400000000000187,0.001000750646443338,0.01726079260956226,-0.02300000000000013
2024-11-28,-0.006999999999999895,-0.026200000000000223,-0.001223275750974695,-0.008867923115554177,0.026000000000000023
2024-11-29,-0.005600000000000049,-0.012499999999999734,-0.00023648719253865913,0.011306307161428109,-0.09499999999999997
2024-12-02,-0.022399999999999975,-0.04970000000000008,-0.00016696581413744305,0.007896264417277976,-0.040000000000000036
2024-12-03,-0.0039000000000000146,0.012599999999999945,0.0018212029140376451,0.0010783436683166059,0.010000000000000009
2024-12-04,-0.012199999999999989,-0.029900000000000038,-0.0008615299636611784,-0.005413153907374735,-0.0129999999999999
2024-12-05,0.0051000000000001044,-0.012399999999999967,-0.000764882210668727,-0.0022843959235228084,0.09999999999999987
2024-12-06,0.005699999999999816,0.0051000000000001044,-0.0004313733742542514,0.013060140600806847,-0.0020000000000000018
2024-12-09,0.0048000000000001375,-0.009800000000000031,0.0003061551117027328,-0.0016548968220959637,0.050000000000000044
2024-12-10,-0.0036000000000000476,-0.0999000000000001,0.0003616988757209061,0.007301047701794516,0.04800000000000004
2024-12-11,-0.07109999999999994,-0.004899999999999904,-0.0007374477685513359,-0.001704835414006567,-0.062000000000000055
2024-12-12,-0.06320000000000014,-0.01990000000000003,0.00015309992583656395,0.009897134367008675,-0.08699999999999997
2024-12-13,-0.0403,-0.03980000000000006,0.000306129550849743,-0.023946827354349054,0.123
2024-12-16,-0.03169999999999984,-0.052200000000000024,8.347361543004084e-05,-0.0054402018352917025,0.0040000000000000036
2024-12-17,-0.01770000000000005,0.0025000000000001688,0.00012519735989036107,0.002601983245876127,0.02499999999999991
2024-12-18,-0.031200000000000117,0.017599999999999838,-0.0001530211241693724,0.005050059923116024,-0.010999999999999899
2024-12-19,-0.05579999999999985,0.0050000000000001155,0.0004311813740818238,0.0009061341664242661,-0.14900000000000002
2024-12-20,-0.03380000000000005,-0.037800000000000056,-0.00013907045331595924,-0.004501197178489846,-0.006999999999999895
2024-12-23,-0.03290000000000004,-0.008899999999999908,-0.00043124135577277123,0.0014826273722281513,-0.0950000000000002
2024-12-24,-0.04719999999999991,0.014899999999999913,8.34805838558772e-05,0.012660205523026491,-0.03599999999999981
2024-12-25,-0.011900000000000022,0.015100000000000113,-0.00011130899388156479,0.0004870931763178987,0.026999999999999913
2024-12-26,0.04799999999999993,0.00749999999999984,0.0004034361686549026,0.00046431071914909694,0.016999999999999904
2024-12-27,0.06509999999999994,-0.042300000000000004,-5.563669241315239e-05,-0.0016187218842098616,0.20700000000000007
2024-12-30,0.043400000000000105,0.01550000000000007,-5.563978802669567e-05,0.004517302583867178,0.20999999999999996
2024-12-31,0.043199999999999905,-0.04039999999999999,-6.955408876496705e-05,-0.01616981953744734,0.016000000000000014
2025-01-02,-0.044499999999999984,-0.05489999999999995,-6.955892687288134e-05,-0.0295343659003926,-0.32299999999999995
2025-01-03,-0.06149999999999989,-0.014700000000000157,-1.3912366006785248e-05,-0.011909835387468704,0.026999999999999913
2025-01-06,0.059499999999999886,-0.009299999999999864,-2.782531268885613e-05,-0.0016423623922747765,-0.07399999999999984
2025-01-07,0.01639999999999997,0.004999999999999893,4.173767869564138e-05,0.007173997789573505,-0.05500000000000016
2025-01-08,0.03980000000000006,0.0049000000000001265,0.00011129196066184122,-0.0018167199718366334,0.039000000000000146
2025-01-09,0.06610000000000005,0.025399999999999867,-1.3910817747708748e-05,-0.0024674040155208132,0.051999999999999824
2025-01-10,0.007500000000000062,0.010099999999999998,6.955215371062806e-05,-0.012618495958234277,0.06000000000000005
2025-01-13,0.04249999999999998,-9.999999999998899e-05,-8.346316497198636e-05,-0.0026740749823286336,0.268
2025-01-14,-0.007200000000000095,0.0042999999999999705,-9.738249765955942e-05,0.025992665166281625,0.20199999999999996
2025-01-15,-0.022299999999999986,-0.01959999999999984,6.955989457524403e-05,-0.0064369129736139286,-0.04499999999999993
2025-01-16,0.04469999999999996,0.009800000000000031,-2.7823377203528565e-05,0.0011472789666253647,0.07500000000000018
2025-01-17,-0.0046999999999999265,0.019199999999999884,0.00011128886427291818,0.0031419255212217223,-0.15300000000000002
2025-01-20,0.05590000000000006,0.016199999999999992,-4.1731872723715924e-05,0.004536374234241691,-0.026000000000000245
2025-01-21,-0.0050000000000001155,-0.014899999999999913,-0.0025489431513685545,0.0007668986161828428,-0.10699999999999998
2025-01-22,-0.014999999999999902,-0.000700000000000145,-9.762969066118288e-05,-0.009331554264925046,-0.09299999999999997
2025-01-23,0.018299999999999983,0.006800000000000139,0.0001673593488047409,0.0017701654345394502,0.18200000000000016
2025-01-24,0.033399999999999874,0.0043999999999999595,-4.183721141637342e-05,0.007626407605101804,0.08299999999999974
2025-01-27,-0.051799999999999846,-0.03299999999999992,-9.762696743531585e-05,-0.004126441344530107,-0.36299999999999977
2025-02-05,-0.020000000000000018,-0.006400000000000183,-6.973938395060664e-05,-0.0057790290187664795,0.129
2025-02-06,-0.043500000000000094,-0.022399999999999975,-2.789711543993434e-05,0.012502682856299074,-0.05900000000000016
2025-02-07,0.005800000000000027,0.0027000000000001467,0.00011158379257003581,0.012894284916242782,-0.052999999999999936
2025-02-10,0.03520000000000012,0.024799999999999933,0.00011157134301620353,0.0021450489292806907,-0.0029999999999998916
2025-02-11,0.009299999999999864,-0.0048000000000001375,0.00012550288324475467,-0.004605903908073472,0.10899999999999999
2025-02-12,0.0,0.010000000000000009,-8.366683869720504e-05,0.009413503985017613,0.006999999999999895
2025-02-13,0.010800000000000143,-0.0022999999999999687,0.00012549763313995932,-0.0037627896608345424,-0.08200000000000007
2025-02-14,0.0985999999999998,0.020600000000000174,-0.00018127941482459775,0.008635458987622968,0.131
2025-02-17,0.013500000000000068,0.030999999999999917,-5.57848934652494e-05,0.0021276617800172204,0.1050000000000002
2025-02-18,0.06830000000000003,0.01089999999999991,-6.973549330235862e-05,-0.0088078437130239,0.20999999999999996
2025-02-19,0.0040000000000000036,-0.006399999999999961,0.0001115744551443143,0.006972522420195304,-0.27500000000000013
2025-02-20,0.014000000000000012,-0.006999999999999895,9.761743734082451e-05,-0.0028629374478352787,0.05800000000000005
2025-02-21,-0.0043999999999999595,0.01739999999999986,-0.000223139574729192,0.012532343145842617,0.1469999999999998
2025-02-24,0.008199999999999985,0.05750000000000011,0.000292860481965862,-0.0021960057469812,-0.19799999999999973
2025-02-25,0.01770000000000005,-0.010000000000000009,0.00012548538460310787,-0.01116271234641708,0.18700000000000006
2025-02-26,-0.029400000000000093,-0.017400000000000082,8.364817582151574e-05,0.008697131937863034,0.0029999999999996696
2025-02-27,0.012399999999999967,0.015100000000000113,0.00011152001795888822,0.002062195741215689,0.10900000000000043
2025-02-28,-0.0032999999999998586,-0.017400000000000082,-2.787883856947282e-05,-0.019869720833220583,-0.14700000000000024
2025-03-03,-0.04420000000000002,-0.02729999999999988,9.757253480269235e-05,-0.0004049355186719339,-0.2809999999999999
2025-03-04,0.012599999999999945,0.005099999999999882,-8.363301836422643e-05,-0.0008369251320683446,-0.09400000000000008
2025-03-05,-0.0015000000000000568,0.007500000000000062,-0.00034854621727120616,0.004455648029683346,0.03299999999999992
2025-03-06,0.023900000000000032,0.017800000000000038,-0.00030682119538361086,0.013657831477299709,-0.0029999999999998916
2025-03-07,0.09650000000000003,0.06219999999999981,0.00018131481182481757,-0.0030942331939733947,-0.030000000000000027
2025-03-10,0.0007999999999999119,0.007800000000000029,0.00039041258739858087,-0.0038645685965104093,0.062000000000000055
2025-03-11,0.025600000000000067,0.06730000000000014,0.00011151846339130245,0.003205479594624805,0.006000000000000005
2025-03-12,-0.020999999999999908,-0.042200000000000015,-0.0006274531881782508,-0.003605248781171966,-0.006000000000000005
2025-03-13,-0.009800000000000031,0.00770000000000004,0.00044622936929639145,-0.00399351922156832,-0.006000000000000005
2025-03-14,0.04279999999999995,0.007699999999999818,0.00013940585248350956,0.02399098864900573,-0.03200000000000003
2025-03-17,-0.04269999999999996,0.045600000000000085,-0.0006972236836488843,-0.0024412556765209814,0.07699999999999996
2025-03-18,-0.00550000000000006,0.0041999999999999815,0.0006275231866559317,0.0027322862036402995,0.08400000000000007
2025-03-19,0.0044999999999999485,-0.011900000000000022,-0.0005019870425428952,0.000609911036777433,-0.04699999999999993
2025-03-20,-0.008399999999999963,-0.045499999999999874,0.0007946964886940133,-0.008810450491655075,-0.07800000000000007
2025-03-21,-0.0007999999999999119,0.0026999999999999247,8.361553581526238e-05,-0.015285111026175358,-0.02400000000000002
2025-03-24,-0.0046000000000001595,-9.999999999998899e-05,0.0002786679689206206,0.005134831721901989,-0.008999999999999897
2025-03-25,-0.01089999999999991,-0.015200000000000102,0.00011144544756880315,-0.0006491555733685317,0.06999999999999984
2025-03-26,-0.0242,-0.026499999999999968,-0.00047372895230468615,-0.0032957426553714697,0.08499999999999996
2025-03-27,0.01110000000000011,0.005600000000000049,0.00012542068203491574,0.0033253941104032236,0.10400000000000009
2025-03-28,-0.02090000000000014,0.013400000000000079,-0.00015329408105824172,-0.0043951211394954726,-0.06800000000000006
2025-03-31,0.0,0.00529999999999986,0.0004180194300562601,-0.007141510824858699,0.08700000000000019
2025-04-01,0.020000000000000018,-0.0043999999999999595,-9.75222386305763e-05,9.736347311140037e-05,-0.2160000000000002
2025-04-02,0.032399999999999984,-0.024699999999999944,0.0002507522580841304,-0.0008487572140865041,-0.0020000000000000018
2025-04-03,-0.07650000000000001,-0.07000000000000006,0.0013362844933288986,-0.005908286569495047,-0.11599999999999988
2025-04-07,-0.012899999999999912,-0.08709999999999996,0.0012650398923439443,-0.07306022088195085,0.004999999999999893
2025-04-08,0.014899999999999913,0.0242,0.0008054549172418213,0.01693872255057194,0.03100000000000014
2025-04-09,-0.05390000000000006,-0.009300000000000086,0.0003886082322817064,0.009822235897702924,-0.02200000000000002
2025-04-10,-0.021499999999999853,-0.0022999999999999687,0.000360715330150585,0.01302130762971565,-0.02200000000000002
2025-04-11,-0.0029000000000001247,0.009700000000000042,-6.935822834130967e-05,0.004114982447584126,-0.062000000000000055
2025-04-14,0.00770000000000004,-0.001100000000000101,0.0003190080264507955,0.0022971759191552366,0.04600000000000004
2025-04-15,0.01330000000000009,0.0040000000000000036,-0.0001941666788343177,0.0005565146678172539,0.030000000000000027
2025-04-16,-0.0040000000000000036,-0.020199999999999996,0.0005130729716167348,0.003075530726730946,0.0009999999999998899
2025-04-17,0.009299999999999864,0.013700000000000045,-0.0006656589575837479,-0.0001585942030821741,-0.04400000000000004
2025-04-18,0.0038000000000000256,-0.0026999999999999247,-0.000221984822699417,7.976412620180895e-05,0.0020000000000000018
2025-04-21,0.01540000000000008,0.010299999999999976,-0.00019427715084252561,0.003270332423104705,0.026000000000000023
2025-04-22,-9.999999999998899e-05,-0.00990000000000002,0.00026365270153894116,-0.0002453218426641257,-0.010000000000000009
2025-04-23,0.00529999999999986,0.012399999999999967,0.000582564688089926,0.0007740758585086382,-0.026000000000000023
2025-04-24,0.000300000000000189,0.0035000000000000586,-0.00024962902483083305,-0.0006669977864408594,0.04600000000000004
2025-04-25,-0.00019999999999997797,-0.004899999999999904,-0.0004439388547148315,0.0006963882857142778,-0.052000000000000046
2025-04-28,0.009399999999999853,-0.009000000000000119,-0.0003192028283489634,-0.0014203134071291146,0.08500000000000019
2025-04-29,-0.009099999999999886,-0.023800000000000043,-0.0001943472714209804,-0.00173147154981379,0.02499999999999991
2025-04-30,0.008899999999999908,0.00029999999999996696,-0.00020827114200927532,-0.0011943841041759384,0.014000000000000012
2025-05-06,0.0024999999999999467,0.000300000000000189,-8.332060384486084e-05,0.010020227489523137,-0.05499999999999994
2025-05-07,-0.01649999999999996,0.017599999999999838,-4.1662905438277775e-05,0.006042973405625318,-0.04600000000000004
2025-05-08,-0.029099999999999904,-0.012799999999999923,0.0009439332174108195,0.005535634022564295,-0.06699999999999995
2025-05-09,0.0019000000000000128,0.0024999999999999467,0.00030519949185370265,-0.0017507872225621668,-0.07500000000000018
2025-05-12,-0.007400000000000073,0.028200000000000003,-0.0004023279582021644,0.011491490897917345,-0.02299999999999991
2025-05-13,0.0024999999999999467,0.005800000000000027,-0.0010412545975038157,0.001450827486319639,-0.006000000000000005
2025-05-14,0.008499999999999952,0.009200000000000097,-0.0004862901024647037,0.011978632946959777,0.010999999999999899
2025-05-15,0.010900000000000132,-0.0042999999999999705,9.727694057803937e-05,-0.009174515113526738,-0.0039999999999997815
2025-05-16,0.019399999999999862,0.007099999999999884,-0.00034746110522543283,-0.0046467858789274175,0.04799999999999982
2025-05-19,-0.00749999999999984,-0.008000000000000007,-0.00030586567174362145,-0.0030748788875616384,0.017000000000000126
2025-05-20,-0.001100000000000101,0.02429999999999999,0.00020855492369475925,0.005408205090935425,-0.006000000000000005
2025-05-21,0.0020000000000000018,0.007600000000000051,8.340979235788026e-05,0.004660595982070248,-0.007000000000000117
2025-05-22,0.0024999999999999467,0.012699999999999934,-0.000472747506023552,-0.0006425341300388965,-0.026000000000000023
2025-05-23,-0.0028999999999999027,9.999999999998899e-05,0.0002224972544675463,-0.008104312172250161,0.029000000000000137
2025-05-26,0.006999999999999895,0.00029999999999996696,-0.0011965052348488214,-0.005726264606510156,0.026999999999999913
2025-05-27,0.007600000000000051,0.0051000000000001044,0.0005984315705107601,-0.00537952860855917,0.019000000000000128
2025-05-28,0.0027000000000001467,-0.041099999999999914,0.0002503999456640038,-0.0008234630219341454,-0.020000000000000018
2025-05-29,0.016000000000000014,0.012699999999999934,0.00018080541909193393,0.005838453404127364,0.02400000000000002
2025-05-30,-0.018199999999999994,-0.019000000000000128,-0.0008208410603145477,-0.004797427793809206,0.014999999999999902
2025-06-03,0.005199999999999871,0.0015000000000000568,0.0002922410034922329,0.003062931357456833,-0.10200000000000009
2025-06-04,-0.012799999999999923,-0.008099999999999996,0.00023651351367615092,0.004333831311969405,0.028000000000000025
2025-06-05,-0.016599999999999948,0.005900000000000016,-0.0002921718826218722,0.00227535866024553,-0.008999999999999897
2025-06-06,-0.01990000000000003,-0.012299999999999978,-0.0002783383220252844,-0.0009215201998316047,-0.03400000000000003
2025-06-09,0.007299999999999862,-0.008899999999999908,0.0001391788450404441,0.0029028158484738498,-0.0029999999999998916
2025-06-10,-0.0043999999999999595,0.0010999999999998789,-0.00020877553226616996,-0.0051042395183475975,-0.001000000000000112
2025-06-11,-0.005099999999999882,-0.007900000000000018,-0.0003480561101578683,0.007515411740488531,0.006000000000000005
2025-06-12,-0.007000000000000117,0.001000000000000112,-0.00016710997267654903,-0.0006231038363964103,0.018999999999999906
2025-06-13,0.007600000000000051,-0.0034000000000000696,-0.00043183006068936436,-0.007224276477920455,-0.0129999999999999
2025-06-16,-0.012499999999999956,-0.0014000000000000679,0.00023683312430877734,0.0024846040696555605,0.0020000000000000018
2025-06-17,-0.01750000000000007,-0.009399999999999853,-0.0005991570179588734,-0.0008823408032938573,-0.0020000000000000018
2025-06-18,0.0,0.0040000000000000036,0.0002090490366966069,0.0011857955789817964,-0.0030000000000001137
2025-06-19,-0.014999999999999902,0.005599999999999827,-0.0004460241205728188,-0.008261084532129814,0.019000000000000128
2025-06-20,-0.00990000000000002,-0.0031999999999998696,-0.00047411870589142424,0.0009241150759624617,0.004999999999999893
2025-06-23,-0.0047000000000001485,-0.0020000000000000018,0.00020919772748095866,0.002922250878153676,-0.031999999999999806
2025-06-24,0.007100000000000106,0.008000000000000007,-0.0007533167215894032,0.01188702004334452,0.1319999999999999
2025-06-25,0.0027999999999999137,0.0040000000000000036,0.00016745276475749193,0.01425031353999806,0.04200000000000004
2025-06-26,0.007200000000000095,-0.0018000000000000238,-0.0006699793673650145,-0.0035533929970359424,-0.001000000000000112
2025-06-27,-0.01760000000000006,-0.0036000000000000476,9.773328594087083e-05,-0.006167377641091321,-0.0020000000000000018
2025-06-30,-0.0040000000000000036,0.008099999999999996,-0.0005725737345092519,0.0036451038725413554,0.09499999999999997
2025-07-01,0.0026999999999999247,-0.006099999999999994,-0.0007266629721656148,0.0016964174090752238,-0.23299999999999987
2025-07-02,-0.004999999999999893,-0.01079999999999992,0.0001677383286013967,0.00023404709773977572,-0.03299999999999992
2025-07-03,0.0041999999999999815,0.0044999999999999485,-0.000321523183892225,0.006163685528228768,-0.04100000000000015
2025-07-04,-0.01200000000000001,0.0020000000000000018,0.0001677641240356298,0.0035560586290070972,-0.03299999999999992
2025-07-07,0.0006999999999999229,-0.00039999999999995595,-0.00040547815517699703,-0.004285394770601414,0.03499999999999992
2025-07-08,0.016800000000000148,0.0045999999999999375,0.00039149888643219555,0.008357571857560586,-0.0029999999999998916
2025-07-09,0.010199999999999987,-0.0033000000000000806,9.785077764234984e-05,-0.0017652644088688163,0.008999999999999897
2025-07-10,0.006699999999999928,0.014900000000000135,-0.0004334118668904985,0.004655104275560262,0.010000000000000009
2025-07-11,0.0004999999999999449,0.0046999999999999265,-0.0004895618519289435,0.0011919753543665479,0.001000000000000112
2025-07-14,-0.014999999999999902,0.010399999999999965,0.00022382944289978113,0.0007123085206455215,0.039999999999999813
2025-07-15,-0.0051000000000001044,-0.012899999999999912,9.790962949018933e-05,0.0003475541997186582,0.03100000000000014
2025-07-16,0.0021999999999999797,0.0013000000000000789,0.0003915426831540003,-0.0029559220175290335,-0.04200000000000004
2025-07-17,0.0008000000000001339,-0.0013000000000000789,-0.0009091736238595605,0.006786930336545538,0.0
2025-07-18,-0.0034000000000000696,0.007500000000000062,0.0005176309407055601,0.005945274470718687,-0.010000000000000009
2025-07-21,0.0039000000000000146,0.009199999999999875,0.00033561739931853296,0.0066449366218446215,-0.016999999999999904
2025-07-22,0.0050000000000001155,0.01429999999999998,-0.0008672420848203632,0.008129908671451247,-0.015000000000000124
2025-07-23,0.015099999999999891,0.015900000000000025,-0.0006439240392155376,0.00019670515411540634,0.001000000000000112
2025-07-24,0.02289999999999992,0.0253000000000001,-0.0004061653148648148,0.007079238456162429,0.08199999999999985
2025-07-25,-0.01309999999999989,0.006000000000000005,0.00047617714689307533,-0.005285868007222305,0.07500000000000018
2025-07-28,-0.020199999999999996,-0.022399999999999975,0.0006718643086882636,0.0020962885558741817,-0.02400000000000002
2025-07-29,0.03869999999999996,0.024699999999999944,0.0006154793239376843,0.003909463318979789,-0.051000000000000156
2025-07-30,-0.006899999999999906,-0.014100000000000001,-0.0009793497900683068,-0.00018951586629434303,-0.04400000000000004
2025-07-31,-0.01990000000000003,-0.025900000000000034,0.0007415958642602583,-0.018390762995490917,-0.0039999999999997815
2025-08-01,-0.007300000000000084,0.006000000000000005,2.7973984196627555e-05,-0.005082736403513977,-0.051000000000000156
2025-08-04,-0.0040000000000000036,0.0041999999999999815,-0.00141366519683217,0.0038824603302458627,-0.010000000000000009
2025-08-05,0.0023999999999999577,-0.008899999999999908,-0.0004062734276015778,0.008012543441925146,-0.0040000000000000036
2025-08-06,-0.005199999999999871,-0.0040000000000000036,0.0006023463673627827,0.0024425664180185436,0.010000000000000009
2025-08-07,-0.0025999999999999357,-0.006000000000000005,-0.0008966474394815904,0.00028701465964964257,-0.008000000000000007
2025-08-08,-0.00770000000000004,-0.0029000000000001247,0.0005184723399056512,-0.002359984836212803,0.0016000000000000458
2025-08-11,0.0028999999999999027,0.02310000000000012,0.00032215818245240335,0.004264667169127989,-0.0036000000000000476
2025-08-12,0.0050000000000001155,0.009800000000000031,0.00018204350890127508,0.0051569758967193735,0.001000000000000112
2025-08-13,-0.0025000000000001688,-0.0015000000000000568,-0.0009525944909523076,0.007872832591722556,0.0009999999999998899
2025-08-14,0.0027000000000001467,0.011499999999999844,-0.00018221702097553916,-0.0007819264427801897,-0.008000000000000007
2025-08-15,0.0024999999999999467,0.007300000000000084,0.0004764974723674431,0.006934449149081701,0.039000000000000146
2025-08-18,0.020999999999999908,0.0475000000000001,-0.0006867891476949328,0.008780020424243418,0.018000000000000016
2025-08-19,0.0044000000000001815,-0.018199999999999994,0.0005186394941074646,-0.003790339981286195,0.03399999999999981
2025-08-20,-0.0026000000000001577,0.016999999999999904,0.0003502798772003768,0.011306300729774676,0.017000000000000126
2025-08-21,-0.0018000000000000238,-0.015300000000000091,-0.0013597719921485396,0.0038962524346182192,-0.038999999999999924
2025-08-22,-0.017199999999999882,0.011600000000000055,0.00047683160333500396,0.02075456224077854,-0.03200000000000003
2025-08-25,-0.0050000000000001155,-0.014100000000000001,-0.002245898671469071,0.020622803387883692,0.020999999999999908
2025-08-26,-0.007799999999999807,-0.0121,0.0003793493501715872,-0.0037282154995157413,-0.016999999999999904
2025-08-27,0.0020000000000000018,0.0685,-0.0011244168273001343,-0.015039547486651372,0.02400000000000002
2025-08-28,0.011599999999999833,0.022699999999999942,-0.000633040514630645,0.017549874612882377,0.03499999999999992
2025-08-29,-0.0020000000000000018,-0.0043999999999999595,-0.00046448453608993745,0.007360548546579082,-0.016000000000000014
2025-09-01,-0.0027999999999999137,-0.017900000000000027,0.0005911247022984956,0.005975759490661758,-0.07200000000000006
2025-09-02,-0.0019000000000000128,9.999999999998899e-05,0.00023916545439361947,-0.007379153803649174,-0.006999999999999895
2025-09-03,0.0022999999999999687,-0.016899999999999915,0.00026723489402846745,-0.006842983970612337,0.0020000000000000018
2025-09-04,0.005900000000000016,-0.012899999999999912,-0.000787844722799802,-0.021444604550252322,0.0040000000000000036
2025-09-05,0.021300000000000097,0.040000000000000036,0.00016887612976046462,0.02155565643853663,-0.010000000000000009
2025-09-08,0.005699999999999816,0.010199999999999987,-0.0004926351151406383,0.0016237643911747313,0.010999999999999899
2025-09-09,-0.0024999999999999467,0.020100000000000007,-0.0002956976020758173,-0.007034056835626856,0.029000000000000137
2025-09-10,0.015600000000000058,0.02519999999999989,0.0007601886760117971,0.0020506393670540746,-0.018000000000000016
2025-09-11,-0.013100000000000112,-0.017400000000000082,-0.0003940997686409098,0.022833203776542632,0.016999999999999904
2025-09-12,0.000700000000000145,-0.010099999999999998,-0.00021118878243675532,-0.005741230037992651,-0.006000000000000005
2025-09-15,-0.0015000000000000568,-9.999999999998899e-05,0.0005208516746291192,0.0024423279779259843,0.010000000000000009
2025-09-16,0.0051000000000001044,-0.00869999999999993,-0.00040821210704589106,-0.0021463300841659816,0.0050000000000001155
2025-09-17,-0.006200000000000205,-0.018000000000000016,-0.00019712757033718553,0.006102113388791963,0.04399999999999982
2025-09-18,0.0023000000000001908,0.015200000000000102,0.0010133852152978129,-0.011694956620106112,0.009000000000000119
2025-09-19,0.006199999999999983,0.025399999999999867,0.0006047267311766191,0.000846775146920109,-0.040000000000000036
2025-09-22,-0.0014000000000000679,-0.014999999999999902,-0.00030934938447124694,0.004584957216321683,-0.02200000000000002
2025-09-23,0.0020999999999999908,0.014399999999999968,-0.0006893495767592572,-0.000625918880503562,-0.0040000000000000036
2025-09-24,-0.010699999999999932,0.01980000000000004,0.00028142457303670376,0.010190154181971778,0.1280000000000001
2025-09-25,0.0020999999999999908,-0.009400000000000075,0.000576672894774255,0.00598648558849213,-0.006000000000000005
2025-09-26,-0.010000000000000009,-0.007800000000000029,0.0004779644429222518,-0.009501603286869553,-0.08300000000000018
2025-09-29,-0.000600000000000156,0.001100000000000101,-0.0008858206019299875,0.015268197397487526,0.02200000000000002
2025-09-30,-0.010499999999999954,-0.019000000000000128,-0.0004783881225856046,0.004457682677076136,-0.11799999999999988
2025-10-09,-0.01519999999999988,-0.017699999999999827,0.0006612407649642105,0.014714106934794913,0.09000000000000008
2025-10-10,0.01970000000000005,0.006899999999999906,-0.0007597608525862221,-0.01986871275602553,-0.04400000000000004
2025-10-13,-0.0026000000000001577,-0.013500000000000068,-0.0005772412254190229,-0.004962786217074466,-0.0040000000000000036
2025-10-14,0.009500000000000064,-0.010099999999999998,0.00019714422572070234,-0.012025512717695364,-0.02400000000000002
2025-10-15,0.015700000000000047,0.010499999999999954,-0.00036615593018352044,0.014701393351968406,-0.009000000000000119
2025-10-16,-0.0028000000000001357,0.0012000000000000899,-0.00038038080803537433,0.0026307401300691424,0.0050000000000001155
2025-10-17,-0.00019999999999997797,-0.01849999999999996,-0.0002677621442608302,-0.022817418466393846,-0.0040000000000000036
2025-10-20,0.03980000000000006,0.025800000000000045,0.00033821395173116997,0.005299260187527466,0.0029999999999998916
2025-10-21,0.03190000000000004,-0.0052000000000000934,-0.0006060478117606571,0.015231149996020932,0.008000000000000007
2025-10-22,0.004999999999999893,-0.009800000000000031,0.0003383045336879942,-0.0033262564862699406,-0.0040000000000000036
2025-10-23,9.999999999998899e-05,0.009400000000000075,-0.0005074997289480354,0.0029948555334744498,-0.004999999999999893
2025-10-24,-0.0024999999999999467,0.004999999999999893,0.0001409979839623876,0.011727475434501144,-0.0030000000000001137
2025-10-27,-0.014499999999999957,-0.008999999999999897,-0.0006628634532497291,0.011802815485959073,0.1280000000000001
2025-10-28,-0.025700000000000056,-0.01980000000000004,-0.0003527660421660528,-0.005111750388733682,-0.01200000000000001
2025-10-29,-0.04509999999999992,0.001000000000000112,-0.0001834875339483677,0.011836138112609973,-0.018000000000000016
2025-10-30,-0.009400000000000075,-0.0050000000000001155,0.00029638620750871425,-0.008020302527812717,-0.028000000000000025
2025-10-31,9.999999999998899e-05,-0.018399999999999972,0.00022575911598310405,-0.014810776684893057,-0.04499999999999993
2025-11-03,0.006000000000000005,-0.0027999999999999137,-0.0001834253992880619,0.002740501722579225,-0.027000000000000135
2025-11-04,0.005600000000000049,0.0039000000000000146,0.00025396467205740514,-0.007485673216619304,0.0030000000000001137
2025-11-05,0.009700000000000042,-0.000300000000000189,0.00022569224137658495,0.0018511882262792767,0.008000000000000007
2025-11-06,-0.0022999999999999687,0.010600000000000165,-0.0005078791921027115,0.014193696383509646,-0.0020000000000000018
2025-11-07,-0.000400000000000178,0.007699999999999818,-0.00040931257231613394,-0.0031174784090151064,0.0009999999999998899
2025-11-10,-0.0017999999999998018,-0.0020999999999999908,0.00028230246072946663,0.0034684414183576706,0.05600000000000005
2025-11-11,0.005599999999999827,-0.0004999999999999449,0.00014112135048316432,-0.00917610120405854,0.02299999999999991
2025-11-12,0.0021999999999999797,-0.0012999999999998568,-0.00046577605482900353,-0.001345999472267323,-0.026999999999999913
2025-11-13,0.0026000000000001577,0.0045999999999999375,0.0004516648159325065,0.01201683479581206,0.0
2025-11-14,0.0,-0.0016000000000000458,-0.000564612902288486,-0.01584862913523999,-0.006000000000000005
2025-11-17,-0.0031000000000001027,-0.0021999999999999797,-0.00012708184794107957,-0.006522172024576278,0.04600000000000004
2025-11-18,0.00029999999999996696,-0.00039999999999995595,0.0005646846386428983,-0.006515166165609543,0.0040000000000000036
2025-11-19,-0.0025999999999999357,0.004999999999999893,0.00022578460244915277,0.0043902070025421125,-0.030999999999999917
2025-11-20,0.0,0.000600000000000156,0.0004655198035781183,-0.005100696438972818,-0.027000000000000135
2025-11-21,0.0015000000000000568,0.005099999999999882,-0.00042319086539310824,-0.02469272431124736,-0.04299999999999993
2025-11-24,-0.0012000000000000899,-0.0016000000000000458,-0.0003951397858386052,-0.0012491610769309602,0.030000000000000027
2025-11-25,0.0023999999999999577,0.009600000000000053,-0.0002964573370198842,0.009477528029245619,-0.014000000000000012
2025-11-26,0.00019999999999997797,0.030100000000000016,-0.0004236629965503891,0.006043692627946129,0.020000000000000018
2025-11-27,0.0025000000000001688,-0.004899999999999904,-0.00024015539582133982,-0.0004921494753808986,-0.028000000000000025
2025-11-28,-0.008099999999999996,-0.010400000000000187,0.00014127486461101846,0.0024903396935087585,0.01200000000000001
2025-12-01,0.0,-0.009299999999999864,-0.0004238844836972344,0.01094665315966914,0.016999999999999904
2025-12-02,-0.0009000000000001229,0.011700000000000044,0.0004945144322374695,-0.004851906559698804,-0.020000000000000018
2025-12-03,0.0009000000000001229,-0.0039000000000000146,-0.0005651793181784548,-0.005126069032202807,-0.008000000000000007
2025-12-04,0.0046999999999999265,0.030200000000000005,-0.00029684706233368274,0.0034189189816125065,-0.0020000000000000018
2025-12-05,-0.0050000000000001155,-0.023400000000000087,0.0002261771825136094,0.008316764805146093,-0.008000000000000007
2025-12-08,-0.013299999999999867,0.0038000000000000256,0.00021199465852861366,0.008085319383846823,0.010000000000000009
2025-12-09,0.01309999999999989,-0.009800000000000031,0.00012717522643734824,-0.005104426899569248,0.0050000000000001155
2025-12-10,-0.004999999999999893,0.0037000000000000366,-0.0002826335815770964,-0.0013919185825237435,0.008000000000000007
2025-12-11,-0.007500000000000062,-0.008299999999999974,-0.0009474049591902123,-0.00867075588550037,-0.007000000000000117
2025-12-12,0.00019999999999997797,0.0025999999999999357,-0.0006792901679226748,0.006299106658067544,0.019000000000000128
2025-12-15,-0.0021999999999999797,0.008599999999999941,0.00025478789046085026,-0.0063266103133976515,-0.019000000000000128
2025-12-16,-0.0018000000000000238,-0.0008999999999999009,-0.000764558504728674,-0.01204598527180778,-0.0029999999999998916
2025-12-17,-0.005199999999999871,-0.011800000000000033,-0.00041083761867044544,0.018137900564846987,-0.001000000000000112
2025-12-18,-0.007300000000000084,-0.0028999999999999027,0.00014168721154939057,-0.005930902245165015,-0.0020000000000000018
2025-12-19,-0.012199999999999989,-0.0050000000000001155,-0.0004676440039028673,0.0033736572780753704,0.0051000000000001044
2025-12-22,-0.0029999999999998916,0.013600000000000056,0.00031178696699640795,0.009465503998802305,-0.014100000000000001
2025-12-23,-0.016000000000000014,-0.006900000000000128,-0.0006945675179119704,0.0019736243659576047,-0.018000000000000016
2025-12-24,-0.0046000000000001595,0.0020000000000000018,-0.0007376200740130123,0.002879483017828477,-0.014000000000000012
2025-12-25,-0.01949999999999985,0.0038000000000000256,-0.00112165733063474,0.0018276324447281667,0.014999999999999902
2025-12-26,-0.03210000000000002,-0.0033999999999998476,-0.0004831261195215042,0.0031622939580593368,0.04800000000000004
2025-12-29,0.037900000000000045,0.023199999999999887,-0.00038382532154557225,-0.0038439641902296984,0.1100000000000001
2025-12-30,0.015399999999999858,-0.007400000000000073,0.00024168497192511573,0.0025638037218520537,0.030999999999999917
2025-12-31,0.0018000000000000238,-0.0028999999999999027,-0.0008532666406937395,-0.004599036469008055,0.367
