date,yield_1y,yield_10y,usd_cny_mid,hs300,shibor_1w
2015-01-04,,,,,4.883
2015-01-05,3.2953,3.6651,6.1248,3641.541,4.725
2015-01-06,3.247,3.6349,6.1256,3641.059,4.241
2015-01-07,3.1897,3.6543,6.126899999999999,3643.79,3.873
2015-01-08,3.1676,3.6616,6.1302,3559.259,3.745
2015-01-09,3.1886,3.634,6.1296,3546.723,3.738
2015-01-12,3.1976,3.63,6.1232999999999995,3513.576,3.762
2015-01-13,3.2104,3.6076,6.1195,3514.04,3.73
2015-01-14,3.2561,3.5849,6.120499999999999,3502.423,3.837
2015-01-15,3.2009,3.5191,6.119299999999999,3604.121,3.843
2015-01-16,3.2256,3.5032,6.1188,3635.146,3.848
2015-01-19,3.1884,3.4761,6.123,3355.155,3.831
2015-01-20,3.2149,3.4573,6.1226,3396.222,3.782
2015-01-21,3.1985,3.4684,6.1268,3548.885,3.823
2015-01-22,3.1735,3.4508,6.124700000000001,3567.613,3.875
2015-01-23,3.1701,3.4416,6.1342,3571.732,4.028
2015-01-26,3.158,3.4342,6.1384,3607.985,3.92
2015-01-27,3.119,3.4261,6.1364,3574.931,3.89
2015-01-28,3.0947,3.4409,6.1282,3525.323,3.898
2015-01-29,3.1021,3.4467,6.133500000000001,3481.798,3.929
2015-01-30,3.1132,3.4707,6.137,3434.39,4.026
2015-02-02,3.1059,3.4682,6.1385,3353.96,4.257
2015-02-03,3.1001,3.4407,6.136899999999999,3437.445,4.3933
2015-02-04,3.0889,3.412,6.1318,3401.768,4.427
2015-02-05,3.0765,3.3782,6.1366,3366.946,4.412
2015-02-06,3.071,3.4307,6.126099999999999,3312.42,4.359
2015-02-09,3.096,3.4269,6.131100000000001,3345.921,4.335
2015-02-10,3.0767,3.4182,6.129500000000001,3406.943,4.321
2015-02-11,3.0911,3.4091,6.131500000000001,3434.124,4.42
2015-02-12,3.0927,3.3796,6.133299999999999,3442.874,4.602
2015-02-13,3.1012,3.3732,6.1288,3469.828,4.663
2015-02-15,,,,,4.72
2015-02-16,3.1214,3.3439,6.127299999999999,3499.483,4.7
2015-02-17,3.1148,3.3017,6.133,3522.322,4.749
2015-02-25,3.0751,3.3031,6.1384,3478.729,4.768
2015-02-26,3.0471,3.309,6.137900000000001,3566.295,4.717
2015-02-27,3.0541,3.3365,6.147500000000001,3572.843,4.715
2015-02-28,,,,,4.772
2015-03-02,3.0689,3.3413,6.151299999999999,3601.265,4.748
2015-03-03,3.0581,3.3998,6.154300000000001,3507.9,4.747
2015-03-04,3.0773,3.4086,6.152499999999999,3530.822,4.717
2015-03-05,3.0985,3.4342,6.1528,3496.344,4.729
2015-03-06,3.114,3.4786,6.1533,3478.52,4.739
2015-03-09,3.0883,3.495,6.156300000000001,3537.75,4.773
2015-03-10,3.1613,3.4881,6.1572,3520.611,4.763
2015-03-11,3.1266,3.4504,6.159699999999999,3524.653,4.773
2015-03-12,3.1025,3.4275,6.1617,3592.844,4.7511
2015-03-13,3.1352,3.4732,6.1588,3617.657,4.738
2015-03-16,3.1484,3.4994,6.161500000000001,3705.671,4.708
2015-03-17,3.1559,3.5395,6.158499999999999,3757.122,4.62
2015-03-18,3.1399,3.5022,6.1556,3846.055,4.602
2015-03-19,3.1498,3.5304,6.146,3839.739,4.496
2015-03-20,3.1682,3.495,6.1496,3892.574,4.331
2015-03-23,3.1673,3.492,6.1448,3972.061,4.143
2015-03-24,3.1424,3.4879,6.1398,3973.046,4.033
2015-03-25,3.1745,3.4951,6.141,3940.412,3.955
2015-03-26,3.1644,3.5272,6.137500000000001,3949.999,3.897
2015-03-27,3.1832,3.5619,6.1396999999999995,3971.697,3.893
2015-03-30,3.2161,3.5847,6.1402,4088.178,3.919
2015-03-31,3.2599,3.63,6.1422,4051.204,3.886
2015-04-01,3.2051,3.6296,6.1434,4123.895,3.754
2015-04-02,3.1662,3.5516,6.1396,4124.776,3.635
2015-04-03,3.1425,3.5437,6.1348,4170.538,3.506
2015-04-07,3.161,3.555,6.1305,4260.044,3.319
2015-04-08,3.1746,3.6338,6.134499999999999,4295.803,3.163
2015-04-09,3.1262,3.6983,6.1338,4262.138,3.073
2015-04-10,3.1626,3.6764,6.137,4344.416,2.97
2015-04-13,3.1085,3.6817,6.139500000000001,4421.073,2.949
2015-04-14,3.1214,3.645,6.140700000000001,4438.184,2.92
2015-04-15,3.1123,3.6117,6.134,4380.513,2.88
2015-04-16,3.072,3.5708,6.1305,4513.546,2.884
2015-04-17,3.1223,3.5642,6.1267000000000005,4596.136,2.873
2015-04-20,3.1142,3.4881,6.125500000000001,4521.919,2.732
2015-04-21,3.0537,3.398,6.128,4619.164,2.62
2015-04-22,3.0169,3.4034,6.129,4739.814,2.567
2015-04-23,2.9785,3.4206,6.128099999999999,4740.892,2.527
2015-04-24,2.9556,3.4408,6.124099999999999,4702.641,2.488
2015-04-27,2.9075,3.4073,6.122,4807.592,2.451
2015-04-28,2.8533,3.3867,6.1209,4741.861,2.438
2015-04-29,2.819,3.3979,6.116899999999999,4774.326,2.439
2015-04-30,2.7614,3.3673,6.1137,4749.886,2.43
2015-05-04,2.7248,3.3774,6.116499999999999,4787.741,2.39
2015-05-05,2.7378,3.3945,6.118,4596.837,2.368
2015-05-06,2.7795,3.4102,6.1156,4553.327,2.369
2015-05-07,2.7261,3.4577,6.111299999999999,4470.089,2.355
2015-05-08,2.6915,3.3892,6.114700000000001,4558.404,2.334
2015-05-11,2.6806,3.3708,6.1132,4690.532,2.245
2015-05-12,2.6096,3.389,6.115500000000001,4747.421,2.197
2015-05-13,2.5452,3.3873,6.1123,4718.436,2.149
2015-05-14,2.432,3.3628,6.109299999999999,4700.778,2.056
2015-05-15,2.3385,3.3599,6.108499999999999,4617.47,1.962
2015-05-18,2.4254,3.3783,6.107900000000001,4575.14,1.92
2015-05-19,2.4257,3.4231,6.1098,4731.222,1.925
2015-05-20,2.4616,3.4171,6.112499999999999,4754.919,1.932
2015-05-21,2.4419,3.4115,6.113900000000001,4840.976,1.944
2015-05-22,2.3971,3.4177,6.113100000000001,4951.335,1.966
2015-05-25,2.3207,3.4236,6.116499999999999,5099.495,1.968
2015-05-26,2.133,3.4908,6.1172,5198.918,1.9688
2015-05-27,1.9024,3.4922,6.1198,5181.434,1.967
2015-05-28,1.8863,3.5362,6.1202,4834.007,1.952
2015-05-29,1.9799,3.5969,6.1196,4840.829,1.972
2015-06-01,2.018,3.6253,6.1207,5076.179,1.963
2015-06-02,2.0129,3.601,6.1225,5161.87,1.977
2015-06-03,1.9634,3.6049,6.1176,5143.59,2.057
2015-06-04,1.9407,3.5868,6.1164,5181.416,2.122
2015-06-05,1.8974,3.5868,6.118099999999999,5230.552,2.07
2015-06-08,1.8755,3.5689,6.120499999999999,5353.751,2.043
2015-06-09,1.7989,3.5517,6.117900000000001,5317.461,2.049
2015-06-10,1.6846,3.5736,6.117299999999999,5309.112,2.052
2015-06-11,1.7707,3.6132,6.115,5306.59,2.063
2015-06-12,1.755,3.6168,6.116700000000001,5335.1151,2.085
2015-06-15,1.6915,3.6359,6.116899999999999,5221.1665,2.11
2015-06-16,1.7312,3.6242,6.115500000000001,5064.8212,2.143
2015-06-17,1.7147,3.6114,6.1158,5138.8307,2.238
2015-06-18,1.7141,3.5862,6.1126,4930.5491,2.478
2015-06-19,1.7158,3.5739,6.1104,4637.0517,2.674
2015-06-23,1.7854,3.6152,6.1119,4786.0906,2.675
2015-06-24,1.7378,3.5727,6.1142,4880.1261,2.808
2015-06-25,1.8174,3.6129,6.1148,4706.5159,2.884
2015-06-26,1.8102,3.5979,6.1137,4336.1947,2.921
2015-06-29,1.7798,3.5779,6.1168,4191.5486,2.84
2015-06-30,1.6801,3.6054,6.1136,4472.9976,2.652
2015-07-01,1.7028,3.6047,6.1149,4253.021,2.602
2015-07-02,1.7985,3.6093,6.117100000000001,4107.9961,2.712
2015-07-03,1.905,3.5918,6.116,3885.9169,2.802
2015-07-06,1.824,3.518,6.1172,3998.537,2.661
2015-07-07,1.8754,3.4572,6.1166,3928.0025,2.61
2015-07-08,2.1318,3.4095,6.117500000000001,3663.0375,2.589
2015-07-09,2.1879,3.4419,6.115100000000001,3897.6263,2.578
2015-07-10,2.3128,3.4783,6.1152999999999995,4106.5561,2.575
2015-07-13,2.3341,3.4901,6.1133,4211.8116,2.553
2015-07-14,2.5158,3.5378,6.116499999999999,4112.1488,2.556
2015-07-15,2.4486,3.5454,6.1152,3966.7585,2.55
2015-07-16,2.4313,3.5293,6.117299999999999,3997.3555,2.481
2015-07-17,2.4584,3.5148,6.1192,4151.4956,2.464
2015-07-20,2.4618,3.5123,6.119699999999999,4160.612,2.449
2015-07-21,2.4553,3.5239,6.1199,4166.0057,2.458
2015-07-22,2.4488,3.5314,6.1168,4157.1604,2.478
2015-07-23,2.3853,3.4954,6.1172,4250.805,2.54
2015-07-24,2.3135,3.4671,6.116899999999999,4176.2787,2.559
2015-07-27,2.3168,3.4718,6.1176,3818.7314,2.559
2015-07-28,2.293,3.4423,6.1154,3811.0926,2.552
2015-07-29,2.2764,3.4488,6.115,3930.3791,2.514
2015-07-30,2.2689,3.4234,6.116499999999999,3815.4118,2.502
2015-07-31,2.2562,3.4505,6.1172,3816.6993,2.509
2015-08-03,2.2683,3.4721,6.116899999999999,3829.2354,2.495
2015-08-04,2.3283,3.4559,6.117699999999999,3948.1554,2.483
2015-08-05,2.3019,3.4549,6.1186,3866.8998,2.471
2015-08-06,2.2391,3.4749,6.118099999999999,3831.8516,2.449
2015-08-07,2.2893,3.4615,6.1174,3906.9448,2.453
2015-08-10,2.2377,3.455,6.1162,4084.3646,2.455
2015-08-11,2.2499,3.4997,6.2298,4066.6692,2.463
2015-08-12,2.3595,3.5348,6.3306,4016.1262,2.472
2015-08-13,2.3842,3.5264,6.401,4075.463,2.481
2015-08-14,2.2584,3.5103,6.397500000000001,4073.54,2.495
2015-08-17,2.2755,3.5031,6.3969,4077.8721,2.517
2015-08-18,2.2768,3.5101,6.3966,3825.4122,2.531
2015-08-19,2.2738,3.517,6.396300000000001,3886.1357,2.546
2015-08-20,2.2838,3.5252,6.391500000000001,3761.4541,2.586
2015-08-21,2.2805,3.4959,6.3864,3589.5358,2.599
2015-08-24,2.2913,3.4943,6.3862,3275.5342,2.597
2015-08-25,2.2885,3.4587,6.398700000000001,3042.9266,2.593
2015-08-26,2.2918,3.4374,6.404300000000001,3025.692,2.429
2015-08-27,2.2893,3.4061,6.408499999999999,3205.6375,2.398
2015-08-28,2.2679,3.385,6.3986,3342.2863,2.392
2015-08-31,2.3713,3.3536,6.3892999999999995,3366.5359,2.398
2015-09-01,2.2785,3.2934,6.3752,3362.0827,2.41
2015-09-02,2.2688,3.3114,6.3619,3365.8318,2.421
2015-09-06,,,,,2.41
2015-09-07,2.2681,3.3054,6.3584,3250.485,2.41
2015-09-08,2.2662,3.352,6.363900000000001,3334.0233,2.402
2015-09-09,2.2636,3.3395,6.3632,3399.3054,2.398
2015-09-10,2.2808,3.3593,6.3772,3357.561,2.4
2015-09-11,2.2685,3.3409,6.371900000000001,3347.1878,2.403
2015-09-14,2.2701,3.3302,6.3709,3281.1317,2.394
2015-09-15,2.3156,3.3239,6.366499999999999,3152.2319,2.392
2015-09-16,2.3322,3.3015,6.3712,3309.2484,2.391
2015-09-17,2.3142,3.3113,6.367,3236.9986,2.391
2015-09-18,2.3032,3.3242,6.3607000000000005,3251.2732,2.39
2015-09-21,2.3281,3.3186,6.3676,3308.2467,2.391
2015-09-22,2.3418,3.3278,6.3721,3339.03,2.397
2015-09-23,2.3088,3.3286,6.377299999999999,3263.0275,2.401
2015-09-24,2.3222,3.3255,6.3791,3284.9991,2.48
2015-09-25,2.3982,3.3197,6.378499999999999,3231.9514,2.447
2015-09-28,2.3831,3.2956,6.3729,3242.7524,2.431
2015-09-29,2.3916,3.265,6.366,3178.8544,2.419
2015-09-30,2.3713,3.2475,6.361299999999999,3202.9475,2.408
2015-10-08,2.3752,3.2363,6.350499999999999,3296.482,2.4
2015-10-09,2.3854,3.1963,6.3492999999999995,3340.1159,2.4
2015-10-10,,,,,2.401
2015-10-12,2.4162,3.1466,6.3406,3447.6934,2.397
2015-10-13,2.3959,3.1321,6.323100000000001,3445.0431,2.397
2015-10-14,2.4061,3.0562,6.3408,3406.1116,2.397
2015-10-15,2.4004,3.0642,6.3402,3486.815,2.397
2015-10-16,2.4026,3.1009,6.3436,3534.0653,2.394
2015-10-19,2.4481,3.1091,6.3527000000000005,3534.1821,2.395
2015-10-20,2.4433,3.0776,6.3614,3577.7027,2.394
2015-10-21,2.4521,3.0347,6.3473,3473.2544,2.394
2015-10-22,2.4418,3.0568,6.3496999999999995,3524.5339,2.396
2015-10-23,2.4649,3.0331,6.359500000000001,3571.2411,2.401
2015-10-26,2.4484,3.0206,6.3549,3589.2611,2.338
2015-10-27,2.4167,2.9845,6.3494,3592.8794,2.297
2015-10-28,2.393,2.9832,6.3536,3524.9199,2.292
2015-10-29,2.3994,3.0305,6.3596,3533.3065,2.291
2015-10-30,2.3967,3.0418,6.349500000000001,3534.0788,2.291
2015-11-02,2.4033,3.0533,6.3154,3475.9623,2.291
2015-11-03,2.4158,3.0659,6.331,3465.4927,2.29
2015-11-04,2.4282,3.0812,6.334300000000001,3628.5377,2.293
2015-11-05,2.4367,3.1356,6.338099999999999,3705.9697,2.288
2015-11-06,2.4482,3.1195,6.3459,3793.3739,2.285
2015-11-09,2.4973,3.1424,6.3578,3840.3547,2.285
2015-11-10,2.5413,3.2206,6.3602,3833.2379,2.28
2015-11-11,2.5617,3.1776,6.3614,3833.6457,2.279
2015-11-12,2.5614,3.1531,6.3628,3795.3241,2.279
2015-11-13,2.5443,3.1285,6.365500000000001,3746.2422,2.278
2015-11-16,2.5641,3.1305,6.375,3764.1262,2.279
2015-11-17,2.5809,3.1398,6.374,3758.3869,2.278
2015-11-18,2.5861,3.1416,6.3796,3715.5796,2.279
2015-11-19,2.5908,3.1546,6.3791,3774.969,2.28
2015-11-20,2.5922,3.1439,6.378,3774.3833,2.282
2015-11-23,2.5847,3.1304,6.3867,3753.3351,2.283
2015-11-24,2.582,3.1359,6.3888,3753.8887,2.285
2015-11-25,2.5804,3.0945,6.3877,3781.6069,2.286
2015-11-26,2.5887,3.0573,6.3896,3759.4286,2.289
2015-11-27,2.582,3.0646,6.391500000000001,3556.9924,2.293
2015-11-30,2.5595,3.0557,6.3962,3566.4122,2.299
2015-12-01,2.5798,3.0423,6.3972999999999995,3591.696,2.294
2015-12-02,2.5677,3.053,6.3958,3721.9545,2.293
2015-12-03,2.5732,3.0461,6.3982,3749.2985,2.292
2015-12-04,2.5581,3.0244,6.3851,3677.5922,2.293
2015-12-07,2.5396,3.0377,6.398499999999999,3687.6073,2.291
2015-12-08,2.5265,3.0103,6.4078,3623.0202,2.292
2015-12-09,2.506,3.0552,6.414,3635.9382,2.294
2015-12-10,2.5035,3.0107,6.4236,3623.0842,2.297
2015-12-11,2.4838,2.9921,6.4358,3608.0587,2.302
2015-12-14,2.4614,3.0099,6.4495000000000005,3711.322,2.303
2015-12-15,2.4717,3.034,6.455900000000001,3694.3885,2.299
2015-12-16,2.4398,3.0097,6.4626,3685.4398,2.301
2015-12-17,2.4308,3.0018,6.475699999999999,3755.8881,2.299
2015-12-18,2.4096,2.9689,6.4814,3767.9128,2.318
2015-12-21,2.3795,2.9122,6.475299999999999,3865.965,2.334
2015-12-22,2.3634,2.8673,6.4746,3876.7325,2.342
2015-12-23,2.3824,2.8656,6.4731000000000005,3866.3814,2.348
2015-12-24,2.3549,2.8747,6.4755,3829.4022,2.348
2015-12-25,2.3017,2.8133,6.471299999999999,3838.201,2.355
2015-12-28,2.347,2.7987,6.475,3727.6316,2.354
2015-12-29,2.3242,2.808,6.4864,3761.8745,2.352
2015-12-30,2.3072,2.8042,6.4895000000000005,3765.1752,2.352
2015-12-31,2.3682,2.8341,6.4936,3731.0047,2.355
2016-01-04,2.3418,2.8567,6.5032,3469.0662,2.335
2016-01-05,2.3898,2.8883,6.5169,3478.7797,2.33
2016-01-06,2.3849,2.8954,6.5314,3539.8082,2.322
2016-01-07,2.3974,2.8343,6.5646,3294.3839,2.313
2016-01-08,2.3773,2.8325,6.5636,3361.5632,2.308
2016-01-11,2.383,2.8164,6.5626,3192.4499,2.303
2016-01-12,2.354,2.7849,6.5628,3215.7099,2.3
2016-01-13,2.2907,2.7371,6.563,3155.8787,2.3
2016-01-14,2.2896,2.7204,6.5616,3221.5714,2.3
2016-01-15,2.2804,2.7408,6.563699999999999,3118.7301,2.303
2016-01-18,2.268,2.7718,6.559,3130.7289,2.308
2016-01-19,2.2949,2.7846,6.5596,3223.1251,2.316
2016-01-20,2.3018,2.8067,6.5578,3174.3781,2.341
2016-01-21,2.3445,2.7895,6.5584999999999996,3081.3454,2.405
2016-01-22,2.3259,2.7649,6.5572,3113.4626,2.4
2016-01-25,2.3458,2.8329,6.555699999999999,3128.886,2.376
2016-01-26,2.3491,2.8394,6.5548,2940.5085,2.363
2016-01-27,2.333,2.8943,6.553299999999999,2930.3519,2.359
2016-01-28,2.352,2.8927,6.5528,2853.7562,2.362
2016-01-29,2.3462,2.8382,6.5516,2946.0902,2.33
2016-02-01,2.3348,2.8606,6.5539000000000005,2901.0477,2.444
2016-02-02,2.3296,2.837,6.551,2961.3337,2.455
2016-02-03,2.3492,2.8471,6.552099999999999,2948.6386,2.453
2016-02-04,2.3523,2.841,6.541900000000001,2984.7598,2.455
2016-02-05,2.3392,2.8544,6.5314,2963.7894,2.448
2016-02-06,,,,,2.353
2016-02-14,,,,,2.313
2016-02-15,2.3391,2.8427,6.5118,2946.7066,2.3
2016-02-16,2.3317,2.8504,6.513,3037.0353,2.297
2016-02-17,2.3248,2.8407,6.523699999999999,3063.3199,2.297
2016-02-18,2.3072,2.8415,6.5152,3053.6985,2.285
2016-02-19,2.3077,2.8161,6.5186,3051.585,2.286
2016-02-22,2.2955,2.8183,6.5165,3118.8675,2.286
2016-02-23,2.2864,2.8482,6.527299999999999,3089.3632,2.283
2016-02-24,2.2941,2.8535,6.5302,3109.5454,2.295
2016-02-25,2.2825,2.8551,6.5318,2918.7501,2.321
2016-02-26,2.2846,2.8684,6.5338,2948.0306,2.345
2016-02-29,2.2688,2.846,6.5452,2877.4666,2.335
2016-03-01,2.222,2.8439,6.538499999999999,2930.6937,2.308
2016-03-02,2.2251,2.8593,6.549,3051.3327,2.3
2016-03-03,2.2057,2.8734,6.5412,3058.4219,2.297
2016-03-04,2.1937,2.8834,6.5284,3093.8895,2.295
2016-03-07,2.2097,2.9053,6.511299999999999,3104.8397,2.294
2016-03-08,2.2082,2.9402,6.504099999999999,3107.6727,2.293
2016-03-09,2.2094,2.9067,6.5106,3071.907,2.292
2016-03-10,2.1977,2.8662,6.512700000000001,3013.1457,2.28
2016-03-11,2.1897,2.8504,6.490499999999999,3018.2844,2.282
2016-03-14,2.1945,2.8623,6.491299999999999,3065.6904,2.281
2016-03-15,2.1792,2.8549,6.5079,3074.7796,2.281
2016-03-16,2.1688,2.8255,6.5172,3090.0328,2.282
2016-03-17,2.1405,2.8409,6.496099999999999,3124.2039,2.288
2016-03-18,2.1086,2.8191,6.4628,3171.963,2.295
2016-03-21,2.0968,2.8182,6.4824,3249.4372,2.302
2016-03-22,2.0931,2.8384,6.4971000000000005,3225.7903,2.305
2016-03-23,2.1071,2.8369,6.4936,3236.0924,2.301
2016-03-24,2.1001,2.8267,6.515,3181.8507,2.297
2016-03-25,2.1019,2.8497,6.5223,3197.8169,2.3
2016-03-28,2.1144,2.8916,6.5232,3169.7283,2.301
2016-03-29,2.1094,2.8649,6.506,3135.4098,2.303
2016-03-30,2.1096,2.8357,6.4841,3216.2753,2.312
2016-03-31,2.0947,2.8306,6.4612,3218.0879,2.325
2016-04-01,2.109,2.836,6.458499999999999,3221.8948,2.32
2016-04-05,2.1124,2.8408,6.4663,3264.4858,2.302
2016-04-06,2.1128,2.8607,6.4754,3257.5276,2.294
2016-04-07,2.134,2.885,6.470700000000001,3209.2902,2.289
2016-04-08,2.1637,2.9097,6.473299999999999,3185.7258,2.287
2016-04-11,2.1805,2.8937,6.464899999999999,3230.0957,2.291
2016-04-12,2.2065,2.9022,6.4616,3218.4497,2.295
2016-04-13,2.2255,2.9098,6.4591,3261.3831,2.302
2016-04-14,2.243,2.9258,6.4891000000000005,3275.8321,2.304
2016-04-15,2.2469,2.9126,6.4908,3272.2053,2.301
2016-04-18,2.2435,2.8989,6.478700000000001,3228.4531,2.302
2016-04-19,2.2307,2.9026,6.47,3238.3029,2.305
2016-04-20,2.2471,2.9297,6.4579,3181.0264,2.322
2016-04-21,2.2638,2.9277,6.480300000000001,3160.6033,2.332
2016-04-22,2.2866,2.925,6.4898,3174.9012,2.334
2016-04-25,2.2954,2.9227,6.512,3162.0331,2.342
2016-04-26,2.3429,2.9246,6.4882,3179.1605,2.341
2016-04-27,2.3375,2.9146,6.483699999999999,3165.9156,2.346
2016-04-28,2.3447,2.887,6.4954,3160.5809,2.368
2016-04-29,2.3407,2.8883,6.458899999999999,3156.7451,2.386
2016-05-03,2.3063,2.8882,6.456499999999999,3213.5397,2.34
2016-05-04,2.3072,2.8922,6.494300000000001,3209.4614,2.328
2016-05-05,2.3048,2.8926,6.5128,3213.9199,2.329
2016-05-06,2.3264,2.8975,6.5202,3130.3544,2.326
2016-05-09,2.3594,2.9241,6.5104999999999995,3065.6154,2.323
2016-05-10,2.3265,2.905,6.523299999999999,3069.1124,2.323
2016-05-11,2.3107,2.9054,6.520899999999999,3082.8086,2.324
2016-05-12,2.3391,2.905,6.495900000000001,3090.1372,2.325
2016-05-13,2.2956,2.9032,6.5246,3074.9351,2.324
2016-05-16,2.2955,2.9176,6.534300000000001,3095.3085,2.327
2016-05-17,2.305,2.9303,6.52,3086.0249,2.331
2016-05-18,2.3111,2.9486,6.5216,3068.0358,2.332
2016-05-19,2.3166,2.9525,6.553100000000001,3062.5002,2.331
2016-05-20,2.3203,2.9446,6.551,3078.2183,2.331
2016-05-23,2.3061,2.9374,6.5455000000000005,3087.2225,2.33
2016-05-24,2.3113,2.9436,6.5468,3063.5556,2.33
2016-05-25,2.3132,2.9341,6.569299999999999,3059.2259,2.331
2016-05-26,2.3159,2.9368,6.5552,3064.2111,2.332
2016-05-27,2.328,2.937,6.549,3062.4993,2.333
2016-05-30,2.3176,2.9506,6.5784,3066.7095,2.334
2016-05-31,2.3255,2.9848,6.579,3169.5598,2.338
2016-06-01,2.3205,2.9673,6.5889,3160.547,2.337
2016-06-02,2.334,2.9905,6.5688,3167.0997,2.342
2016-06-03,2.3746,3.0223,6.579299999999999,3189.3255,2.338
2016-06-06,2.3767,3.0112,6.5497,3178.7883,2.337
2016-06-07,2.3854,3.0035,6.5618,3177.0536,2.34
2016-06-08,2.3918,3.0023,6.5592999999999995,3163.9864,2.341
2016-06-12,,,,,2.343
2016-06-13,2.4081,3.003,6.580499999999999,3066.3413,2.342
2016-06-14,2.3943,2.968,6.5791,3075.9834,2.341
2016-06-15,2.3804,2.9777,6.600099999999999,3116.3682,2.341
2016-06-16,2.391,2.9462,6.573900000000001,3094.6748,2.343
2016-06-17,2.392,2.9623,6.5795,3110.3572,2.346
2016-06-20,2.3993,2.9482,6.5708,3112.6744,2.351
2016-06-21,2.399,2.9498,6.5656,3106.3175,2.354
2016-06-22,2.4028,2.9339,6.593500000000001,3133.9611,2.355
2016-06-23,2.3988,2.9228,6.5658,3117.3168,2.358
2016-06-24,2.3951,2.9093,6.5776,3077.1554,2.371
2016-06-27,2.396,2.8416,6.637500000000001,3120.5443,2.375
2016-06-28,2.4033,2.8196,6.6528,3136.4013,2.381
2016-06-29,2.3969,2.852,6.6324,3151.3898,2.386
2016-06-30,2.3963,2.8555,6.6312,3153.921,2.385
2016-07-01,2.3914,2.8128,6.6496,3154.2003,2.365
2016-07-04,2.3887,2.8122,6.6472,3204.6962,2.355
2016-07-05,2.3846,2.8366,6.6594,3207.3827,2.344
2016-07-06,2.38,2.8365,6.6857,3216.8035,2.337
2016-07-07,2.351,2.8094,6.682,3209.9542,2.33
2016-07-08,2.3508,2.8005,6.685299999999999,3192.2804,2.327
2016-07-11,2.3412,2.8185,6.6843,3203.3298,2.323
2016-07-12,2.3291,2.83,6.695,3273.1823,2.319
2016-07-13,2.3183,2.8362,6.689100000000001,3282.8681,2.313
2016-07-14,2.3295,2.8397,6.6846,3276.7637,2.31
2016-07-15,2.3254,2.8383,6.680499999999999,3276.2775,2.308
2016-07-18,2.3113,2.824,6.6960999999999995,3262.0222,2.307
2016-07-19,2.293,2.8212,6.697100000000001,3248.2341,2.308
2016-07-20,2.2638,2.8047,6.6946,3237.6051,2.308
2016-07-21,2.262,2.7649,6.6872,3252.5227,2.311
2016-07-22,2.257,2.7874,6.666899999999999,3225.1621,2.321
2016-07-25,2.2638,2.7897,6.686,3230.885,2.332
2016-07-26,2.2724,2.7986,6.6778,3269.5882,2.348
2016-07-27,2.254,2.7824,6.6671000000000005,3218.243,2.36
2016-07-28,2.2432,2.788,6.659699999999999,3221.1365,2.359
2016-07-29,2.2423,2.7702,6.6511000000000005,3203.9304,2.348
2016-08-01,2.2495,2.7735,6.627699999999999,3176.8091,2.343
2016-08-02,2.2357,2.7822,6.6451,3189.0529,2.338
2016-08-03,2.2316,2.7722,6.6195,3193.5073,2.332
2016-08-04,2.2211,2.772,6.6444,3201.2888,2.324
2016-08-05,2.2058,2.7626,6.6406,3205.1101,2.317
2016-08-08,2.1941,2.7489,6.661500000000001,3234.1833,2.316
2016-08-09,2.1863,2.7349,6.6594,3256.9813,2.317
2016-08-10,2.1716,2.6927,6.653,3243.3409,2.325
2016-08-11,2.1627,2.691,6.625500000000001,3233.3604,2.332
2016-08-12,2.1543,2.6855,6.654300000000001,3294.2337,2.336
2016-08-15,2.1358,2.6459,6.643,3393.4239,2.3411
2016-08-16,2.1106,2.6423,6.6305,3378.2451,2.343
2016-08-17,2.1137,2.6808,6.6056,3373.0476,2.345
2016-08-18,2.1074,2.6773,6.627299999999999,3364.4851,2.347
2016-08-19,2.1175,2.6964,6.621100000000001,3365.0197,2.347
2016-08-22,2.1144,2.701,6.6652,3336.7949,2.3467
2016-08-23,2.1097,2.6954,6.6586,3341.8298,2.352
2016-08-24,2.121,2.7294,6.642,3329.8631,2.362
2016-08-25,2.1339,2.7143,6.6602,3308.9721,2.364
2016-08-26,2.1299,2.7066,6.6488,3307.0902,2.362
2016-08-29,2.1383,2.7015,6.6856,3307.7812,2.364
2016-08-30,2.1418,2.7334,6.6812,3311.9872,2.366
2016-08-31,2.1417,2.7426,6.6908,3327.7938,2.369
2016-09-01,2.1338,2.7358,6.6784,3301.5767,2.368
2016-09-02,2.131,2.7381,6.672700000000001,3314.1142,2.369
2016-09-05,2.1458,2.7509,6.6873,3319.6803,2.369
2016-09-06,2.1466,2.7639,6.6676,3342.6259,2.368
2016-09-07,2.1484,2.7648,6.655500000000001,3340.8172,2.368
2016-09-08,2.1505,2.7791,6.662,3339.564,2.37
2016-09-09,2.1611,2.7767,6.6684,3318.044,2.3765
2016-09-12,2.1732,2.7987,6.6908,3262.6043,2.378
2016-09-13,2.1688,2.7732,6.6726,3260.333,2.3855
2016-09-14,2.1761,2.7582,6.689500000000001,3238.7299,2.392
2016-09-18,,,,,2.394
2016-09-19,2.1815,2.7575,6.6786,3263.1242,2.397
2016-09-20,2.1838,2.7514,6.6595,3257.4034,2.4
2016-09-21,2.19,2.753,6.6738,3266.6363,2.405
2016-09-22,2.2165,2.7638,6.651299999999999,3291.1211,2.408
2016-09-23,2.1881,2.7401,6.667,3275.6665,2.406
2016-09-26,2.1789,2.7277,6.6744,3220.2838,2.439
2016-09-27,2.1882,2.7249,6.6646,3240.7546,2.459
2016-09-28,2.1686,2.7285,6.668099999999999,3230.8904,2.476
2016-09-29,2.1805,2.7237,6.67,3244.3874,2.487
2016-09-30,2.1598,2.7377,6.6778,3253.2848,2.477
2016-10-08,,,,,2.442
2016-10-09,,,,,2.425
2016-10-10,2.1773,2.7181,6.7008,3293.8689,2.41
2016-10-11,2.1923,2.7033,6.7098,3306.5573,2.394
2016-10-12,2.2178,2.6813,6.7258,3300.0099,2.383
2016-10-13,2.1754,2.7142,6.7296,3302.6455,2.378
2016-10-14,2.1621,2.7009,6.715699999999999,3305.8481,2.374
2016-10-17,2.1608,2.6951,6.737900000000001,3277.8787,2.375
2016-10-18,2.1818,2.6963,6.730300000000001,3321.3324,2.381
2016-10-19,2.1677,2.6917,6.7326,3316.2407,2.39
2016-10-20,2.172,2.6494,6.7311000000000005,3318.6044,2.397
2016-10-21,2.1553,2.6421,6.7558,3327.74,2.401
2016-10-24,2.1578,2.6479,6.769,3367.5778,2.404
2016-10-25,2.15,2.6873,6.7744,3367.4547,2.404
2016-10-26,2.1641,2.7095,6.770499999999999,3354.8003,2.409
2016-10-27,2.1818,2.7149,6.7736,3345.695,2.411
2016-10-28,2.1934,2.7032,6.7858,3340.1262,2.415
2016-10-31,2.1907,2.7232,6.764099999999999,3336.2778,2.418
2016-11-01,2.1843,2.7512,6.7734,3359.0515,2.416
2016-11-02,2.1836,2.7424,6.7562,3333.3524,2.414
2016-11-03,2.1884,2.7315,6.7491,3365.085,2.408
2016-11-04,2.1555,2.7291,6.7514,3354.1749,2.405
2016-11-07,2.1492,2.7479,6.772499999999999,3356.5916,2.399
2016-11-08,2.1639,2.7737,6.781699999999999,3371.1177,2.392
2016-11-09,2.1626,2.7699,6.7832,3353.0547,2.389
2016-11-10,2.1604,2.7919,6.788499999999999,3390.6119,2.393
2016-11-11,2.1455,2.7993,6.8115000000000006,3417.2211,2.402
2016-11-14,2.1499,2.846,6.8291,3430.2482,2.407
2016-11-15,2.1975,2.8648,6.849500000000001,3429.8697,2.415
2016-11-16,2.1708,2.8646,6.8592,3429.5921,2.428
2016-11-17,2.1754,2.8805,6.8692,3436.535,2.436
2016-11-18,2.1876,2.8992,6.8796,3417.4554,2.444
2016-11-21,2.2142,2.892,6.898499999999999,3441.1106,2.448
2016-11-22,2.1917,2.8661,6.8779,3468.3637,2.45
2016-11-23,2.2163,2.8747,6.8904,3474.7289,2.451
2016-11-24,2.2299,2.848,6.908499999999999,3488.7402,2.452
2016-11-25,2.2225,2.8612,6.9168,3521.2984,2.458
2016-11-28,2.2188,2.8613,6.9042,3535.0807,2.466
2016-11-29,2.2437,2.8948,6.8889,3564.0404,2.481
2016-11-30,2.243,2.9496,6.886499999999999,3538.001,2.496
2016-12-01,2.2541,2.9571,6.8958,3565.036,2.502
2016-12-02,2.4297,2.9998,6.8794,3528.9547,2.501
2016-12-05,2.363,3.0004,6.887,3469.4073,2.497
2016-12-06,2.3533,3.0187,6.857500000000001,3459.1533,2.493
2016-12-07,2.4595,3.0709,6.8808,3475.7473,2.491
2016-12-08,2.4707,3.0929,6.873100000000001,3470.1426,2.4908
2016-12-09,2.4788,3.0779,6.8972,3493.7004,2.4928
2016-12-12,2.5361,3.1499,6.9086,3409.1794,2.494
2016-12-13,2.5496,3.1589,6.8934,3405.0355,2.496
2016-12-14,2.6637,3.1821,6.9028,3378.9453,2.499
2016-12-15,2.9827,3.3355,6.9289,3340.4338,2.505
2016-12-16,2.8177,3.2779,6.9508,3346.0305,2.519
2016-12-19,3.0878,3.3456,6.9312,3328.9827,2.525
2016-12-20,3.0382,3.3932,6.9468,3309.0641,2.5375
2016-12-21,3.0418,3.2926,6.948899999999999,3338.536,2.544
2016-12-22,3.0164,3.195,6.9435,3335.672,2.544
2016-12-23,2.9183,3.1689,6.946300000000001,3307.5991,2.543
2016-12-26,2.8048,3.1446,6.945900000000001,3322.4006,2.545
2016-12-27,2.6897,3.1361,6.9462,3316.3852,2.547
2016-12-28,2.7257,3.1599,6.9495000000000005,3301.8887,2.545
2016-12-29,2.7218,3.0593,6.949699999999999,3297.7648,2.544
2016-12-30,2.6934,3.0161,6.937,3310.0808,2.543
2017-01-03,2.7158,3.1036,6.9498,3342.2272,2.589
2017-01-04,2.7446,3.1478,6.9526,3368.3117,2.545
2017-01-05,2.7676,3.2064,6.930700000000001,3367.7892,2.474
2017-01-06,2.7941,3.2033,6.8668,3347.6665,2.441
2017-01-09,2.753,3.1816,6.9262,3363.9014,2.41
2017-01-10,2.7219,3.1615,6.9234,3358.2716,2.399
2017-01-11,2.7316,3.2078,6.923500000000001,3334.4954,2.39
2017-01-12,2.7131,3.1954,6.9140999999999995,3317.6241,2.394
2017-01-13,2.6916,3.1995,6.890899999999999,3319.9122,2.398
2017-01-16,2.6356,3.2236,6.8874,3319.4455,2.4239
2017-01-17,2.6545,3.2637,6.8992,3326.3563,2.4666
2017-01-18,2.6699,3.267,6.852499999999999,3339.3653,2.5042
2017-01-19,2.6575,3.2543,6.8568,3329.2891,2.538
2017-01-20,2.6886,3.2346,6.869299999999999,3354.8891,2.593
2017-01-22,,,,,2.607
2017-01-23,2.6204,3.2406,6.8572,3364.0808,2.637
2017-01-24,2.6092,3.2745,6.833100000000001,3364.4509,2.662
2017-01-25,2.6621,3.3383,6.8596,3375.9042,2.684
2017-01-26,2.7352,3.3447,6.8588,3387.9606,2.691
2017-02-03,2.6903,3.4076,6.8556,3364.4923,2.652
2017-02-04,,,,,2.648
2017-02-06,2.8012,3.4659,6.8606,3373.2051,2.628
2017-02-07,2.9035,3.4716,6.8604,3365.6849,2.6283
2017-02-08,2.8856,3.4532,6.884899999999999,3383.2878,2.633
2017-02-09,2.8154,3.4054,6.871,3396.2924,2.634
2017-02-10,2.8293,3.4257,6.881900000000001,3413.4868,2.6233
2017-02-13,2.8351,3.4114,6.8898,3436.275,2.623
2017-02-14,2.8262,3.4334,6.8806,3435.8042,2.6208
2017-02-15,2.837,3.4311,6.8632,3421.7131,2.627
2017-02-16,2.8148,3.3913,6.8629,3440.9331,2.6435
2017-02-17,2.7869,3.3532,6.8456,3421.4419,2.664
2017-02-20,2.7378,3.292,6.874300000000001,3471.3926,2.675
2017-02-21,2.7239,3.3039,6.879,3482.823,2.691
2017-02-22,2.7062,3.3117,6.883,3489.7567,2.706
2017-02-23,2.7049,3.2963,6.8695,3473.3236,2.716
2017-02-24,2.6981,3.3014,6.865500000000001,3473.8517,2.725
2017-02-27,2.7136,3.2938,6.8814,3446.2228,2.711
2017-02-28,2.7178,3.2941,6.875,3452.8103,2.728
2017-03-01,2.7301,3.3269,6.8798,3458.4376,2.729
2017-03-02,2.7039,3.3513,6.8809,3435.0963,2.732
2017-03-03,2.7746,3.3573,6.8896,3427.8628,2.659
2017-03-06,2.7769,3.3698,6.879,3446.484,2.646
2017-03-07,2.7755,3.3674,6.8957,3453.9565,2.644
2017-03-08,2.8145,3.3901,6.9032,3448.7313,2.655
2017-03-09,2.8452,3.4084,6.9125,3426.9438,2.659
2017-03-10,2.8365,3.4212,6.912300000000001,3427.8916,2.655
2017-03-13,2.8301,3.4058,6.8988,3458.098,2.649
2017-03-14,2.7888,3.3696,6.9118,3456.6934,2.652
2017-03-15,2.8223,3.365,6.911500000000001,3463.6436,2.656
2017-03-16,2.8312,3.2945,6.8862,3481.5066,2.6938
2017-03-17,2.8533,3.3207,6.8873,3445.8051,2.725
2017-03-20,2.8539,3.3141,6.8998,3449.6126,2.7471
2017-03-21,2.8604,3.3352,6.907100000000001,3466.3468,2.768
2017-03-22,2.8691,3.3146,6.8889,3450.0502,2.791
2017-03-23,2.8995,3.3159,6.8856,3461.9782,2.807
2017-03-24,2.9011,3.2617,6.884499999999999,3489.5997,2.784
2017-03-27,2.8739,3.2509,6.870099999999999,3478.0385,2.7993
2017-03-28,2.8495,3.2494,6.8782,3469.8093,2.791
2017-03-29,2.842,3.2722,6.891500000000001,3465.1933,2.81
2017-03-30,2.862,3.2861,6.8889,3436.758,2.821
2017-03-31,2.8455,3.2795,6.899299999999999,3456.0455,2.85
2017-04-01,,,,,2.778
2017-04-05,2.9115,3.3159,6.8906,3503.8932,2.74
2017-04-06,2.9862,3.325,6.893,3514.0469,2.7506
2017-04-07,2.9792,3.2904,6.894899999999999,3517.4634,2.741
2017-04-10,3.0051,3.3156,6.9042,3505.1392,2.707
2017-04-11,3.0091,3.326,6.8957,3517.328,2.687
2017-04-12,3.0114,3.3257,6.894,3509.4387,2.6631
2017-04-13,2.9973,3.326,6.865100000000001,3514.5662,2.6566
2017-04-14,2.9844,3.3685,6.874,3486.5045,2.674
2017-04-17,3.0512,3.41,6.878499999999999,3479.9417,2.69
2017-04-18,3.0889,3.4098,6.884899999999999,3462.7429,2.7175
2017-04-19,3.1016,3.4047,6.8664,3445.8761,2.752
2017-04-20,3.1159,3.4186,6.8792,3461.5481,2.758
2017-04-21,3.1231,3.4459,6.882300000000001,3466.7865,2.76
2017-04-24,3.1132,3.4806,6.867299999999999,3431.2587,2.79
2017-04-25,3.1277,3.4551,6.883299999999999,3440.9743,2.814
2017-04-26,3.1024,3.4573,6.884499999999999,3445.1832,2.8203
2017-04-27,3.1495,3.455,6.8896,3446.7202,2.8449
2017-04-28,3.1754,3.4608,6.8931000000000004,3439.753,2.8699
2017-05-02,3.1649,3.4612,6.8956,3426.5766,2.873
2017-05-03,3.2761,3.5057,6.8892,3413.1282,2.913
2017-05-04,3.3299,3.5523,6.8957,3404.3864,2.927
2017-05-05,3.3582,3.5598,6.8884,3382.5502,2.9186
2017-05-08,3.3879,3.6002,6.8947,3358.8125,2.9091
2017-05-09,3.4008,3.6375,6.9037,3352.5324,2.9233
2017-05-10,3.4254,3.6897,6.9066,3337.7007,2.93
2017-05-11,3.4446,3.6282,6.905100000000001,3356.6459,2.9294
2017-05-12,3.4315,3.6508,6.8948,3385.3787,2.9107
2017-05-15,3.4674,3.6074,6.8852,3399.1937,2.8833
2017-05-16,3.4773,3.6166,6.879,3428.6491,2.8827
2017-05-17,3.4708,3.6219,6.863500000000001,3409.9656,2.882
2017-05-18,3.4668,3.5962,6.8612,3398.1127,2.8867
2017-05-19,3.5014,3.6195,6.8786,3403.8492,2.88
2017-05-22,3.5076,3.6593,6.867299999999999,3411.2387,2.8679
2017-05-23,3.4798,3.6703,6.866099999999999,3424.194,2.8571
2017-05-24,3.4889,3.6621,6.8758,3424.1669,2.8426
2017-05-25,3.4772,3.6532,6.8695,3485.6581,2.843
2017-05-26,3.4755,3.6485,6.8698,3480.4345,2.853
2017-05-27,,,,,2.854
2017-05-31,3.4525,3.6208,6.8633,3492.8845,2.856
2017-06-01,3.4718,3.6152,6.809,3497.7382,2.866
2017-06-02,3.5134,3.6287,6.807,3486.5074,2.884
2017-06-05,3.5172,3.6134,6.793500000000001,3468.7538,2.894
2017-06-06,3.5138,3.6306,6.7934,3492.8816,2.8959
2017-06-07,3.5083,3.6428,6.7858,3533.8718,2.8919
2017-06-08,3.6083,3.6535,6.793,3560.9786,2.8939
2017-06-09,3.6447,3.629,6.7971,3576.1703,2.8949
2017-06-12,3.6091,3.5856,6.7948,3574.3894,2.8968
2017-06-13,3.6222,3.5643,6.7954,3582.2674,2.9
2017-06-14,3.6213,3.5523,6.793900000000001,3535.2987,2.9026
2017-06-15,3.632,3.56,6.7852,3528.7926,2.9047
2017-06-16,3.5714,3.5591,6.799500000000001,3518.7611,2.914
2017-06-19,3.5244,3.509,6.7972,3553.6653,2.9204
2017-06-20,3.5281,3.4947,6.8096,3546.494,2.93
2017-06-21,3.4829,3.5303,6.819299999999999,3587.955,2.9429
2017-06-22,3.4893,3.5503,6.819699999999999,3590.3425,2.9432
2017-06-23,3.4867,3.5446,6.8238,3622.8831,2.936
2017-06-26,3.4722,3.511,6.822,3668.0919,2.9063
2017-06-27,3.4238,3.4987,6.8292,3674.7152,2.8834
2017-06-28,3.4278,3.5351,6.805299999999999,3646.1666,2.8577
2017-06-29,3.4198,3.5335,6.794,3668.8279,2.8507
2017-06-30,3.4568,3.5689,6.7744,3666.7977,2.8455
2017-07-03,3.4519,3.5808,6.7772,3650.8463,2.841
2017-07-04,3.4836,3.6069,6.788899999999999,3619.9841,2.8299
2017-07-05,3.478,3.5854,6.7922,3659.6795,2.8028
2017-07-06,3.4752,3.5659,6.795299999999999,3660.0967,2.7919
2017-07-07,3.4606,3.5917,6.7914,3655.9293,2.7858
2017-07-10,3.4647,3.5934,6.7964,3653.6868,2.784
2017-07-11,3.4463,3.5887,6.7983,3670.8086,2.812
2017-07-12,3.4542,3.5738,6.7868,3658.8236,2.8156
2017-07-13,3.4541,3.5589,6.7802,3686.9205,2.8184
2017-07-14,3.4377,3.5642,6.7774,3703.094,2.803
2017-07-17,3.4362,3.5591,6.7562,3663.5575,2.8057
2017-07-18,3.4513,3.5888,6.761100000000001,3667.1807,2.8293
2017-07-19,3.4355,3.5867,6.745100000000001,3729.7466,2.842
2017-07-20,3.4056,3.5734,6.7464,3747.8843,2.853
2017-07-21,3.3976,3.585,6.7415,3728.5976,2.847
2017-07-24,3.3877,3.5774,6.741,3743.4686,2.845
2017-07-25,3.3837,3.5941,6.748499999999999,3719.559,2.849
2017-07-26,3.3958,3.6173,6.7528999999999995,3705.3884,2.849
2017-07-27,3.397,3.6019,6.730700000000001,3712.1947,2.8626
2017-07-28,3.3791,3.6008,6.737299999999999,3721.8914,2.877
2017-07-31,3.3864,3.6229,6.728300000000001,3737.8732,2.882
2017-08-01,3.392,3.6376,6.7148,3770.3828,2.886
2017-08-02,3.3932,3.6306,6.7204999999999995,3760.8525,2.892
2017-08-03,3.383,3.6226,6.721100000000001,3727.8264,2.884
2017-08-04,3.3563,3.6248,6.7132,3707.5796,2.8657
2017-08-07,3.3687,3.6581,6.7228,3726.7948,2.865
2017-08-08,3.3592,3.6557,6.7184,3732.2129,2.871
2017-08-09,3.3544,3.6549,6.7075000000000005,3731.044,2.8821
2017-08-10,3.3392,3.6449,6.677,3715.9208,2.8767
2017-08-11,3.3476,3.6174,6.6642,3647.3503,2.8725
2017-08-14,3.3321,3.595,6.660099999999999,3694.6831,2.868
2017-08-15,3.3371,3.5775,6.668899999999999,3706.0566,2.874
2017-08-16,3.3373,3.5949,6.677900000000001,3701.4207,2.88
2017-08-17,3.3395,3.6,6.6709,3721.277,2.8927
2017-08-18,3.3406,3.59,6.6744,3724.6748,2.894
2017-08-21,3.3472,3.6151,6.6709,3740.9941,2.897
2017-08-22,3.338,3.6148,6.659699999999999,3752.298,2.8985
2017-08-23,3.3445,3.6155,6.6633,3756.0884,2.9028
2017-08-24,3.3498,3.6253,6.652499999999999,3734.6458,2.904
2017-08-25,3.37,3.6288,6.657900000000001,3795.7544,2.9098
2017-08-28,3.3673,3.6502,6.635299999999999,3842.7119,2.9064
2017-08-29,3.3907,3.6427,6.6293,3834.5376,2.921
2017-08-30,3.3882,3.6305,6.6102,3834.3005,2.9266
2017-08-31,3.4154,3.6228,6.601,3822.0928,2.8879
2017-09-01,3.4119,3.6331,6.5908999999999995,3830.5383,2.8764
2017-09-04,3.3903,3.65,6.5668,3845.6163,2.8572
2017-09-05,3.4152,3.6675,6.537,3857.0464,2.8202
2017-09-06,3.4713,3.6516,6.5311,3849.4499,2.8092
2017-09-07,3.4724,3.6278,6.5268999999999995,3829.8713,2.8056
2017-09-08,3.476,3.6107,6.5032,3825.9895,2.8023
2017-09-11,3.4572,3.616,6.499699999999999,3825.6453,2.8014
2017-09-12,3.4833,3.6143,6.527699999999999,3837.9341,2.8036
2017-09-13,3.4824,3.6309,6.5382,3842.6061,2.8056
2017-09-14,3.4811,3.5963,6.546499999999999,3829.9554,2.8239
2017-09-15,3.4731,3.5955,6.542300000000001,3831.2965,2.832
2017-09-18,3.4689,3.6071,6.541900000000001,3843.1428,2.844
2017-09-19,3.4566,3.6098,6.553,3832.1161,2.868
2017-09-20,3.4438,3.6188,6.567,3842.4353,2.869
2017-09-21,3.4565,3.6258,6.5867,3837.8176,2.869
2017-09-22,3.4443,3.6278,6.586099999999999,3837.7304,2.858
2017-09-25,3.4337,3.6239,6.594499999999999,3817.7915,2.8987
2017-09-26,3.4407,3.6162,6.6076,3820.7816,2.9291
2017-09-27,3.4574,3.6204,6.6192,3821.2,2.9494
2017-09-28,3.4249,3.616,6.628499999999999,3822.5386,2.9675
2017-09-29,3.4486,3.614,6.636899999999999,3836.5013,2.9639
2017-09-30,,,,,2.9671
2017-10-09,3.4704,3.6514,6.649299999999999,3882.2076,2.9201
2017-10-10,3.4842,3.6463,6.627299999999999,3889.8637,2.939
2017-10-11,3.4798,3.6533,6.584099999999999,3902.6868,2.9247
2017-10-12,3.4828,3.6724,6.5808,3912.9536,2.886
2017-10-13,3.487,3.6811,6.5866,3921.0017,2.8516
2017-10-16,3.4918,3.7067,6.583900000000001,3913.4462,2.848
2017-10-17,3.5054,3.7411,6.5883,3913.0688,2.8483
2017-10-18,3.4863,3.7259,6.599100000000001,3944.1626,2.8468
2017-10-19,3.5014,3.7166,6.609299999999999,3931.2495,2.8405
2017-10-20,3.4989,3.7223,6.6092,3926.852,2.8379
2017-10-23,3.4779,3.7222,6.620499999999999,3930.7981,2.8341
2017-10-24,3.484,3.7215,6.6268,3959.3953,2.8343
2017-10-25,3.4525,3.7806,6.6322,3976.949,2.8594
2017-10-26,3.5034,3.7763,6.6288,3993.5752,2.8699
2017-10-27,3.5021,3.8323,6.6472999999999995,4021.9676,2.8788
2017-10-30,3.4918,3.9164,6.648700000000001,4009.7218,2.888
2017-10-31,3.5699,3.8911,6.6396999999999995,4006.7179,2.894
2017-11-01,3.5565,3.8648,6.63,3996.6221,2.894
2017-11-02,3.5613,3.8701,6.6196,3997.1343,2.859
2017-11-03,3.5582,3.892,6.6072,3992.6979,2.8249
2017-11-06,3.5946,3.8554,6.624700000000001,4020.8896,2.797
2017-11-07,3.5994,3.8856,6.6216,4054.2465,2.7878
2017-11-08,3.5587,3.8882,6.627699999999999,4048.0057,2.7892
2017-11-09,3.5777,3.8827,6.632499999999999,4075.8998,2.811
2017-11-10,3.5876,3.9001,6.6282,4111.9112,2.8455
2017-11-13,3.5571,3.961,6.6347000000000005,4128.0733,2.8592
2017-11-14,3.6214,3.9503,6.639900000000001,4099.351,2.8765
2017-11-15,3.6015,3.9463,6.6263000000000005,4073.6696,2.886
2017-11-16,3.6046,3.9204,6.6286,4105.0122,2.886
2017-11-17,3.5925,3.9207,6.627699999999999,4120.8508,2.865
2017-11-20,3.613,3.9461,6.6271,4143.8334,2.859
2017-11-21,3.6114,3.9451,6.6356,4217.7015,2.861
2017-11-22,3.5634,3.9902,6.629,4227.5666,2.868
2017-11-23,3.6387,3.991,6.602099999999999,4102.3966,2.871
2017-11-24,3.6277,3.9504,6.581,4104.2034,2.873
2017-11-27,3.673,3.9601,6.5874,4049.9475,2.883
2017-11-28,3.6783,3.961,6.5944,4055.8235,2.883
2017-11-29,3.6716,3.9293,6.601100000000001,4053.7529,2.877
2017-11-30,3.6341,3.8805,6.6034,4006.0993,2.898
2017-12-01,3.6303,3.8903,6.606700000000001,3998.1365,2.851
2017-12-04,3.6204,3.89,6.610499999999999,4018.8571,2.816
2017-12-05,3.6317,3.8817,6.611299999999999,4040.1704,2.799
2017-12-06,3.6328,3.8988,6.616300000000001,4015.8211,2.787
2017-12-07,3.7411,3.9004,6.6195,3971.0569,2.791
2017-12-08,3.7353,3.9098,6.6218,4003.3792,2.799
2017-12-11,3.7648,3.9278,6.6152,4069.4997,2.818
2017-12-12,3.7557,3.9426,6.6162,4016.0163,2.83
2017-12-13,3.778,3.9298,6.625100000000001,4050.0927,2.851
2017-12-14,3.7803,3.9155,6.603299999999999,4026.1516,2.868
2017-12-15,3.7693,3.8902,6.611299999999999,3980.8558,2.871
2017-12-18,3.7594,3.9054,6.6162,3985.2914,2.871
2017-12-19,3.7638,3.9004,6.6098,4035.3294,2.873
2017-12-20,3.7898,3.8968,6.6066,4030.4898,2.874
2017-12-21,3.774,3.9048,6.5795,4067.8485,2.871
2017-12-22,3.7821,3.8803,6.5821,4054.5984,2.867
2017-12-25,3.7818,3.8807,6.568300000000001,4041.5401,2.881
2017-12-26,3.7849,3.888,6.5416,4053.6224,2.892
2017-12-27,3.7903,3.9074,6.5421,3991.2075,2.905
2017-12-28,3.8004,3.8814,6.5412,4018.8974,2.925
2017-12-29,3.7984,3.8848,6.5342,4030.8549,2.954
2018-01-02,3.6958,3.9035,6.5079,4087.4012,2.839
2018-01-03,3.6691,3.9182,6.492,4111.3925,2.785
2018-01-04,3.6575,3.9282,6.504300000000001,4128.8119,2.76
2018-01-05,3.5537,3.926,6.4915,4138.7505,2.745
2018-01-08,3.5344,3.9099,6.4832,4160.1595,2.737
2018-01-09,3.5374,3.8926,6.4968,4189.2977,2.744
2018-01-10,3.5535,3.9194,6.520700000000001,4207.8132,2.776
2018-01-11,3.582,3.9569,6.5147,4205.5863,2.832
2018-01-12,3.5563,3.9321,6.4932,4225.001,2.864
2018-01-15,3.5703,3.9645,6.4574,4225.2393,2.86
2018-01-16,3.58,3.9596,6.4372,4258.473,2.879
2018-01-17,3.5599,3.9667,6.4335,4248.1164,2.878
2018-01-18,3.5704,3.9773,6.440099999999999,4271.4168,2.878
2018-01-19,3.5639,3.9758,6.416899999999999,4285.395,2.891
2018-01-22,3.5272,3.9612,6.4112,4336.5974,2.889
2018-01-23,3.5329,3.9519,6.400899999999999,4382.6129,2.863
2018-01-24,3.5409,3.9435,6.3916,4389.8853,2.832
2018-01-25,3.5393,3.9419,6.3724,4365.0794,2.8498
2018-01-26,3.5066,3.9317,6.3436,4381.2996,2.842
2018-01-29,3.5051,3.9387,6.326700000000001,4302.0181,2.842
2018-01-30,3.5079,3.928,6.3312,4256.1021,2.838
2018-01-31,3.4984,3.9139,6.333900000000001,4275.8986,2.8298
2018-02-01,3.4784,3.9012,6.304499999999999,4245.8978,2.7925
2018-02-02,3.4476,3.9023,6.288499999999999,4271.2326,2.788
2018-02-05,3.4625,3.9221,6.301900000000001,4274.1464,2.7758
2018-02-06,3.4064,3.8821,6.3072,4148.8856,2.7706
2018-02-07,3.3916,3.8707,6.2882,4050.4972,2.771
2018-02-08,3.394,3.8809,6.2822,4012.0472,2.904
2018-02-09,3.3913,3.8807,6.3194,3840.6527,2.918
2018-02-11,,,,,2.917
2018-02-12,3.3992,3.8703,6.3001,3890.1046,2.918
2018-02-13,3.411,3.8697,6.324700000000001,3935.6324,2.928
2018-02-14,3.3976,3.875,6.3428,3966.9614,2.91
2018-02-22,3.3898,3.8804,6.353,4052.7332,2.891
2018-02-23,3.3957,3.871,6.3482,4071.0889,2.881
2018-02-24,,,,,2.876
2018-02-26,3.3038,3.8446,6.3378,4118.4186,2.87
2018-02-27,3.2104,3.8196,6.3146,4058.9806,2.861
2018-02-28,3.2438,3.8151,6.3294,4023.6415,2.906
2018-03-01,3.263,3.8211,6.3352,4049.0863,2.896
2018-03-02,3.2644,3.8362,6.3334,4016.461,2.897
2018-03-05,3.3184,3.853,6.343100000000001,4018.097,2.894
2018-03-06,3.2921,3.8189,6.3386,4066.5647,2.886
2018-03-07,3.2924,3.8233,6.3294,4036.6536,2.873
2018-03-08,3.2763,3.8214,6.323900000000001,4077.6001,2.862
2018-03-09,3.2839,3.8327,6.3451,4108.8652,2.857
2018-03-12,3.281,3.8344,6.3332999999999995,4127.6662,2.858
2018-03-13,3.2952,3.845,6.3218,4091.2533,2.87
2018-03-14,3.274,3.8458,6.320499999999999,4073.3447,2.869
2018-03-15,3.2896,3.8382,6.314099999999999,4096.1627,2.866
2018-03-16,3.3146,3.8234,6.334,4056.4226,2.865
2018-03-19,3.2952,3.8121,6.332,4074.2479,2.863
2018-03-20,3.3179,3.7859,6.3246,4077.7041,2.861
2018-03-21,3.2628,3.7627,6.3396,4061.0502,2.858
2018-03-22,3.2714,3.7454,6.316700000000001,4020.349,2.8538
2018-03-23,3.2468,3.6992,6.3272,3904.9355,2.8464
2018-03-26,3.2643,3.7209,6.319299999999999,3879.893,2.862
2018-03-27,3.3128,3.7324,6.2816,3913.2689,2.874
2018-03-28,3.3234,3.748,6.278499999999999,3842.7155,2.889
2018-03-29,3.3153,3.7479,6.3046,3894.0498,2.8958
2018-03-30,3.3387,3.7413,6.288099999999999,3898.4977,2.9166
2018-04-02,3.3001,3.741,6.2764,3886.9189,2.883
2018-04-03,3.3159,3.751,6.2833,3862.4796,2.87
2018-04-04,3.256,3.736,6.2926,3854.8625,2.83
2018-04-08,,,,,2.812
2018-04-09,3.2632,3.6919,6.3114,3852.9292,2.806
2018-04-10,3.2448,3.7189,6.307100000000001,3927.1729,2.807
2018-04-11,3.2382,3.7115,6.291100000000001,3938.3434,2.804
2018-04-12,3.27,3.7086,6.2834,3898.6354,2.8
2018-04-13,3.1696,3.7107,6.2898,3871.1443,2.798
2018-04-16,3.1666,3.6513,6.2884,3808.863,2.802
2018-04-17,3.1584,3.6412,6.277100000000001,3748.6412,2.843
2018-04-18,3.0059,3.4912,6.281699999999999,3766.282,2.858
2018-04-19,2.9901,3.5072,6.2832,3811.843,2.884
2018-04-20,3.018,3.5278,6.289699999999999,3760.8543,2.893
2018-04-23,3.0584,3.5967,6.3034,3766.3257,2.9
2018-04-24,3.0205,3.5871,6.3229,3843.4886,2.907
2018-04-25,3.0363,3.618,6.3066,3828.7015,2.911
2018-04-26,2.996,3.6333,6.3283000000000005,3755.4941,2.925
2018-04-27,3.0215,3.6439,6.3393,3756.8765,2.978
2018-04-28,,,,,2.972
2018-05-02,3.035,3.6814,6.367,3763.6461,2.892
2018-05-03,2.991,3.6416,6.3732,3793.0001,2.852
2018-05-04,2.9563,3.6318,6.352099999999999,3774.5981,2.806
2018-05-07,2.9543,3.6515,6.3584,3834.1877,2.768
2018-05-08,2.9423,3.7009,6.3674,3878.6767,2.751
2018-05-09,2.9415,3.717,6.3732999999999995,3871.6152,2.734
2018-05-10,2.9209,3.6923,6.3768,3893.0565,2.723
2018-05-11,2.971,3.6947,6.3524,3872.8383,2.713
2018-05-14,2.9922,3.7026,6.334499999999999,3909.2933,2.738
2018-05-15,2.9919,3.722,6.3486,3924.0975,2.773
2018-05-16,3.0538,3.7128,6.374499999999999,3892.8442,2.835
2018-05-17,3.0338,3.719,6.367900000000001,3864.0507,2.803
2018-05-18,3.021,3.7139,6.3763000000000005,3903.0637,2.768
2018-05-21,3.0401,3.6985,6.3852,3921.2421,2.756
2018-05-22,3.1221,3.6549,6.379900000000001,3906.2081,2.755
2018-05-23,3.1179,3.6513,6.377299999999999,3854.5825,2.752
2018-05-24,3.128,3.6453,6.3816,3827.217,2.751
2018-05-25,3.1009,3.6063,6.3867,3816.498,2.794
2018-05-28,3.1287,3.6107,6.3962,3833.2599,2.806
2018-05-29,3.1187,3.6004,6.402099999999999,3804.0093,2.848
2018-05-30,3.1089,3.5992,6.420700000000001,3723.3724,2.895
2018-05-31,3.1391,3.6162,6.4144,3802.3759,2.898
2018-06-01,3.1383,3.6231,6.4078,3770.5891,2.897
2018-06-04,3.1503,3.6522,6.4208,3807.5781,2.818
2018-06-05,3.1796,3.6619,6.415699999999999,3845.3164,2.802
2018-06-06,3.1827,3.6671,6.404,3837.3511,2.792
2018-06-07,3.2061,3.6747,6.391900000000001,3831.0128,2.783
2018-06-08,3.2034,3.6401,6.4003000000000005,3779.6159,2.772
2018-06-11,3.201,3.6503,6.4064,3779.9818,2.776
2018-06-12,3.228,3.6831,6.4121,3825.9534,2.789
2018-06-13,3.2218,3.6628,6.4156,3788.3391,2.8
2018-06-14,3.2135,3.6248,6.3962,3773.3655,2.809
2018-06-15,3.2027,3.6032,6.4306,3753.4338,2.81
2018-06-19,3.181,3.5659,6.423500000000001,3621.1166,2.809
2018-06-20,3.2467,3.6104,6.4586,3635.4436,2.822
2018-06-21,3.2585,3.5756,6.4706,3592.965,2.825
2018-06-22,3.269,3.5563,6.4804,3608.9046,2.819
2018-06-25,3.2441,3.5827,6.489299999999999,3560.4777,2.826
2018-06-26,3.2709,3.5843,6.518,3531.1112,2.831
2018-06-27,3.2761,3.5554,6.5569,3459.2621,2.834
2018-06-28,3.218,3.531,6.596,3423.5255,2.841
2018-06-29,3.1342,3.4885,6.6166,3510.9845,2.862
2018-07-02,3.0992,3.501,6.6156999999999995,3407.9638,2.78
2018-07-03,3.1475,3.4971,6.649699999999999,3409.2801,2.719
2018-07-04,3.0889,3.5136,6.6595,3363.7473,2.662
2018-07-05,3.0567,3.5002,6.618,3342.4379,2.605
2018-07-06,3.0361,3.5329,6.6336,3365.1227,2.588
2018-07-09,3.0676,3.5474,6.6392999999999995,3459.1837,2.602
2018-07-10,3.0935,3.5409,6.625900000000001,3467.5155,2.657
2018-07-11,3.0956,3.516,6.6234,3407.5297,2.679
2018-07-12,3.0736,3.5169,6.6726,3481.0559,2.686
2018-07-13,3.0771,3.4907,6.672700000000001,3492.6897,2.686
2018-07-16,3.0447,3.4771,6.6758,3472.0859,2.699
2018-07-17,3.0315,3.4811,6.682099999999999,3449.3773,2.703
2018-07-18,3.058,3.4762,6.6914,3431.3227,2.702
2018-07-19,3.0719,3.4408,6.7066,3428.343,2.683
2018-07-20,3.0626,3.513,6.767100000000001,3492.8938,2.675
2018-07-23,3.0698,3.5136,6.7593,3525.7503,2.658
2018-07-24,3.0701,3.5638,6.7891,3581.7057,2.655
2018-07-25,3.0361,3.5476,6.804,3577.7522,2.667
2018-07-26,3.0225,3.5371,6.7662,3536.2456,2.66
2018-07-27,2.9356,3.5285,6.7942,3521.2269,2.654
2018-07-30,2.9105,3.5232,6.8131,3515.0794,2.651
2018-07-31,2.9711,3.4914,6.8165,3517.6568,2.648
2018-08-01,2.8491,3.4612,6.829299999999999,3447.3882,2.622
2018-08-02,2.8061,3.4797,6.7942,3370.9579,2.584
2018-08-03,2.7859,3.4519,6.8322,3315.2839,2.525
2018-08-06,2.7157,3.4527,6.851299999999999,3273.2728,2.469
2018-08-07,2.5715,3.4863,6.843100000000001,3368.8695,2.386
2018-08-08,2.6047,3.5278,6.8313,3314.5075,2.345
2018-08-09,2.6927,3.551,6.8317,3397.5298,2.45
2018-08-10,2.7471,3.5528,6.839500000000001,3405.0191,2.426
2018-08-13,2.8933,3.5846,6.8629,3390.3441,2.491
2018-08-14,2.8236,3.5649,6.8695,3372.9137,2.589
2018-08-15,2.8068,3.5864,6.8856,3291.976,2.612
2018-08-16,2.8481,3.6178,6.8946,3276.7276,2.637
2018-08-17,2.8442,3.6499,6.8894,3229.6198,2.65
2018-08-20,2.9222,3.6468,6.8718,3267.2498,2.674
2018-08-21,2.9332,3.6507,6.836,3326.6489,2.681
2018-08-22,2.9158,3.6102,6.827100000000001,3307.9545,2.662
2018-08-23,2.9124,3.6001,6.8367,3320.0257,2.649
2018-08-24,2.8357,3.6208,6.871,3325.3347,2.612
2018-08-27,2.8561,3.6303,6.8508,3406.5735,2.642
2018-08-28,2.8698,3.6112,6.8052,3400.1705,2.647
2018-08-29,2.8498,3.6104,6.8072,3386.5736,2.646
2018-08-30,2.8586,3.5802,6.811299999999999,3351.0942,2.64
2018-08-31,2.8406,3.5727,6.8246,3334.5036,2.633
2018-09-03,2.8417,3.5957,6.834700000000001,3321.8248,2.621
2018-09-04,2.8432,3.61,6.818300000000001,3363.8984,2.6
2018-09-05,2.8513,3.6125,6.8266,3298.1412,2.552
2018-09-06,2.8578,3.6102,6.821699999999999,3262.8808,2.633
2018-09-07,2.851,3.63,6.8212,3277.6438,2.673
2018-09-10,2.8523,3.6501,6.8389,3230.0681,2.679
2018-09-11,2.854,3.6702,6.8488,3224.2116,2.686
2018-09-12,2.8739,3.6653,6.8546,3202.0248,2.675
2018-09-13,2.8577,3.6499,6.8488,3236.5662,2.663
2018-09-14,2.8732,3.6352,6.8362,3242.0902,2.645
2018-09-17,2.8664,3.6353,6.850899999999999,3204.9224,2.639
2018-09-18,2.8734,3.6453,6.8554,3269.4319,2.685
2018-09-19,2.8972,3.6731,6.8568999999999996,3312.4823,2.668
2018-09-20,3.0092,3.6907,6.853,3310.1258,2.659
2018-09-21,3.0076,3.67,6.835699999999999,3410.4856,2.654
2018-09-25,3.0331,3.6762,6.844,3379.8043,2.692
2018-09-26,3.0096,3.6606,6.857100000000001,3417.2413,2.711
2018-09-27,3.0081,3.6306,6.8642,3403.5902,2.722
2018-09-28,2.9865,3.6208,6.8792,3438.8649,2.73
2018-09-29,,,,,2.783
2018-09-30,,,,,2.766
2018-10-08,2.9696,3.6156,6.8957,3290.8988,2.657
2018-10-09,2.9453,3.6148,6.9019,3288.6906,2.633
2018-10-10,2.9516,3.6156,6.9072,3281.5978,2.618
2018-10-11,2.8809,3.5783,6.9098,3124.1139,2.611
2018-10-12,2.8908,3.5835,6.912,3170.7262,2.615
2018-10-15,2.8812,3.591,6.9154,3126.4516,2.612
2018-10-16,2.8968,3.5805,6.911900000000001,3100.9738,2.603
2018-10-17,2.87,3.5813,6.9103,3118.2463,2.604
2018-10-18,2.8828,3.5519,6.9275,3044.3918,2.611
2018-10-19,2.9144,3.5608,6.938700000000001,3134.9455,2.622
2018-10-22,2.95,3.5986,6.9236,3270.2732,2.632
2018-10-23,2.9439,3.5719,6.9338,3183.4257,2.635
2018-10-24,2.9221,3.541,6.9357,3188.2018,2.631
2018-10-25,2.9177,3.5409,6.940899999999999,3194.3084,2.63
2018-10-26,2.9015,3.542,6.951,3173.635,2.618
2018-10-29,2.8793,3.5121,6.9376999999999995,3076.8889,2.609
2018-10-30,2.8821,3.5124,6.9574,3110.2605,2.598
2018-10-31,2.8379,3.5159,6.9646,3153.8234,2.715
2018-11-01,2.8027,3.4961,6.967,3177.0338,2.673
2018-11-02,2.8031,3.5529,6.937100000000001,3290.2455,2.649
2018-11-05,2.7752,3.5306,6.8976,3262.8351,2.638
2018-11-06,2.7502,3.512,6.907500000000001,3243.1504,2.613
2018-11-07,2.7377,3.4824,6.906499999999999,3221.9101,2.595
2018-11-08,2.7062,3.4735,6.916300000000001,3212.7737,2.6
2018-11-09,2.6574,3.4828,6.932899999999999,3167.4442,2.599
2018-11-12,2.6299,3.4865,6.9476,3205.1407,2.624
2018-11-13,2.6078,3.4679,6.962899999999999,3237.3823,2.633
2018-11-14,2.5323,3.424,6.9402,3204.9427,2.632
2018-11-15,2.5313,3.4087,6.9392,3242.3715,2.629
2018-11-16,2.4928,3.3626,6.9376999999999995,3257.6735,2.629
2018-11-19,2.4914,3.3751,6.924499999999999,3294.6031,2.643
2018-11-20,2.5062,3.3777,6.928,3218.4076,2.665
2018-11-21,2.5291,3.3722,6.9449,3226.4918,2.656
2018-11-22,2.4835,3.3928,6.939100000000001,3214.4273,2.642
2018-11-23,2.5075,3.3977,6.9306,3143.4752,2.628
2018-11-26,2.5152,3.4041,6.9453,3141.2434,2.644
2018-11-27,2.502,3.4147,6.946300000000001,3137.2413,2.643
2018-11-28,2.4885,3.3951,6.95,3178.9326,2.65
2018-11-29,2.4839,3.3697,6.935299999999999,3137.6542,2.65
2018-11-30,2.4707,3.3698,6.9357,3172.69,2.669
2018-12-03,2.4837,3.36,6.9431,3260.9502,2.618
2018-12-04,2.4603,3.3201,6.8939,3267.7095,2.621
2018-12-05,2.4615,3.2776,6.8476,3252.0041,2.581
2018-12-06,2.4696,3.2753,6.8599000000000006,3181.673,2.6
2018-12-07,2.443,3.2904,6.8664,3181.5646,2.611
2018-12-10,2.4823,3.2657,6.869299999999999,3144.7631,2.615
2018-12-11,2.4869,3.2661,6.8996,3159.8158,2.624
2018-12-12,2.4541,3.2708,6.9064,3170.6092,2.626
2018-12-13,2.4743,3.3115,6.876899999999999,3219.6924,2.636
2018-12-14,2.4716,3.3517,6.875,3165.9109,2.683
2018-12-17,2.4733,3.3516,6.8908,3161.1966,2.697
2018-12-18,2.5292,3.372,6.8854,3128.4265,2.694
2018-12-19,2.6111,3.3424,6.886899999999999,3091.1255,2.69
2018-12-20,2.6818,3.3058,6.8936,3067.4169,2.676
2018-12-21,2.6929,3.3227,6.882499999999999,3029.3951,2.649
2018-12-24,2.6881,3.3353,6.9006,3038.1981,2.659
2018-12-25,2.7047,3.3131,6.891900000000001,3017.2815,2.653
2018-12-26,2.6811,3.3121,6.884499999999999,3002.0327,2.672
2018-12-27,2.6812,3.2827,6.8894,2990.5057,2.695
2018-12-28,2.6437,3.2426,6.8632,3010.6536,2.721
2018-12-29,,,,,2.903
2019-01-02,2.5659,3.2042,6.8482,2969.5353,2.634
2019-01-03,2.5143,3.1517,6.863100000000001,2964.8421,2.547
2019-01-04,2.4899,3.1316,6.8586,3035.8741,2.563
2019-01-07,2.434,3.1509,6.851699999999999,3054.303,2.475
2019-01-08,2.3548,3.1115,6.8402,3047.7035,2.372
2019-01-09,2.358,3.111,6.8526,3078.4759,2.475
2019-01-10,2.3644,3.1212,6.816,3072.6864,2.587
2019-01-11,2.4167,3.1106,6.7909,3094.7782,2.555
2019-01-14,2.4238,3.1212,6.756,3067.7845,2.629
2019-01-15,2.4538,3.1477,6.7542,3127.9904,2.652
2019-01-16,2.457,3.0858,6.761500000000001,3128.6517,2.64
2019-01-17,2.4212,3.0732,6.7592,3111.4168,2.611
2019-01-18,2.4225,3.1024,6.7665,3168.1739,2.618
2019-01-21,2.4266,3.1146,6.7774,3185.6364,2.594
2019-01-22,2.4442,3.1152,6.7854,3143.3171,2.578
2019-01-23,2.4053,3.1363,6.796899999999999,3141.0532,2.584
2019-01-24,2.4089,3.1246,6.7802,3158.7817,2.616
2019-01-25,2.404,3.1383,6.794099999999999,3184.4696,2.626
2019-01-28,2.4106,3.1578,6.7472,3183.7777,2.66
2019-01-29,2.4032,3.1322,6.7356,3193.9698,2.766
2019-01-30,2.385,3.1276,6.734300000000001,3168.4829,2.765
2019-01-31,2.408,3.1165,6.7025,3201.6331,2.756
2019-02-01,2.3637,3.1063,6.708099999999999,3247.3971,2.722
2019-02-02,,,,,2.372
2019-02-03,,,,,2.334
2019-02-11,2.3427,3.0689,6.7495,3306.4725,2.596
2019-02-12,2.306,3.065,6.7764999999999995,3330.3353,2.513
2019-02-13,2.3219,3.0753,6.767500000000001,3397.0276,2.362
2019-02-14,2.3275,3.0971,6.7744,3402.1403,2.33
2019-02-15,2.3116,3.0873,6.762300000000001,3338.7047,2.351
2019-02-18,2.298,3.0952,6.7659,3445.7448,2.395
2019-02-19,2.3189,3.1247,6.7642,3439.6078,2.398
2019-02-20,2.318,3.1183,6.7558,3451.9273,2.377
2019-02-21,2.324,3.1312,6.722,3442.7056,2.399
2019-02-22,2.34,3.1392,6.7151000000000005,3520.1182,2.6
2019-02-25,2.3513,3.1805,6.713100000000001,3729.4831,2.658
2019-02-26,2.3756,3.2106,6.6952,3684.6935,2.745
2019-02-27,2.3697,3.1689,6.6857,3678.3921,2.75
2019-02-28,2.3993,3.1656,6.690099999999999,3669.3703,2.658
2019-03-01,2.4176,3.1856,6.6956999999999995,3749.7143,2.511
2019-03-04,2.4404,3.2032,6.704899999999999,3794.104,2.38
2019-03-05,2.439,3.2043,6.6998,3816.0132,2.574
2019-03-06,2.4247,3.2092,6.705299999999999,3848.0903,2.488
2019-03-07,2.4364,3.1729,6.711,3808.8497,2.517
2019-03-08,2.4281,3.1419,6.7235000000000005,3657.579,2.388
2019-03-11,2.4298,3.1401,6.7202,3729.9546,2.395
2019-03-12,2.4346,3.1423,6.7128,3755.3519,2.601
2019-03-13,2.4481,3.1423,6.7114,3724.1941,2.493
2019-03-14,2.448,3.1423,6.700899999999999,3698.4858,2.598
2019-03-15,2.428,3.1483,6.7167,3745.005,2.728
2019-03-18,2.4406,3.1325,6.7088,3851.7479,2.709
2019-03-19,2.4279,3.1347,6.7062,3833.9626,2.729
2019-03-20,2.4435,3.1435,6.7101,3835.4397,2.711
2019-03-21,2.4219,3.1305,6.685,3836.8913,2.684
2019-03-22,2.4117,3.1132,6.6944,3833.8013,2.664
2019-03-25,2.4518,3.0883,6.7098,3742.8252,2.668
2019-03-26,2.4374,3.0582,6.7042,3700.4388,2.704
2019-03-27,2.4085,3.0929,6.714099999999999,3743.3878,2.797
2019-03-28,2.4033,3.0633,6.726300000000001,3728.3953,2.705
2019-03-29,2.3968,3.0633,6.7335,3872.3412,2.698
2019-04-01,2.395,3.1332,6.7193,3973.928,2.579
2019-04-02,2.4394,3.1729,6.716099999999999,3971.2852,2.453
2019-04-03,2.5181,3.2427,6.7194,4022.1566,2.357
2019-04-04,2.3995,3.2729,6.705500000000001,4062.2309,2.418
2019-04-08,2.4452,3.2532,6.7200999999999995,4057.2286,2.483
2019-04-09,2.4553,3.2832,6.7142,4075.4301,2.469
2019-04-10,2.4664,3.3033,6.711,4085.847,2.654
2019-04-11,2.4077,3.2836,6.7088,3997.5778,2.657
2019-04-12,2.446,3.3145,6.722,3988.6168,2.669
2019-04-15,2.5265,3.3638,6.7112,3975.5244,2.772
2019-04-16,2.541,3.4026,6.7097,4085.7891,2.787
2019-04-17,2.5999,3.3839,6.711,4087.2398,2.788
2019-04-18,2.7615,3.3637,6.6911000000000005,4072.0753,2.75
2019-04-19,2.6634,3.3666,6.704300000000001,4120.6078,2.692
2019-04-22,2.6797,3.4036,6.703500000000001,4025.6109,2.654
2019-04-23,2.688,3.4046,6.7082,4019.0053,2.7
2019-04-24,2.6766,3.4434,6.7204999999999995,4030.0887,2.764
2019-04-25,2.678,3.4192,6.730700000000001,3941.816,2.785
2019-04-26,2.6445,3.409,6.730700000000001,3889.2748,2.735
2019-04-28,,,,,2.705
2019-04-29,2.6904,3.4243,6.731,3900.3339,2.691
2019-04-30,2.6895,3.385,6.7286,3913.211,2.683
2019-05-05,,,,,2.529
2019-05-06,2.6487,3.3452,6.7344,3684.6168,2.5285
2019-05-07,2.6728,3.3553,6.7614,3720.6684,2.349
2019-05-08,2.6688,3.3456,6.7596,3667.4574,2.286
2019-05-09,2.6403,3.3306,6.7665,3599.7001,2.573
2019-05-10,2.6502,3.3163,6.7912,3730.4513,2.568
2019-05-13,2.6896,3.2758,6.7954,3668.7255,2.579
2019-05-14,2.6682,3.2829,6.836499999999999,3645.1503,2.65
2019-05-15,2.6696,3.2761,6.8649,3727.0923,2.641
2019-05-16,2.6584,3.2664,6.8688,3743.9635,2.607
2019-05-17,2.6657,3.2662,6.8859,3648.7609,2.589
2019-05-20,2.6492,3.2715,6.8988,3617.7924,2.678
2019-05-21,2.66,3.296,6.899,3666.7762,2.699
2019-05-22,2.6608,3.3236,6.8992,3649.3796,2.69
2019-05-23,2.6739,3.3044,6.8994,3583.9646,2.648
2019-05-24,2.6737,3.3072,6.899299999999999,3593.9139,2.592
2019-05-27,2.7086,3.356,6.8924,3637.1971,2.711
2019-05-28,2.7485,3.3146,6.8972999999999995,3672.2605,2.823
2019-05-29,2.6974,3.2879,6.8988,3663.909,2.785
2019-05-30,2.6915,3.2748,6.899,3641.1833,2.665
2019-05-31,2.6773,3.2697,6.8992,3629.7893,2.65
2019-06-03,2.6848,3.2432,6.8896,3632.0127,2.553
2019-06-04,2.6645,3.2104,6.8822,3598.4666,2.399
2019-06-05,2.6558,3.2102,6.890300000000001,3597.105,2.472
2019-06-06,2.65,3.2049,6.894499999999999,3564.6778,2.572
2019-06-10,2.6532,3.22,6.892499999999999,3610.7435,2.604
2019-06-11,2.6624,3.2602,6.893,3719.2759,2.589
2019-06-12,2.6683,3.2597,6.8932,3691.0957,2.564
2019-06-13,2.6807,3.248,6.8934,3685.3933,2.583
2019-06-14,2.7286,3.2301,6.893699999999999,3654.8799,2.565
2019-06-17,2.7128,3.2255,6.894,3654.8248,2.491
2019-06-18,2.7141,3.2428,6.8942,3667.6185,2.399
2019-06-19,2.7135,3.2426,6.8892999999999995,3715.9381,2.386
2019-06-20,2.6618,3.2319,6.8805,3828.5183,2.448
2019-06-21,2.6298,3.2365,6.8472,3833.9383,2.416
2019-06-24,2.6472,3.2458,6.850300000000001,3841.2659,2.326
2019-06-25,2.6532,3.2351,6.858,3801.3098,2.466
2019-06-26,2.6434,3.2451,6.870099999999999,3794.331,2.417
2019-06-27,2.6494,3.2553,6.8778,3834.8172,2.61
2019-06-28,2.637,3.2303,6.874700000000001,3825.5873,2.604
2019-07-01,2.6363,3.2199,6.8716,3935.8116,2.319
2019-07-02,2.6206,3.171,6.851299999999999,3937.1691,2.032
2019-07-03,2.5817,3.1511,6.864,3893.5341,2.145
2019-07-04,2.5634,3.1505,6.870499999999999,3873.1019,2.139
2019-07-05,2.5953,3.1654,6.869699999999999,3893.2025,2.271
2019-07-08,2.6266,3.1803,6.8881,3802.7897,2.449
2019-07-09,2.6224,3.1704,6.885299999999999,3793.1297,2.54
2019-07-10,2.6109,3.1708,6.8856,3786.739,2.543
2019-07-11,2.5924,3.1616,6.867699999999999,3785.221,2.497
2019-07-12,2.6084,3.1577,6.8662,3808.7311,2.559
2019-07-15,2.617,3.1762,6.867699999999999,3824.1878,2.669
2019-07-16,2.6148,3.1779,6.871,3806.8449,2.724
2019-07-17,2.6421,3.1768,6.882700000000001,3804.6384,2.734
2019-07-18,2.6366,3.1636,6.876099999999999,3768.4019,2.748
2019-07-19,2.6321,3.1609,6.863500000000001,3807.9551,2.753
2019-07-22,2.6324,3.1527,6.875900000000001,3781.6832,2.692
2019-07-23,2.6184,3.1479,6.8818,3789.9135,2.634
2019-07-24,2.6279,3.1662,6.886,3819.8325,2.561
2019-07-25,2.6281,3.166,6.8736999999999995,3851.0665,2.642
2019-07-26,2.6193,3.1635,6.8796,3858.5688,2.647
2019-07-29,2.6175,3.1858,6.882099999999999,3854.2704,2.657
2019-07-30,2.6227,3.1813,6.8862,3870.3176,2.663
2019-07-31,2.6191,3.1562,6.884099999999999,3835.3589,2.673
2019-08-01,2.5984,3.1465,6.8938,3803.4694,2.638
2019-08-02,2.571,3.1012,6.8996,3747.4379,2.647
2019-08-05,2.5554,3.0561,6.922499999999999,3675.6884,2.619
2019-08-06,2.5588,3.0593,6.968300000000001,3636.3289,2.494
2019-08-07,2.5635,3.0511,6.9996,3621.431,2.52
2019-08-08,2.562,3.051,7.003900000000001,3669.2936,2.578
2019-08-09,2.5319,3.0274,7.0136,3633.5296,2.644
2019-08-12,2.5717,3.0388,7.021100000000001,3699.1047,2.656
2019-08-13,2.5885,3.0067,7.0326,3665.7515,2.703
2019-08-14,2.578,3.0023,7.0312,3682.4015,2.695
2019-08-15,2.568,3.0115,7.0268,3694.0006,2.678
2019-08-16,2.5896,3.0216,7.0312,3710.5386,2.673
2019-08-19,2.5731,3.022,7.036499999999999,3791.0946,2.672
2019-08-20,2.5896,3.0324,7.0454,3787.7324,2.664
2019-08-21,2.6283,3.0591,7.0432999999999995,3781.7579,2.653
2019-08-22,2.6285,3.0618,7.049,3793.5061,2.642
2019-08-23,2.6217,3.0616,7.0572,3820.8638,2.651
2019-08-26,2.6058,3.0444,7.057,3765.9105,2.669
2019-08-27,2.5852,3.052,7.081,3816.9459,2.687
2019-08-28,2.6343,3.0547,7.083500000000001,3802.5844,2.682
2019-08-29,2.6047,3.0284,7.0858,3790.1867,2.6702
2019-08-30,2.6283,3.0566,7.0879,3799.5863,2.665
2019-09-02,2.6088,3.0633,7.0883,3848.3198,2.653
2019-09-03,2.6297,3.0672,7.0884,3853.6106,2.61
2019-09-04,2.6195,3.0588,7.0878,3886.0012,2.604
2019-09-05,2.6177,3.0218,7.0852,3925.323,2.636
2019-09-06,2.6088,3.0149,7.085500000000001,3948.5075,2.652
2019-09-09,2.5999,3.0247,7.085100000000001,3972.9484,2.652
2019-09-10,2.6298,3.0472,7.0846,3959.265,2.628
2019-09-11,2.6058,3.0523,7.084300000000001,3930.0999,2.645
2019-09-12,2.6099,3.085,7.0846,3972.3799,2.65
2019-09-16,2.6,3.0925,7.0657,3957.7154,2.642
2019-09-17,2.5892,3.1076,7.073,3891.2208,2.638
2019-09-18,2.5997,3.1327,7.0728,3910.0837,2.654
2019-09-19,2.5829,3.1102,7.0732,3924.3823,2.709
2019-09-20,2.5633,3.1005,7.073,3935.6511,2.731
2019-09-23,2.5693,3.1034,7.0734,3890.6616,2.732
2019-09-24,2.5662,3.1181,7.0729,3901.0758,2.676
2019-09-25,2.5574,3.116,7.0724,3870.9837,2.572
2019-09-26,2.5587,3.1366,7.0729,3841.1388,2.577
2019-09-27,2.5476,3.1478,7.073100000000001,3852.6534,2.59
2019-09-29,,,,,2.692
2019-09-30,2.5229,3.1559,7.0729,3814.5282,2.843
2019-10-08,2.5562,3.1143,7.0726,3837.6791,2.688
2019-10-09,2.5547,3.1052,7.0728,3843.2392,2.627
2019-10-10,2.566,3.1342,7.073,3874.6391,2.595
2019-10-11,2.5572,3.1545,7.072700000000001,3911.7253,2.556
2019-10-12,,,,,2.591
2019-10-14,2.5524,3.1644,7.0725,3953.2411,2.651
2019-10-15,2.5313,3.1719,7.0708,3936.2498,2.684
2019-10-16,2.5503,3.1712,7.0746,3922.6854,2.686
2019-10-17,2.5607,3.1552,7.078899999999999,3925.2216,2.663
2019-10-18,2.5579,3.1822,7.069,3869.3777,2.691
2019-10-21,2.5636,3.2157,7.068,3880.8398,2.691
2019-10-22,2.5911,3.2251,7.0668,3895.8809,2.789
2019-10-23,2.6002,3.2179,7.0752,3871.0848,2.693
2019-10-24,2.6257,3.2225,7.072700000000001,3870.6678,2.661
2019-10-25,2.6187,3.2382,7.0748999999999995,3896.7923,2.669
2019-10-28,2.6252,3.2925,7.0762,3926.585,2.671
2019-10-29,2.6371,3.2988,7.061699999999999,3910.226,2.67
2019-10-30,2.6967,3.3411,7.0582,3891.2255,2.683
2019-10-31,2.6664,3.3032,7.053299999999999,3886.7519,2.685
2019-11-01,2.6763,3.2812,7.043699999999999,3952.3872,2.616
2019-11-04,2.6568,3.2954,7.0382,3978.1216,2.529
2019-11-05,2.6291,3.2559,7.038499999999999,4002.8128,2.498
2019-11-06,2.6706,3.2498,7.008,3984.8816,2.546
2019-11-07,2.6473,3.2586,7.0008,3991.8749,2.595
2019-11-08,2.6658,3.2768,6.9944999999999995,3973.0107,2.57
2019-11-11,2.659,3.2521,6.9933,3902.9783,2.555
2019-11-12,2.6824,3.2575,6.9988,3903.6888,2.649
2019-11-13,2.6711,3.247,7.0026,3899.9815,2.675
2019-11-14,2.7051,3.2643,7.008300000000001,3905.857,2.682
2019-11-15,2.6733,3.2472,7.009100000000001,3877.0892,2.737
2019-11-18,2.6827,3.2074,7.003699999999999,3907.9291,2.728
2019-11-19,2.6411,3.1802,7.003,3947.0392,2.611
2019-11-20,2.652,3.1767,7.0118,3907.8641,2.497
2019-11-21,2.6347,3.1786,7.021699999999999,3889.598,2.426
2019-11-22,2.6465,3.1824,7.0306,3849.9948,2.536
2019-11-25,2.6632,3.1904,7.039699999999999,3878.2061,2.596
2019-11-26,2.6472,3.172,7.0344,3891.6533,2.598
2019-11-27,2.6548,3.1708,7.0348999999999995,3875.6186,2.589
2019-11-28,2.6441,3.1701,7.027100000000001,3862.3029,2.597
2019-11-29,2.6514,3.1649,7.0298,3828.6706,2.607
2019-12-02,2.6615,3.1954,7.0262,3836.0589,2.478
2019-12-03,2.6491,3.1802,7.0223,3851.0873,2.343
2019-12-04,2.6353,3.1751,7.0382,3849.819,2.426
2019-12-05,2.6239,3.1753,7.052099999999999,3879.3638,2.433
2019-12-06,2.6281,3.1906,7.0383000000000004,3902.3853,2.482
2019-12-09,2.6387,3.1901,7.0405,3895.4468,2.506
2019-12-10,2.5982,3.1804,7.04,3900.3843,2.45
2019-12-11,2.6271,3.1705,7.038499999999999,3902.7492,2.493
2019-12-12,2.5902,3.1654,7.0253,3891.0242,2.431
2019-12-13,2.6053,3.1834,7.0156,3968.2211,2.474
2019-12-16,2.607,3.186,6.9915,3987.5464,2.5315
2019-12-17,2.6288,3.2088,6.9971000000000005,4041.7996,2.588
2019-12-18,2.6139,3.2116,6.996899999999999,4032.7826,2.585
2019-12-19,2.6129,3.2147,7.0024999999999995,4027.1495,2.559
2019-12-20,2.5907,3.1768,7.002,4017.2527,2.529
2019-12-23,2.5588,3.167,7.011699999999999,3967.0962,2.453
2019-12-24,2.5204,3.1563,7.011900000000001,3992.9581,2.45
2019-12-25,2.4935,3.1443,7.0067,3990.8671,2.549
2019-12-26,2.4587,3.1171,6.980099999999999,4025.9879,2.607
2019-12-27,2.3844,3.1326,6.987900000000001,4022.0278,2.579
2019-12-30,2.3581,3.1318,6.980499999999999,4081.6334,2.618
2019-12-31,2.3598,3.1354,6.9762,4096.5821,2.737
2020-01-02,2.363,3.15,6.9614,4152.2408,2.433
2020-01-03,2.3648,3.1498,6.9681,4144.9649,2.349
2020-01-06,2.3635,3.1312,6.9718,4129.2954,2.219
2020-01-07,2.3469,3.1416,6.969,4160.2274,2.259
2020-01-08,2.3314,3.1345,6.945,4112.3172,2.32
2020-01-09,2.3344,3.1278,6.949699999999999,4164.3697,2.47
2020-01-10,2.3229,3.0937,6.9351,4163.1849,2.487
2020-01-13,2.2983,3.0869,6.9263,4203.9883,2.522
2020-01-14,2.2939,3.1014,6.8954,4189.8862,2.654
2020-01-15,2.2904,3.0939,6.884499999999999,4166.7344,2.717
2020-01-16,2.2704,3.0939,6.880700000000001,4149.0434,2.663
2020-01-17,2.2721,3.0922,6.8878,4154.853,2.64
2020-01-19,,,,,2.608
2020-01-20,2.2447,3.0608,6.8664,4185.8304,2.607
2020-01-21,2.2043,3.031,6.8606,4114.3085,2.601
2020-01-22,2.2568,3.0273,6.885299999999999,4131.9311,2.607
2020-01-23,2.2615,2.9953,6.8876,4003.9013,2.549
2020-02-03,1.952,2.8255,6.924899999999999,3688.3578,2.607
2020-02-04,2.0431,2.8573,6.977900000000001,3785.6376,2.416
2020-02-05,2.0826,2.8465,6.9823,3828.5272,2.343
2020-02-06,2.0139,2.8411,6.998499999999999,3899.7751,2.366
2020-02-07,2.0376,2.8054,6.9768,3899.8693,2.306
2020-02-10,1.9661,2.8008,6.986300000000001,3916.0052,2.289
2020-02-11,1.9905,2.8271,6.989699999999999,3952.4643,2.225
2020-02-12,2.0002,2.8337,6.9718,3984.4325,2.286
2020-02-13,2.0153,2.8256,6.9784999999999995,3959.9188,2.324
2020-02-14,2.0147,2.8628,6.984300000000001,3987.7342,2.233
2020-02-17,2.0057,2.8997,6.979500000000001,4077.4241,2.261
2020-02-18,1.9863,2.8679,6.9826,4057.5108,2.293
2020-02-19,1.9956,2.8732,7.0012,4051.3107,2.268
2020-02-20,1.9706,2.9026,7.0026,4144.6561,2.308
2020-02-21,1.982,2.8616,7.021,4149.4903,2.245
2020-02-24,1.9647,2.8219,7.0246,4132.8388,2.176
2020-02-25,1.9894,2.8194,7.0232,4123.8543,2.203
2020-02-26,1.975,2.8096,7.0126,4073.0152,2.183
2020-02-27,1.9953,2.7723,7.0215000000000005,4084.8759,2.192
2020-02-28,1.9154,2.7226,7.0066,3940.0488,2.374
2020-03-02,2.0146,2.7353,6.9811000000000005,4069.6662,2.129
2020-03-03,2.0113,2.7453,6.9516,4091.3615,2.094
2020-03-04,1.9602,2.6808,6.9514,4115.0524,2.052
2020-03-05,2.0072,2.6808,6.940300000000001,4206.7251,2.089
2020-03-06,1.9675,2.6333,6.933699999999999,4138.5072,2.035
2020-03-09,1.9671,2.5234,6.926,3997.1325,2.074
2020-03-10,1.9783,2.6128,6.938899999999999,4082.7315,2.241
2020-03-11,1.974,2.5981,6.9612,4028.4289,2.3
2020-03-12,1.9831,2.6467,6.964099999999999,3950.9111,2.309
2020-03-13,2.0373,2.6705,7.003299999999999,3895.3128,2.252
2020-03-16,1.9709,2.6732,7.0018,3727.8398,2.199
2020-03-17,1.9837,2.7154,7.0094,3709.6822,1.896
2020-03-18,1.9638,2.7016,7.0328,3636.2565,1.751
2020-03-19,1.9201,2.7395,7.0522,3589.0926,1.893
2020-03-20,1.93,2.7035,7.1052,3653.2239,1.945
2020-03-23,1.8702,2.6339,7.094,3530.3058,1.805
2020-03-24,1.8113,2.6265,7.099900000000001,3625.1146,1.693
2020-03-25,1.7708,2.629,7.0742,3722.5181,1.745
2020-03-26,1.7033,2.5996,7.0692,3698.0472,1.72
2020-03-27,1.7317,2.6126,7.042700000000001,3710.0605,1.769
2020-03-30,1.7541,2.6143,7.044700000000001,3674.1108,2.163
2020-03-31,1.7039,2.5996,7.085100000000001,3686.1551,2.147
2020-04-01,1.6219,2.5626,7.077100000000001,3675.0758,2.004
2020-04-02,1.642,2.5871,7.099500000000001,3734.5306,1.857
2020-04-03,1.6201,2.6404,7.1104,3713.2183,1.831
2020-04-07,1.3522,2.5303,7.0939000000000005,3798.0214,1.773
2020-04-08,1.2007,2.4947,7.0483,3780.3445,1.739
2020-04-09,1.1507,2.5102,7.0536,3792.8105,1.68
2020-04-10,1.2023,2.5494,7.0354,3769.1782,1.813
2020-04-13,1.2319,2.5685,7.03,3753.2566,1.851
2020-04-14,1.2018,2.5698,7.0406,3825.6991,1.707
2020-04-15,1.1915,2.5583,7.0402,3797.3623,1.632
2020-04-16,1.1807,2.5426,7.0714,3802.3806,1.657
2020-04-17,1.2001,2.5653,7.0718,3839.4871,1.737
2020-04-20,1.1807,2.6035,7.0657,3853.4551,1.734
2020-04-21,1.1751,2.5971,7.0752,3808.0474,1.606
2020-04-22,1.1818,2.5802,7.090300000000001,3839.3834,1.576
2020-04-23,1.1204,2.5259,7.0887,3829.7525,1.663
2020-04-24,1.1512,2.4852,7.0803,3796.9721,1.718
2020-04-26,,,,,1.658
2020-04-27,1.1229,2.5195,7.0703000000000005,3822.769,1.774
2020-04-28,1.1306,2.5088,7.071,3849.1465,1.62
2020-04-29,1.1412,2.4851,7.0704,3867.032,1.755
2020-04-30,1.1309,2.526,7.057100000000001,3912.5772,1.919
2020-05-06,1.1518,2.5617,7.069,3936.2539,1.865
2020-05-07,1.1512,2.6209,7.093100000000001,3924.8946,1.838
2020-05-08,1.1916,2.6137,7.0788,3963.6217,1.809
2020-05-09,,,,,1.481
2020-05-11,1.2631,2.6695,7.076899999999999,3960.1803,1.679
2020-05-12,1.2205,2.6737,7.091900000000001,3960.2378,1.568
2020-05-13,1.2323,2.6776,7.0875,3968.2529,1.485
2020-05-14,1.2114,2.6823,7.0948,3925.2177,1.514
2020-05-15,1.2606,2.6965,7.0936,3912.8159,1.657
2020-05-18,1.2006,2.7191,7.103,3922.9117,1.563
2020-05-19,1.2331,2.7279,7.0912,3956.2495,1.521
2020-05-20,1.3607,2.6825,7.0956,3935.222,1.534
2020-05-21,1.3669,2.6698,7.0868,3913.7949,1.556
2020-05-22,1.3108,2.5993,7.0939000000000005,3824.064,1.595
2020-05-25,1.3431,2.6852,7.1209,3829.3245,1.785
2020-05-26,1.4679,2.7359,7.1293,3872.7701,1.908
2020-05-27,1.5988,2.7556,7.1092,3845.6135,2.018
2020-05-28,1.5827,2.7217,7.127699999999999,3856.6324,2.179
2020-05-29,1.5673,2.7309,7.1316,3867.0232,2.151
2020-06-01,1.5863,2.7435,7.131500000000001,3971.3402,1.959
2020-06-02,1.7682,2.786,7.116700000000001,3983.5677,1.673
2020-06-03,1.9012,2.7905,7.1074,3983.6477,1.971
2020-06-04,1.9647,2.8252,7.1012,3982.1851,2.001
2020-06-05,2.0537,2.8452,7.096499999999999,4001.2509,1.987
2020-06-08,2.0199,2.8126,7.0882,4021.9549,1.942
2020-06-09,2.0793,2.825,7.0711,4047.0293,1.947
2020-06-10,2.0831,2.8226,7.0703000000000005,4039.7051,1.98
2020-06-11,2.0429,2.7751,7.0608,3995.8846,2.021
2020-06-12,1.9818,2.75,7.086499999999999,4003.0829,2.016
2020-06-15,1.9128,2.7607,7.0902,3954.9883,1.855
2020-06-16,2.0358,2.8351,7.075500000000001,4014.5702,1.891
2020-06-17,2.1776,2.8826,7.087299999999999,4017.5941,2.057
2020-06-18,2.1656,2.865,7.090300000000001,4044.3842,2.1
2020-06-19,2.2092,2.8704,7.0912999999999995,4098.7095,2.147
2020-06-22,2.2068,2.8903,7.086499999999999,4102.0459,2.15
2020-06-23,2.1942,2.9165,7.067100000000001,4121.7944,2.15
2020-06-24,2.193,2.8733,7.0555,4138.9895,2.173
2020-06-28,,,,,2.182
2020-06-29,2.1357,2.8541,7.0808,4109.7164,2.181
2020-06-30,2.1354,2.8405,7.0795,4163.9637,2.228
2020-07-01,2.0879,2.8465,7.071,4247.7835,2.095
2020-07-02,2.0781,2.8496,7.0566,4335.8445,2.006
2020-07-03,2.0714,2.9023,7.0638,4419.5955,1.98
2020-07-06,2.0949,2.995,7.066300000000001,4670.0949,1.794
2020-07-07,2.096,3.0019,7.031,4698.1264,2.092
2020-07-08,2.1047,3.0441,7.020700000000001,4774.0042,2.137
2020-07-09,2.1737,3.0815,7.0085,4840.7712,2.192
2020-07-10,2.2564,3.0361,6.994300000000001,4753.1333,2.203
2020-07-13,2.2337,3.0508,6.996499999999999,4852.9612,2.201
2020-07-14,2.2034,3.0209,6.9996,4806.6902,2.148
2020-07-15,2.2267,2.9609,6.9982,4744.4687,2.15
2020-07-16,2.2062,2.9411,6.991299999999999,4516.2532,2.249
2020-07-17,2.186,2.951,7.004300000000001,4544.7007,2.227
2020-07-20,2.2497,2.9466,6.9928,4680.3046,2.183
2020-07-21,2.2424,2.9111,6.9862,4691.0425,2.101
2020-07-22,2.2532,2.8912,6.9718,4714.4454,2.008
2020-07-23,2.2522,2.9023,6.9921,4712.4357,2.207
2020-07-24,2.2422,2.8623,6.9938,4505.5906,2.147
2020-07-27,2.2443,2.8761,7.0028999999999995,4528.45,2.202
2020-07-28,2.257,2.9129,6.9895000000000005,4568.2576,2.2
2020-07-29,2.2509,2.9394,6.996899999999999,4679.008,2.174
2020-07-30,2.2529,2.947,6.9902,4656.1506,2.183
2020-07-31,2.2541,2.9615,6.9848,4695.0462,2.236
2020-08-03,2.1977,2.9517,6.998,4771.3108,2.043
2020-08-04,2.1914,2.9392,6.980300000000001,4775.8024,2.143
2020-08-05,2.2054,2.9517,6.9752,4777.1089,2.062
2020-08-06,2.2521,2.977,6.9438,4762.7642,2.074
2020-08-07,2.2189,2.9867,6.9408,4707.9262,2.205
2020-08-10,2.2039,2.9622,6.964899999999999,4724.8697,2.202
2020-08-11,2.223,2.9522,6.971100000000001,4681.7837,2.249
2020-08-12,2.255,2.9547,6.9597,4647.6446,2.246
2020-08-13,2.2716,2.9597,6.942899999999999,4635.7126,2.237
2020-08-14,2.2663,2.9524,6.940499999999999,4704.6288,2.222
2020-08-17,2.2711,2.9377,6.9362,4815.2261,2.213
2020-08-18,2.2823,2.9673,6.932499999999999,4812.7564,2.19
2020-08-19,2.3675,2.9875,6.9168,4740.6784,2.204
2020-08-20,2.4369,2.9949,6.9274,4679.1544,2.249
2020-08-21,2.4386,2.9829,6.9107,4718.8431,2.28
2020-08-24,2.4474,2.9952,6.9194,4755.8491,2.23
2020-08-25,2.4811,3.0428,6.9183,4761.9507,2.241
2020-08-26,2.4859,3.0627,6.907900000000001,4706.1302,2.222
2020-08-27,2.4969,3.0577,6.890300000000001,4731.3451,2.182
2020-08-28,2.4884,3.0756,6.889100000000001,4844.2652,2.235
2020-08-31,2.4604,3.0281,6.860499999999999,4816.2153,2.228
2020-09-01,2.5085,3.0382,6.8498,4842.1223,2.211
2020-09-02,2.5294,3.1004,6.8376,4843.887,2.201
2020-09-03,2.5659,3.0959,6.831900000000001,4817.0952,2.197
2020-09-04,2.6058,3.1229,6.8359000000000005,4770.219,2.211
2020-09-07,2.6133,3.1531,6.8386,4669.3677,2.2
2020-09-08,2.5933,3.1263,6.8364,4694.3894,2.211
2020-09-09,2.583,3.0765,6.842300000000001,4584.5887,2.193
2020-09-10,2.5685,3.0764,6.833100000000001,4581.9775,2.128
2020-09-11,2.5904,3.1337,6.8389,4627.2826,2.162
2020-09-14,2.6018,3.1538,6.836099999999999,4651.0507,2.161
2020-09-15,2.5941,3.1043,6.8222,4688.4826,2.133
2020-09-16,2.6087,3.1266,6.7825,4657.3584,2.185
2020-09-17,2.6183,3.1343,6.767500000000001,4632.7142,2.199
2020-09-18,2.6121,3.1245,6.759100000000001,4737.0887,2.233
2020-09-21,2.6152,3.1094,6.759500000000001,4691.4281,2.262
2020-09-22,2.6108,3.0847,6.7872,4635.7608,2.332
2020-09-23,2.5876,3.0846,6.7986,4652.3273,2.149
2020-09-24,2.5865,3.0798,6.8028,4563.0657,2.148
2020-09-25,2.5939,3.1195,6.812099999999999,4570.0216,2.044
2020-09-27,,,,,1.953
2020-09-28,2.6025,3.12,6.8252,4581.9085,2.418
2020-09-29,2.6411,3.1325,6.817100000000001,4591.7993,2.283
2020-09-30,2.6025,3.1574,6.810099999999999,4587.3953,2.331
2020-10-09,2.6345,3.1878,6.7796,4681.1412,2.174
2020-10-10,,,,,2.029
2020-10-12,2.6666,3.1858,6.7126,4823.1578,2.073
2020-10-13,2.6611,3.1931,6.7296,4839.201,2.092
2020-10-14,2.6475,3.2131,6.747299999999999,4807.1021,2.136
2020-10-15,2.6962,3.2308,6.7374,4798.7361,2.191
2020-10-16,2.7047,3.231,6.7332,4791.676,2.199
2020-10-19,2.6946,3.1941,6.701,4755.4879,2.23
2020-10-20,2.6911,3.1965,6.693,4793.4672,2.261
2020-10-21,2.6731,3.1961,6.6781,4792.8284,2.207
2020-10-22,2.6545,3.1595,6.6556,4777.9845,2.19
2020-10-23,2.6656,3.1865,6.670300000000001,4718.4881,2.205
2020-10-26,2.6729,3.1968,6.672499999999999,4691.2359,2.227
2020-10-27,2.6875,3.1795,6.698899999999999,4699.2792,2.33
2020-10-28,2.7269,3.1819,6.719500000000001,4737.2718,2.385
2020-10-29,2.7279,3.1872,6.726,4772.9198,2.353
2020-10-30,2.7323,3.1898,6.7232,4695.3338,2.418
2020-11-02,2.7547,3.1801,6.705,4720.8313,2.464
2020-11-03,2.7329,3.1775,6.6956999999999995,4777.5608,2.18
2020-11-04,2.73,3.1797,6.6771,4813.6564,2.092
2020-11-05,2.7417,3.1822,6.689500000000001,4885.1118,2.071
2020-11-06,2.774,3.2075,6.629,4885.7178,2.215
2020-11-09,2.7859,3.2301,6.6123,4981.3497,2.272
2020-11-10,2.7847,3.2305,6.5897,4953.8756,2.269
2020-11-11,2.8105,3.2365,6.607,4904.8981,2.306
2020-11-12,2.8273,3.2527,6.6236,4908.463,2.335
2020-11-13,2.8489,3.2779,6.628499999999999,4856.8513,2.433
2020-11-16,2.8521,3.2752,6.6048,4904.1716,2.339
2020-11-17,2.8651,3.2878,6.5762,4894.786,2.238
2020-11-18,2.9381,3.3224,6.5592999999999995,4891.6716,2.21
2020-11-19,2.9766,3.3375,6.5484,4927.9891,2.231
2020-11-20,3.011,3.3305,6.5786,4943.2882,2.228
2020-11-23,2.9714,3.2724,6.5719,5005.0273,2.193
2020-11-24,2.9684,3.29,6.5809,4974.2855,2.232
2020-11-25,2.9503,3.2699,6.5748999999999995,4910.7,2.224
2020-11-26,2.9306,3.2826,6.578,4919.5912,2.294
2020-11-27,2.9106,3.3001,6.575500000000001,4980.765,2.336
2020-11-30,2.8257,3.2425,6.5782,4960.2519,2.356
2020-12-01,2.8529,3.2651,6.592099999999999,5067.0983,1.972
2020-12-02,2.8612,3.2976,6.561100000000001,5067.1447,1.925
2020-12-03,2.8887,3.2876,6.5592,5057.0603,2.104
2020-12-04,2.871,3.2653,6.550700000000001,5065.9163,2.116
2020-12-07,2.8635,3.2776,6.5362,5022.2351,2.119
2020-12-08,2.843,3.2577,6.532,5009.8786,2.101
2020-12-09,2.8413,3.2703,6.5311,4942.6986,2.074
2020-12-10,2.7862,3.2601,6.5476,4940.5249,2.063
2020-12-11,2.8387,3.2902,6.5405,4889.6292,2.178
2020-12-14,2.8307,3.2903,6.536099999999999,4934.8352,2.143
2020-12-15,2.7947,3.2753,6.5434,4945.1,2.062
2020-12-16,2.7333,3.278,6.535500000000001,4953.867,1.815
2020-12-17,2.7343,3.2827,6.5362,5017.4784,1.961
2020-12-18,2.7326,3.288,6.5315,4999.9678,2.148
2020-12-21,2.7029,3.2732,6.550700000000001,5046.8396,2.05
2020-12-22,2.6633,3.2282,6.5387,4964.7727,2.061
2020-12-23,2.6628,3.2153,6.5558,5007.1235,2.064
2020-12-24,2.6556,3.2254,6.536099999999999,5000.0154,1.774
2020-12-25,2.6251,3.1903,6.5333,5042.0137,2.151
2020-12-28,2.5817,3.1729,6.5236,5064.4147,2.133
2020-12-29,2.5549,3.1529,6.545100000000001,5042.9361,2.264
2020-12-30,2.5261,3.1359,6.5325,5113.7105,2.308
2020-12-31,2.4797,3.1432,6.5249,5211.2885,2.381
2021-01-04,2.5229,3.1808,6.5408,5267.7181,1.993
2021-01-05,2.5048,3.14,6.476,5368.5049,1.822
2021-01-06,2.4161,3.143,6.4604,5417.6677,1.966
2021-01-07,2.3538,3.1255,6.4608,5513.6568,1.855
2021-01-08,2.3185,3.1406,6.4708,5495.4306,2.141
2021-01-11,2.2614,3.1656,6.4764,5441.1583,2.148
2021-01-12,2.2115,3.1484,6.4823,5596.3525,1.985
2021-01-13,2.1572,3.129,6.4605,5577.9711,1.999
2021-01-14,2.2383,3.1167,6.4746,5470.4563,2.013
2021-01-15,2.3277,3.1463,6.463299999999999,5458.0812,2.124
2021-01-18,2.4147,3.161,6.4845,5518.5205,2.177
2021-01-19,2.4606,3.1609,6.488300000000001,5437.5234,2.267
2021-01-20,2.4384,3.1591,6.4836,5476.4336,2.493
2021-01-21,2.4162,3.137,6.4696,5564.9693,2.359
2021-01-22,2.4294,3.1214,6.4616999999999996,5569.776,2.271
2021-01-25,2.4877,3.1267,6.4819,5625.9232,2.296
2021-01-26,2.543,3.1686,6.484700000000001,5512.9678,2.728
2021-01-27,2.5845,3.1612,6.466499999999999,5528.0034,2.969
2021-01-28,2.6443,3.1887,6.4845,5377.1427,2.981
2021-01-29,2.7027,3.1814,6.470899999999999,5351.9646,3.071
2021-02-01,2.6251,3.1714,6.462300000000001,5417.6484,3.194
2021-02-02,2.6075,3.1764,6.4736,5501.0915,2.241
2021-02-03,2.6703,3.2123,6.466899999999999,5485.2008,2.146
2021-02-04,2.6985,3.2221,6.4605,5473.9475,2.324
2021-02-05,2.6919,3.2276,6.471,5483.414,2.338
2021-02-07,,,,,2.349
2021-02-08,2.6924,3.2343,6.4678,5564.5618,2.341
2021-02-09,2.6559,3.2248,6.4533,5686.2502,2.425
2021-02-10,2.6432,3.2449,6.439100000000001,5807.7191,2.217
2021-02-18,2.6801,3.2854,6.4536,5768.3814,2.213
2021-02-19,2.6738,3.2669,6.4624,5778.842,2.051
2021-02-20,,,,,1.964
2021-02-22,2.6326,3.2712,6.456300000000001,5597.3327,2.206
2021-02-23,2.6103,3.2727,6.4516,5579.6681,2.277
2021-02-24,2.5856,3.2623,6.461500000000001,5437.5683,2.114
2021-02-25,2.5783,3.2693,6.4522,5469.5584,2.215
2021-02-26,2.5942,3.2851,6.471299999999999,5336.7609,2.214
2021-03-01,2.5953,3.2551,6.4754,5418.7837,2.216
2021-03-02,2.5895,3.2494,6.4624999999999995,5349.6301,2.157
2021-03-03,2.6035,3.2609,6.456499999999999,5452.2125,1.89
2021-03-04,2.61,3.266,6.4758,5280.7058,2.161
2021-03-05,2.6261,3.2431,6.4904,5262.7958,1.999
2021-03-08,2.6178,3.2364,6.479500000000001,5080.0246,2.144
2021-03-09,2.6236,3.2455,6.5338,4970.9994,2.067
2021-03-10,2.6298,3.2514,6.5106,5003.6121,2.038
2021-03-11,2.6297,3.2509,6.497,5128.2156,2.06
2021-03-12,2.6343,3.2621,6.4845,5146.3786,2.134
2021-03-15,2.6484,3.2807,6.501,5035.5441,2.275
2021-03-16,2.6426,3.2691,6.5028999999999995,5079.3624,2.229
2021-03-17,2.6448,3.2638,6.4978,5100.8581,2.167
2021-03-18,2.6413,3.2636,6.485900000000001,5141.7681,2.197
2021-03-19,2.6326,3.2399,6.5098,5007.0907,2.199
2021-03-22,2.6441,3.2334,6.519100000000001,5057.152,2.163
2021-03-23,2.634,3.2315,6.5036,5009.2459,2.168
2021-03-24,2.5968,3.197,6.5228,4928.6853,1.992
2021-03-25,2.6013,3.1904,6.5282,4926.3469,2.194
2021-03-26,2.6135,3.2019,6.5376,5037.9899,2.173
2021-03-29,2.6217,3.2019,6.5416,5046.8773,2.158
2021-03-30,2.6142,3.2013,6.564099999999999,5094.7291,2.236
2021-03-31,2.5816,3.2069,6.571299999999999,5048.3607,2.251
2021-04-01,2.5927,3.2015,6.5584,5110.7768,2.155
2021-04-02,2.5792,3.1995,6.5649,5161.5569,2.145
2021-04-06,2.567,3.2099,6.552700000000001,5140.3418,2.045
2021-04-07,2.59,3.2225,6.5384,5103.7428,1.939
2021-04-08,2.5893,3.2278,6.5463000000000005,5112.2086,2.014
2021-04-09,2.5882,3.2208,6.5409,5035.3374,2.054
2021-04-12,2.5669,3.2008,6.5578,4947.7459,2.05
2021-04-13,2.5536,3.1729,6.5454,4939.6438,2.061
2021-04-14,2.5589,3.1757,6.5362,4980.6279,2.063
2021-04-15,2.5504,3.1781,6.529699999999999,4948.9741,2.058
2021-04-16,2.5465,3.1732,6.5288,4966.1811,2.199
2021-04-19,2.5417,3.1714,6.523299999999999,5087.0165,2.226
2021-04-20,2.5177,3.1624,6.510300000000001,5083.3654,2.196
2021-04-21,2.5162,3.1582,6.5046,5098.7449,2.133
2021-04-22,2.516,3.1674,6.4902,5089.2435,2.15
2021-04-23,2.4602,3.1686,6.4934,5135.4534,2.139
2021-04-25,,,,,2.2
2021-04-26,2.4909,3.2042,6.491299999999999,5077.2372,2.246
2021-04-27,2.433,3.2181,6.4924,5090.5195,2.234
2021-04-28,2.3997,3.199,6.4853,5119.2421,2.189
2021-04-29,2.376,3.1991,6.471500000000001,5164.1692,2.252
2021-04-30,2.3731,3.1617,6.4672,5123.489,2.336
2021-05-06,2.3355,3.1629,6.4895000000000005,5061.1244,2.152
2021-05-07,2.3161,3.166,6.4678,4996.0527,1.94
2021-05-08,,,,,1.909
2021-05-10,2.3247,3.166,6.442499999999999,4992.422,1.909
2021-05-11,2.3003,3.1513,6.4254,5023.0595,2.078
2021-05-12,2.2994,3.1431,6.4258,5044.5481,2.029
2021-05-13,2.2911,3.1564,6.4612,4992.9738,2.082
2021-05-14,2.3331,3.1359,6.4525,5110.5901,2.074
2021-05-17,2.3363,3.159,6.430700000000001,5184.9853,2.195
2021-05-18,2.342,3.1554,6.4357,5187.6013,2.196
2021-05-19,2.3405,3.1396,6.4255,5172.272,2.149
2021-05-20,2.3379,3.1084,6.4464,5186.412,2.165
2021-05-21,2.3394,3.0716,6.43,5134.1483,2.16
2021-05-24,2.3217,3.0889,6.4408,5155.5875,2.156
2021-05-25,2.3358,3.085,6.428300000000001,5318.478,2.254
2021-05-26,2.3196,3.0726,6.4099,5320.5927,2.269
2021-05-27,2.3319,3.086,6.403,5338.2329,2.262
2021-05-28,2.3875,3.1011,6.3858,5321.0886,2.278
2021-05-31,2.4148,3.0612,6.3682,5331.5696,2.502
2021-06-01,2.3871,3.0325,6.3572,5341.6798,2.233
2021-06-02,2.3888,3.065,6.377299999999999,5289.9736,2.156
2021-06-03,2.3342,3.0652,6.381100000000001,5255.2855,2.092
2021-06-04,2.3651,3.0927,6.4072,5282.2772,2.187
2021-06-07,2.4,3.1154,6.396300000000001,5277.6271,2.253
2021-06-08,2.4234,3.1101,6.390899999999999,5232.1165,2.267
2021-06-09,2.4302,3.1225,6.3956,5236.4493,2.271
2021-06-10,2.4329,3.1002,6.3972,5271.4661,2.146
2021-06-11,2.44,3.1251,6.3856,5224.703,2.169
2021-06-15,2.455,3.1202,6.407,5166.5597,2.237
2021-06-16,2.4672,3.1275,6.4078,5080.4909,2.198
2021-06-17,2.4979,3.1327,6.4298,5101.8924,2.179
2021-06-18,2.5299,3.1176,6.4361,5102.4657,2.206
2021-06-21,2.5338,3.0925,6.4546,5090.3854,2.257
2021-06-22,2.5323,3.0904,6.4613,5122.1583,2.337
2021-06-23,2.523,3.0833,6.4620999999999995,5147.3938,2.276
2021-06-24,2.5001,3.0857,6.4824,5155.9738,2.254
2021-06-25,2.4759,3.0857,6.4744,5239.9684,2.196
2021-06-28,2.4501,3.0954,6.4578,5251.7604,2.258
2021-06-29,2.4797,3.09,6.4567000000000005,5190.5445,2.431
2021-06-30,2.45,3.0775,6.4601,5224.041,2.405
2021-07-01,2.42,3.0899,6.470899999999999,5229.6642,2.186
2021-07-02,2.4022,3.085,6.4712,5081.1172,1.945
2021-07-05,2.3987,3.0775,6.469500000000001,5085.7924,2.034
2021-07-06,2.3998,3.0874,6.4613,5083.1043,2.046
2021-07-07,2.3999,3.06,6.4762,5140.4899,2.129
2021-07-08,2.3539,2.9975,6.4704999999999995,5088.2566,2.114
2021-07-09,2.3401,3.0052,6.4755,5069.4361,2.22
2021-07-12,2.313,2.9675,6.4784999999999995,5132.7088,2.163
2021-07-13,2.3001,2.945,6.475699999999999,5142.0991,2.193
2021-07-14,2.2868,2.915,6.4806,5083.0849,2.179
2021-07-15,2.2799,2.9579,6.464,5151.4626,2.178
2021-07-16,2.2871,2.95,6.4704999999999995,5094.7727,2.201
2021-07-19,2.26,2.9502,6.47,5113.4945,2.155
2021-07-20,2.2561,2.9333,6.485500000000001,5108.9941,2.198
2021-07-21,2.2101,2.9237,6.4835,5144.0428,2.218
2021-07-22,2.1998,2.9282,6.4651000000000005,5151.7517,2.18
2021-07-23,2.16,2.9203,6.465,5089.2282,2.143
2021-07-26,2.1198,2.8907,6.476300000000001,4925.299,2.214
2021-07-27,2.1723,2.9267,6.4734,4751.313,2.31
2021-07-28,2.2078,2.9139,6.4929,4760.4826,2.356
2021-07-29,2.1692,2.8951,6.4942,4850.2746,2.257
2021-07-30,2.1489,2.848,6.4602,4811.1695,2.284
2021-08-02,2.1211,2.8142,6.466,4933.736,2.071
2021-08-03,2.1166,2.83,6.461,4934.4583,2.041
2021-08-04,2.1398,2.8382,6.4655000000000005,4978.8479,2.04
2021-08-05,2.1392,2.8026,6.469100000000001,4948.6703,1.97
2021-08-06,2.1416,2.8125,6.4624999999999995,4921.5647,1.994
2021-08-09,2.1837,2.86,6.484,4985.5627,2.145
2021-08-10,2.2257,2.865,6.4842,5043.148,2.348
2021-08-11,2.1905,2.885,6.4831,5015.3406,2.147
2021-08-12,2.1974,2.8724,6.4754,4973.3509,2.15
2021-08-13,2.2096,2.8674,6.479900000000001,4945.9829,2.197
2021-08-16,2.2019,2.8823,6.471699999999999,4941.0676,2.193
2021-08-17,2.1968,2.8774,6.4765,4837.4034,2.139
2021-08-18,2.2091,2.8448,6.4915,4894.2384,2.054
2021-08-19,2.2089,2.8349,6.4853,4862.1394,2.091
2021-08-20,2.2393,2.8449,6.4984,4769.2678,2.115
2021-08-23,2.2865,2.8649,6.496899999999999,4835.8782,2.16
2021-08-24,2.2712,2.8649,6.480499999999999,4888.3902,2.224
2021-08-25,2.2766,2.8399,6.4728,4898.1572,2.311
2021-08-26,2.2906,2.8773,6.473,4801.6094,2.319
2021-08-27,2.2996,2.8674,6.486300000000001,4827.0433,2.329
2021-08-30,2.2769,2.8498,6.4677,4813.2703,2.308
2021-08-31,2.2706,2.8523,6.467900000000001,4805.6099,2.322
2021-09-01,2.2515,2.8178,6.468,4869.4587,2.104
2021-09-02,2.2564,2.8273,6.4594,4869.4113,2.075
2021-09-03,2.2695,2.8299,6.457699999999999,4843.0624,2.059
2021-09-06,2.2677,2.8349,6.4529,4933.7262,2.151
2021-09-07,2.2999,2.8549,6.4533,4992.8294,2.198
2021-09-08,2.31,2.8673,6.4674,4972.1324,2.201
2021-09-09,2.3198,2.8723,6.461500000000001,4970.0133,2.158
2021-09-10,2.35,2.8649,6.4566,5013.5219,2.199
2021-09-13,2.3649,2.8824,6.449699999999999,4991.6598,2.203
2021-09-14,2.39,2.8928,6.45,4917.1617,2.28
2021-09-15,2.39,2.8949,6.4492,4867.3187,2.213
2021-09-16,2.3999,2.8875,6.433,4807.6978,2.234
2021-09-17,2.3901,2.875,6.452700000000001,4855.9402,2.398
2021-09-18,,,,,2.234
2021-09-22,2.3799,2.8603,6.4693,4821.7675,2.232
2021-09-23,2.34,2.8573,6.474899999999999,4853.1957,2.189
2021-09-24,2.33,2.868,6.459900000000001,4849.4277,2.219
2021-09-26,,,,,2.19
2021-09-27,2.37,2.8767,6.469500000000001,4877.3698,1.984
2021-09-28,2.39,2.8825,6.4608,4883.828,2.115
2021-09-29,2.374,2.8667,6.4662,4833.9281,2.45
2021-09-30,2.3501,2.868,6.4854,4866.3826,2.266
2021-10-08,2.3743,2.9052,6.4604,4929.9409,2.17
2021-10-09,,,,,1.896
2021-10-11,2.3829,2.962,6.447900000000001,4936.1918,2.199
2021-10-12,2.3806,2.9608,6.444700000000001,4883.8369,2.167
2021-10-13,2.3499,2.9635,6.4612,4940.1089,2.202
2021-10-14,2.336,2.9564,6.4414,4913.6123,2.198
2021-10-15,2.3371,2.9619,6.4386,4932.1084,2.132
2021-10-18,2.3761,3.0295,6.43,4874.7753,2.174
2021-10-19,2.3819,3.005,6.430700000000001,4922.7232,2.283
2021-10-20,2.3767,3.0068,6.406899999999999,4910.1846,2.221
2021-10-21,2.3683,2.9644,6.389,4928.0156,2.055
2021-10-22,2.3553,2.976,6.4032,4959.7254,2.056
2021-10-25,2.3463,2.9815,6.3924,4979.5235,2.243
2021-10-26,2.3499,2.9787,6.389,4963.0984,2.262
2021-10-27,2.3418,2.9709,6.3856,4898.1644,2.268
2021-10-28,2.3346,2.9639,6.3957,4864.138,2.301
2021-10-29,2.3364,2.9692,6.390700000000001,4908.7701,2.299
2021-11-01,2.3554,2.9426,6.4192,4890.6851,2.168
2021-11-02,2.3056,2.9172,6.400899999999999,4839.8457,2.185
2021-11-03,2.301,2.9329,6.407900000000001,4821.1119,2.137
2021-11-04,2.3003,2.9288,6.3943,4868.7419,2.132
2021-11-05,2.2939,2.8914,6.398,4842.3458,2.129
2021-11-08,2.2821,2.8938,6.395900000000001,4848.1795,2.121
2021-11-09,2.2938,2.8936,6.390300000000001,4846.7444,2.191
2021-11-10,2.2812,2.9009,6.3948,4821.1925,2.142
2021-11-11,2.2857,2.9287,6.414499999999999,4898.6529,2.113
2021-11-12,2.276,2.9287,6.406499999999999,4888.3749,2.124
2021-11-15,2.2741,2.9168,6.3896,4882.3777,2.1
2021-11-16,2.2666,2.9173,6.3924,4883.3206,2.096
2021-11-17,2.2857,2.9223,6.3935,4885.7544,2.182
2021-11-18,2.2957,2.9103,6.380300000000001,4837.6185,2.172
2021-11-19,2.2619,2.9303,6.382499999999999,4890.0575,2.171
2021-11-22,2.2574,2.9151,6.3952,4912.399,2.109
2021-11-23,2.2797,2.8909,6.392899999999999,4913.3457,2.17
2021-11-24,2.2659,2.8554,6.390300000000001,4916.6579,2.269
2021-11-25,2.2528,2.85,6.398,4896.4416,2.231
2021-11-26,2.2383,2.825,6.3936,4860.1265,2.247
2021-11-29,2.2437,2.8275,6.3872,4851.423,2.239
2021-11-30,2.2182,2.83,6.3794,4832.026,2.297
2021-12-01,2.2445,2.8375,6.369299999999999,4843.851,2.121
2021-12-02,2.2473,2.8575,6.371900000000001,4856.163,2.1
2021-12-03,2.2552,2.8725,6.3738,4901.0175,2.078
2021-12-06,2.2463,2.815,6.3702,4892.6209,2.129
2021-12-07,2.2555,2.845,6.3738,4922.1015,2.159
2021-12-08,2.2657,2.8575,6.367699999999999,4995.9298,2.202
2021-12-09,2.2768,2.8524,6.3498,5078.6901,2.22
2021-12-10,2.3008,2.8425,6.3702,5055.1172,2.184
2021-12-13,2.2813,2.8575,6.366899999999999,5083.8007,2.197
2021-12-14,2.2771,2.8425,6.367500000000001,5049.6953,2.21
2021-12-15,2.3007,2.845,6.3716,5005.8991,2.201
2021-12-16,2.2957,2.8574,6.3637,5034.7321,2.209
2021-12-17,2.3052,2.8475,6.365100000000001,4954.7599,2.151
2021-12-20,2.3354,2.8549,6.393299999999999,4880.4178,2.121
2021-12-21,2.3794,2.8524,6.3729,4913.4853,2.087
2021-12-22,2.3603,2.831,6.3703,4914.4544,2.012
2021-12-23,2.3372,2.8124,6.365100000000001,4948.7389,2.023
2021-12-24,2.339,2.8199,6.3692,4921.3449,1.943
2021-12-27,2.3548,2.8124,6.3686,4919.3238,2.312
2021-12-28,2.3466,2.8059,6.3728,4955.9644,2.245
2021-12-29,2.3158,2.7899,6.373500000000001,4883.4804,2.25
2021-12-30,2.2918,2.7599,6.3674,4921.5109,2.321
2021-12-31,2.2321,2.7699,6.375699999999999,4940.3733,2.271
2022-01-04,2.2382,2.7874,6.3794,4917.7653,2.099
2022-01-05,2.2223,2.8,6.3779,4868.1202,2.148
2022-01-06,2.2283,2.8205,6.3728,4818.2318,2.042
2022-01-07,2.2184,2.8175,6.3742,4822.3689,2.103
2022-01-10,2.2015,2.8,6.3652999999999995,4844.0451,2.093
2022-01-11,2.195,2.7975,6.3684,4797.7735,2.131
2022-01-12,2.1806,2.796,6.3658,4845.5787,2.098
2022-01-13,2.1821,2.792,6.3542,4765.9191,2.202
2022-01-14,2.1826,2.7888,6.367699999999999,4726.7317,2.213
2022-01-17,2.1548,2.7869,6.3599000000000006,4767.2762,2.183
2022-01-18,2.1301,2.757,6.352099999999999,4813.3472,2.088
2022-01-19,2.0524,2.7236,6.3624,4780.3784,2.127
2022-01-20,2.0271,2.7312,6.3485,4823.5091,2.113
2022-01-21,2.0003,2.7141,6.3492,4779.3142,2.112
2022-01-24,1.9504,2.6878,6.341100000000001,4786.7377,2.132
2022-01-25,1.9605,2.6882,6.3418,4678.4511,2.093
2022-01-26,1.9941,2.7202,6.3246,4712.3109,2.088
2022-01-27,1.9939,2.7321,6.3382,4619.8765,2.12
2022-01-28,1.9729,2.7151,6.3746,4563.772,2.25
2022-01-29,,,,,2.251
2022-01-30,,,,,2.272
2022-02-07,1.9401,2.7306,6.358,4634.0899,2.102
2022-02-08,1.9199,2.7221,6.3568999999999996,4608.7729,2.087
2022-02-09,1.8928,2.7379,6.3652999999999995,4652.0609,2.01
2022-02-10,1.8748,2.7358,6.3599000000000006,4639.8625,1.965
2022-02-11,1.9215,2.7933,6.368099999999999,4601.3953,2.021
2022-02-14,1.8886,2.7995,6.3664,4551.6878,2.023
2022-02-15,1.8901,2.7962,6.360499999999999,4600.1025,2.0
2022-02-16,1.8832,2.7982,6.3463,4617.9893,2.057
2022-02-17,1.9137,2.7812,6.3321,4629.1649,2.002
2022-02-18,1.9747,2.8025,6.334300000000001,4651.2358,2.098
2022-02-21,2.0206,2.8397,6.3401,4634.3141,2.14
2022-02-22,2.0726,2.842,6.348700000000001,4574.1527,2.191
2022-02-23,2.0868,2.8185,6.3313,4623.0465,2.176
2022-02-24,2.0849,2.7984,6.328,4529.3189,2.187
2022-02-25,2.0632,2.7929,6.3346,4573.4247,2.322
2022-02-28,2.022,2.7926,6.3222,4581.6459,2.249
2022-03-01,2.0515,2.816,6.3014,4619.6862,2.029
2022-03-02,2.0806,2.8305,6.335100000000001,4578.6007,2.046
2022-03-03,2.1101,2.8527,6.3016,4551.6283,2.005
2022-03-04,2.1064,2.8273,6.3288,4496.4301,2.048
2022-03-07,2.0881,2.831,6.3478,4352.7775,2.068
2022-03-08,2.087,2.8309,6.318499999999999,4265.391,2.114
2022-03-09,2.133,2.8599,6.3178,4226.3463,2.059
2022-03-10,2.1318,2.8626,6.310499999999999,4292.8374,2.082
2022-03-11,2.1455,2.8252,6.3306,4306.5217,2.102
2022-03-14,2.1166,2.7784,6.3506,4174.7577,2.104
2022-03-15,2.1615,2.8231,6.376,3983.812,2.122
2022-03-16,2.1934,2.8151,6.38,4156.081,2.115
2022-03-17,2.1929,2.8086,6.3406,4237.6956,2.083
2022-03-18,2.1664,2.7973,6.342499999999999,4265.9017,2.073
2022-03-21,2.1879,2.8085,6.367699999999999,4258.7459,2.104
2022-03-22,2.2066,2.8353,6.3664,4255.295,2.073
2022-03-23,2.1799,2.8279,6.3558,4276.5174,2.074
2022-03-24,2.1849,2.8054,6.364,4251.3061,2.056
2022-03-25,2.1844,2.7973,6.373900000000001,4174.5742,2.207
2022-03-28,2.2015,2.7904,6.3732,4148.4663,2.188
2022-03-29,2.1946,2.7925,6.364,4134.1441,2.145
2022-03-30,2.1881,2.77,6.3566,4254.0989,2.171
2022-03-31,2.1564,2.7874,6.3482,4222.5968,2.197
2022-04-01,2.144,2.7729,6.350899999999999,4276.158,2.017
2022-04-02,,,,,1.837
2022-04-06,2.1255,2.7649,6.379900000000001,4263.8411,2.004
2022-04-07,2.1085,2.7449,6.365900000000001,4209.0998,2.051
2022-04-08,2.1033,2.7499,6.3652999999999995,4230.7669,1.985
2022-04-11,2.1118,2.7674,6.3645,4100.0703,1.947
2022-04-12,2.1099,2.7624,6.379500000000001,4179.9727,2.04
2022-04-13,2.109,2.7598,6.3752,4139.737,1.966
2022-04-14,2.0688,2.7598,6.354,4191.5684,1.905
2022-04-15,2.0451,2.7624,6.3896,4188.7472,1.822
2022-04-18,2.0564,2.8024,6.3763000000000005,4166.3844,1.876
2022-04-19,2.0687,2.8149,6.372,4134.9017,1.801
2022-04-20,2.0413,2.8289,6.3996,4070.7889,1.937
2022-04-21,2.0278,2.8259,6.4098,3995.83,1.804
2022-04-22,1.9753,2.8348,6.4596,4013.2498,1.7
2022-04-24,,,,,1.809
2022-04-25,1.8889,2.8198,6.490899999999999,3814.9127,1.712
2022-04-26,1.9395,2.8247,6.559,3784.1198,1.681
2022-04-27,2.0767,2.8398,6.5598,3895.5361,1.743
2022-04-28,2.1083,2.8474,6.5628,3921.1073,1.88
2022-04-29,2.1124,2.8349,6.617699999999999,4016.241,2.006
2022-05-05,2.1147,2.8298,6.5672,4010.2102,1.903
2022-05-06,2.0461,2.8249,6.6332,3908.815,1.789
2022-05-07,,,,,1.699
2022-05-09,2.0427,2.8198,6.689900000000001,3877.4364,1.814
2022-05-10,2.0305,2.8023,6.7134,3919.8684,1.63
2022-05-11,2.0499,2.8223,6.729,3976.4231,1.708
2022-05-12,2.0297,2.81,6.7292,3958.74,1.714
2022-05-13,2.0112,2.8152,6.7898,3988.6002,1.671
2022-05-16,2.0056,2.8225,6.787100000000001,3956.5378,1.714
2022-05-17,1.9869,2.8156,6.7854,4005.8934,1.584
2022-05-18,1.935,2.8069,6.7421,3991.9069,1.647
2022-05-19,1.9306,2.8071,6.7524,3999.5984,1.654
2022-05-20,1.9468,2.8152,6.7487,4077.5998,1.665
2022-05-23,1.9538,2.8003,6.6756,4053.9823,1.693
2022-05-24,1.9603,2.7987,6.6566,3959.1541,1.681
2022-05-25,1.9749,2.7891,6.655,3983.1784,1.785
2022-05-26,1.9297,2.7419,6.6766,3993.0446,1.765
2022-05-27,1.9119,2.7084,6.738700000000001,4001.2988,1.777
2022-05-30,1.9235,2.7228,6.7048,4029.0179,1.814
2022-05-31,1.9267,2.7425,6.6607,4091.5176,1.898
2022-06-01,1.9326,2.75,6.665100000000001,4083.1772,1.652
2022-06-02,1.9541,2.76,6.7095,4089.5682,1.674
2022-06-06,2.0088,2.7725,6.6691,4166.085,1.701
2022-06-07,2.0242,2.76,6.664899999999999,4179.1285,1.708
2022-06-08,2.0089,2.765,6.6634,4219.8122,1.689
2022-06-09,2.0067,2.7575,6.681100000000001,4175.6747,1.707
2022-06-10,2.0069,2.76,6.6994,4238.9936,1.675
2022-06-13,2.0132,2.7625,6.7182,4189.3527,1.7
2022-06-14,2.0401,2.77,6.7482,4222.3114,1.656
2022-06-15,2.037,2.7777,6.7518,4278.2178,1.708
2022-06-16,2.0373,2.773,6.709900000000001,4250.0614,1.688
2022-06-17,2.0127,2.7675,6.6923,4309.0444,1.737
2022-06-20,2.0086,2.7826,6.712,4330.4328,1.829
2022-06-21,2.0075,2.7826,6.6851,4325.5657,1.796
2022-06-22,1.9991,2.775,6.7109,4270.6227,1.783
2022-06-23,2.0066,2.7799,6.7079,4343.8781,1.755
2022-06-24,2.0086,2.7925,6.7,4394.7723,1.85
2022-06-27,2.0448,2.835,6.685,4444.2639,1.992
2022-06-28,2.0265,2.8428,6.693,4490.5166,1.98
2022-06-29,2.0342,2.8375,6.703500000000001,4421.357,2.025
2022-06-30,2.0163,2.8109,6.7114,4485.0108,2.2
2022-07-01,2.002,2.8124,6.686300000000001,4466.7179,1.798
2022-07-04,2.0471,2.8429,6.7071000000000005,4496.0303,1.624
2022-07-05,2.0425,2.8373,6.6986,4489.5383,1.669
2022-07-06,2.03,2.8298,6.7246,4423.9698,1.641
2022-07-07,2.0304,2.8348,6.714300000000001,4443.4736,1.626
2022-07-08,2.024,2.8408,6.7098,4428.781,1.651
2022-07-11,2.0202,2.8279,6.696,4354.6167,1.627
2022-07-12,2.018,2.8124,6.728700000000001,4313.6184,1.621
2022-07-13,2.0116,2.8049,6.7282,4321.4617,1.617
2022-07-14,1.9827,2.7924,6.7265,4322.0742,1.629
2022-07-15,1.9595,2.782,6.750300000000001,4248.5273,1.593
2022-07-18,1.9388,2.785,6.744700000000001,4292.5858,1.646
2022-07-19,1.9358,2.7855,6.745100000000001,4269.3401,1.629
2022-07-20,1.9341,2.7733,6.746499999999999,4283.8027,1.679
2022-07-21,1.9299,2.7608,6.762,4236.0578,1.679
2022-07-22,1.9155,2.7838,6.7522,4238.2341,1.635
2022-07-25,1.9063,2.7771,6.754300000000001,4212.6441,1.639
2022-07-26,1.8826,2.7697,6.7483,4245.9758,1.632
2022-07-27,1.8661,2.7745,6.7731,4225.0357,1.613
2022-07-28,1.8754,2.7845,6.7411,4225.6733,1.546
2022-07-29,1.851,2.754,6.7437,4170.1019,1.705
2022-08-01,1.8197,2.731,6.746700000000001,4188.6784,1.56
2022-08-02,1.7691,2.7279,6.7462,4107.024,1.526
2022-08-03,1.763,2.7284,6.781299999999999,4066.9754,1.385
2022-08-04,1.7357,2.7268,6.7636,4101.5367,1.381
2022-08-05,1.7575,2.7356,6.740499999999999,4156.9111,1.384
2022-08-08,1.788,2.7406,6.769500000000001,4148.0746,1.391
2022-08-09,1.86,2.7418,6.7584,4156.2907,1.409
2022-08-10,1.8619,2.7416,6.7612,4109.7373,1.43
2022-08-11,1.8763,2.7364,6.7324,4193.5428,1.404
2022-08-12,1.862,2.7415,6.741299999999999,4191.152,1.413
2022-08-15,1.7084,2.6591,6.741,4185.6794,1.425
2022-08-16,1.7005,2.6365,6.773,4177.837,1.392
2022-08-17,1.7118,2.6447,6.786300000000001,4216.9586,1.467
2022-08-18,1.7154,2.6102,6.7802,4180.0996,1.479
2022-08-19,1.7236,2.58,6.8065,4151.0738,1.509
2022-08-22,1.714,2.585,6.8198,4181.3965,1.5089
2022-08-23,1.7522,2.605,6.8523000000000005,4161.0823,1.499
2022-08-24,1.7785,2.605,6.8388,4082.4195,1.445
2022-08-25,1.7887,2.631,6.8536,4116.2396,1.515
2022-08-26,1.8145,2.64,6.8486,4107.5455,1.745
2022-08-29,1.7971,2.6375,6.8698,4089.5205,1.639
2022-08-30,1.75,2.612,6.8802,4075.7937,1.649
2022-08-31,1.7301,2.6276,6.8906,4078.8402,1.78
2022-09-01,1.7302,2.6128,6.882099999999999,4043.7395,1.497
2022-09-02,1.7199,2.6127,6.891699999999999,4023.6131,1.51
2022-09-05,1.7049,2.6153,6.8998,4015.4264,1.409
2022-09-06,1.7119,2.6125,6.9096,4052.2802,1.449
2022-09-07,1.7055,2.6115,6.916,4054.983,1.524
2022-09-08,1.7342,2.6255,6.9148,4037.6839,1.502
2022-09-09,1.7562,2.6452,6.9098,4093.7874,1.476
2022-09-13,1.7579,2.64,6.8928,4111.1145,1.521
2022-09-14,1.78,2.6625,6.9116,4065.359,1.557
2022-09-15,1.813,2.6651,6.910099999999999,4027.1186,1.547
2022-09-16,1.811,2.6773,6.930499999999999,3932.6826,1.643
2022-09-19,1.8281,2.6725,6.9396,3928.0001,1.699
2022-09-20,1.8421,2.662,6.9468,3932.8361,1.687
2022-09-21,1.838,2.6437,6.9536,3903.7348,1.726
2022-09-22,1.825,2.644,6.9798,3869.344,1.646
2022-09-23,1.8381,2.6634,6.992,3856.0212,1.608
2022-09-26,1.8636,2.6975,7.0298,3836.6773,1.84
2022-09-27,1.865,2.6838,7.0722,3892.295,1.697
2022-09-28,1.876,2.7125,7.1107000000000005,3828.7098,1.747
2022-09-29,1.9032,2.7529,7.1102,3827.1434,2.015
2022-09-30,1.9024,2.75,7.0998,3804.8853,2.055
2022-10-08,,,,,1.699
2022-10-09,,,,,1.616
2022-10-10,1.8063,2.732,7.0992,3720.9365,1.497
2022-10-11,1.8059,2.745,7.107500000000001,3727.6867,1.621
2022-10-12,1.8051,2.7366,7.1103000000000005,3784.3064,1.611
2022-10-13,1.8033,2.7273,7.110099999999999,3752.6729,1.638
2022-10-14,1.785,2.6975,7.1088,3842.4698,1.594
2022-10-17,1.7911,2.7075,7.109500000000001,3846.4119,1.558
2022-10-18,1.783,2.7005,7.1086,3838.2667,1.53
2022-10-19,1.784,2.705,7.110499999999999,3776.5335,1.547
2022-10-20,1.7967,2.7255,7.1188,3754.9269,1.581
2022-10-21,1.7849,2.7304,7.1186,3742.8929,1.682
2022-10-24,1.788,2.7154,7.123,3633.3733,1.726
2022-10-25,1.7869,2.7277,7.1668,3627.4542,1.876
2022-10-26,1.7854,2.7231,7.1638,3656.9027,1.995
2022-10-27,1.7619,2.696,7.157,3631.1448,2.013
2022-10-28,1.7431,2.6717,7.1698,3541.3295,1.963
2022-10-31,1.7312,2.641,7.1768,3508.7034,1.952
2022-11-01,1.7476,2.6674,7.208099999999999,3634.1732,1.829
2022-11-02,1.7648,2.6779,7.2197,3677.8051,1.771
2022-11-03,1.76,2.6769,7.2472,3647.8966,1.718
2022-11-04,1.7631,2.6949,7.2555000000000005,3767.1746,1.702
2022-11-07,1.7576,2.6973,7.2292,3775.2971,1.786
2022-11-08,1.7782,2.6899,7.215,3749.3251,1.812
2022-11-09,1.8065,2.6923,7.2189,3714.2704,1.855
2022-11-10,1.8389,2.6998,7.2422,3685.6885,1.938
2022-11-11,1.9125,2.7349,7.1907000000000005,3788.4387,1.888
2022-11-14,2.0759,2.8348,7.089900000000001,3794.0171,1.846
2022-11-15,2.11,2.8174,7.0421,3865.9726,1.929
2022-11-16,2.1813,2.8372,7.036300000000001,3834.3899,1.998
2022-11-17,2.1955,2.8071,7.065500000000001,3818.664,1.863
2022-11-18,2.1762,2.8173,7.109100000000001,3801.5686,1.791
2022-11-21,2.1395,2.82,7.1256,3769.1269,1.675
2022-11-22,2.1319,2.825,7.1667000000000005,3769.5727,1.665
2022-11-23,2.121,2.8174,7.128099999999999,3773.5287,1.673
2022-11-24,2.0528,2.8016,7.120099999999999,3756.8082,1.769
2022-11-25,2.0932,2.8372,7.133900000000001,3775.7764,1.744
2022-11-28,2.0825,2.8639,7.1617,3733.2424,1.881
2022-11-29,2.1165,2.8854,7.198899999999999,3848.4224,1.865
2022-11-30,2.1416,2.8802,7.176899999999999,3853.0365,1.915
2022-12-01,2.1445,2.8727,7.1225,3894.7687,1.729
2022-12-02,2.1632,2.8653,7.0542,3870.9478,1.693
2022-12-05,2.1396,2.8804,7.0384,3946.8759,1.689
2022-12-06,2.1486,2.913,6.9746,3968.1979,1.677
2022-12-07,2.175,2.8858,6.9975000000000005,3958.4409,1.663
2022-12-08,2.252,2.8708,6.9606,3959.1798,1.71
2022-12-09,2.2818,2.8958,6.9588,3998.2442,1.759
2022-12-12,2.3043,2.8936,6.956499999999999,3953.4433,1.61
2022-12-13,2.3347,2.901,6.9746,3945.6813,1.748
2022-12-14,2.2986,2.8704,6.953500000000001,3954.8857,1.669
2022-12-15,2.2928,2.8815,6.9343,3951.9885,1.626
2022-12-16,2.2974,2.8813,6.979100000000001,3954.227,1.752
2022-12-19,2.285,2.8689,6.9746,3893.2207,1.8
2022-12-20,2.301,2.8617,6.9860999999999995,3829.0173,1.807
2022-12-21,2.305,2.8618,6.965,3830.5384,1.687
2022-12-22,2.273,2.8541,6.971299999999999,3836.028,1.579
2022-12-23,2.2552,2.8415,6.981,3828.2188,1.687
2022-12-26,2.256,2.845,6.982499999999999,3843.4887,1.961
2022-12-27,2.253,2.862,6.9546,3887.854,2.004
2022-12-28,2.2579,2.8617,6.9681,3871.2644,2.019
2022-12-29,2.201,2.8391,6.979299999999999,3856.7007,2.261
2022-12-30,2.1491,2.8436,6.9646,3871.6338,2.223
2023-01-03,2.1058,2.842,6.947500000000001,3887.8992,1.92
2023-01-04,2.0684,2.812,6.913100000000001,3892.9477,1.582
2023-01-05,2.0813,2.8242,6.8926,3968.5782,1.388
2023-01-06,2.1026,2.8343,6.8912,3980.8888,1.58
2023-01-09,2.1054,2.8366,6.826499999999999,4013.1196,1.729
2023-01-10,2.1287,2.8642,6.761100000000001,4017.4737,1.933
2023-01-11,2.1553,2.8716,6.7756,4010.0309,1.996
2023-01-12,2.1229,2.8718,6.768,4017.8692,1.992
2023-01-13,2.1321,2.8813,6.7292,4074.3772,1.94
2023-01-16,2.1359,2.9216,6.713500000000001,4137.9643,2.054
2023-01-17,2.1418,2.913,6.7222,4137.2422,2.195
2023-01-18,2.1215,2.9204,6.7602,4130.3143,2.135
2023-01-19,2.1532,2.9185,6.7674,4156.0077,2.281
2023-01-20,2.1631,2.9285,6.7702,4181.5267,1.988
2023-01-28,,,,,1.915
2023-01-29,,,,,1.854
2023-01-30,2.1735,2.9167,6.7626,4201.345,2.05
2023-01-31,2.1538,2.9005,6.7604,4156.8578,2.121
2023-02-01,2.1605,2.9143,6.7492,4195.9332,2.045
2023-02-02,2.1519,2.9017,6.713,4181.1493,1.959
2023-02-03,2.1438,2.899,6.7382,4141.6319,1.85
2023-02-06,2.152,2.9038,6.773699999999999,4086.8779,2.007
2023-02-07,2.1584,2.8937,6.7967,4094.2335,2.086
2023-02-08,2.154,2.8984,6.7752,4076.1411,2.194
2023-02-09,2.1735,2.8908,6.7905,4130.8565,2.198
2023-02-10,2.1694,2.8994,6.7884,4106.3097,1.961
2023-02-13,2.1842,2.8985,6.815100000000001,4143.574,1.923
2023-02-14,2.1708,2.8964,6.8136,4145.2902,2.007
2023-02-15,2.1842,2.8945,6.818300000000001,4123.6893,1.996
2023-02-16,2.1707,2.8888,6.8519000000000005,4093.4876,2.095
2023-02-17,2.1922,2.8939,6.865900000000001,4034.507,2.198
2023-02-20,2.2199,2.9116,6.864300000000001,4133.4896,2.104
2023-02-21,2.2216,2.923,6.8557,4144.3536,2.136
2023-02-22,2.2333,2.9196,6.875900000000001,4106.9506,2.158
2023-02-23,2.2489,2.9254,6.9028,4103.6463,2.163
2023-02-24,2.2931,2.9256,6.8942,4061.0457,2.243
2023-02-27,2.313,2.9181,6.9572,4043.8444,2.177
2023-02-28,2.3216,2.9155,6.951900000000001,4069.4587,2.352
2023-03-01,2.3163,2.8965,6.94,4126.9415,2.09
2023-03-02,2.31,2.9078,6.8808,4117.7377,1.993
2023-03-03,2.3098,2.9109,6.9117,4130.5513,1.931
2023-03-06,2.2841,2.8828,6.8951,4109.0102,1.816
2023-03-07,2.2743,2.8729,6.9156,4048.8519,1.873
2023-03-08,2.2581,2.8804,6.9525,4034.1077,1.915
2023-03-09,2.2603,2.8731,6.9666,4019.8505,1.921
2023-03-10,2.2198,2.8706,6.9655000000000005,3967.1352,2.013
2023-03-13,2.2412,2.8717,6.937500000000001,4008.686,1.959
2023-03-14,2.2471,2.8638,6.894899999999999,3984.6956,2.055
2023-03-15,2.2681,2.8684,6.868,3986.902,2.089
2023-03-16,2.2499,2.8559,6.914899999999999,3939.1505,2.177
2023-03-17,2.23,2.855,6.9052,3958.8194,2.086
2023-03-20,2.2324,2.8525,6.8694,3939.077,2.163
2023-03-21,2.2453,2.8611,6.8763000000000005,3982.3782,2.198
2023-03-22,2.2507,2.8612,6.871500000000001,3999.4427,2.078
2023-03-23,2.2428,2.8612,6.8709,4039.0895,1.937
2023-03-24,2.2783,2.8763,6.8374,4027.0457,1.703
2023-03-27,2.2721,2.8589,6.8714,4012.4771,2.117
2023-03-28,2.2548,2.8571,6.874899999999999,3999.5147,2.028
2023-03-29,2.2664,2.8561,6.8771,4006.144,2.157
2023-03-30,2.2688,2.861,6.8886,4038.5257,2.144
2023-03-31,2.2582,2.8563,6.8717,4050.9257,2.215
2023-04-03,2.2043,2.8623,6.8805,4090.5676,1.924
2023-04-04,2.1981,2.8598,6.8699,4103.1052,1.87
2023-04-06,2.2075,2.8613,6.874700000000001,4096.64,1.978
2023-04-07,2.2306,2.8489,6.8838,4123.2799,1.997
2023-04-10,2.2289,2.8464,6.8764,4104.8118,2.004
2023-04-11,2.1984,2.8264,6.8882,4100.1479,1.985
2023-04-12,2.2095,2.8169,6.8854,4097.2876,1.997
2023-04-13,2.2038,2.8265,6.8658,4068.9786,1.998
2023-04-14,2.196,2.8316,6.8606,4091.9988,2.0
2023-04-17,2.2044,2.8393,6.867900000000001,4149.3836,2.048
2023-04-18,2.2088,2.8346,6.8814,4162.032,2.078
2023-04-19,2.2078,2.8306,6.873100000000001,4124.5589,2.097
2023-04-20,2.1864,2.8339,6.898700000000001,4113.0192,2.101
2023-04-21,2.2012,2.8296,6.8752,4032.5672,2.199
2023-04-23,,,,,2.096
2023-04-24,2.192,2.8196,6.883500000000001,3982.6429,2.117
2023-04-25,2.1834,2.8184,6.8847000000000005,3962.6658,2.022
2023-04-26,2.1722,2.8138,6.923699999999999,3959.2323,2.062
2023-04-27,2.1441,2.7848,6.920700000000001,3988.4185,2.211
2023-04-28,2.1446,2.7855,6.924,4029.0858,2.3
2023-05-04,2.1352,2.7625,6.9054,4030.2471,1.963
2023-05-05,2.1255,2.7329,6.9114,4016.8774,1.815
2023-05-06,,,,,1.745
2023-05-08,2.1278,2.7446,6.9158,4062.6624,1.795
2023-05-09,2.1286,2.7374,6.9255,4027.8754,1.825
2023-05-10,2.0996,2.7196,6.929900000000001,3996.8695,1.902
2023-05-11,2.0529,2.6993,6.910099999999999,3990.6637,1.803
2023-05-12,2.0443,2.7144,6.948099999999999,3937.7622,1.829
2023-05-15,2.0562,2.7201,6.9654,3998.8872,1.874
2023-05-16,2.0733,2.7168,6.9506,3978.2054,1.766
2023-05-17,2.0814,2.7202,6.9748,3960.165,1.844
2023-05-18,2.079,2.7198,6.996700000000001,3956.0701,1.76
2023-05-19,2.0548,2.7171,7.0356,3944.5403,1.91
2023-05-22,2.0276,2.7163,7.015699999999999,3969.3277,1.897
2023-05-23,1.9935,2.6981,7.0326,3913.1882,1.824
2023-05-24,1.9788,2.7012,7.056,3859.0935,1.762
2023-05-25,1.9801,2.7092,7.052899999999999,3850.4996,1.908
2023-05-26,2.0152,2.7208,7.076,3850.9511,1.992
2023-05-29,2.0218,2.695,7.057500000000001,3833.9416,1.937
2023-05-30,1.9774,2.7,7.0818,3837.7531,1.993
2023-05-31,1.9747,2.6905,7.0821,3798.5434,2.058
2023-06-01,1.9816,2.684,7.096499999999999,3806.8679,1.848
2023-06-02,1.9729,2.7,7.0939000000000005,3861.8337,1.814
2023-06-05,1.9312,2.695,7.0904,3844.2492,1.847
2023-06-06,1.9049,2.6825,7.107500000000001,3808.1629,1.767
2023-06-07,1.894,2.68,7.1196,3789.3418,1.855
2023-06-08,1.8855,2.684,7.128,3820.1867,1.85
2023-06-09,1.8613,2.666,7.1115,3836.7026,1.826
2023-06-12,1.8593,2.669,7.1212,3844.4324,1.83
2023-06-13,1.8503,2.626,7.1498,3864.9074,1.84
2023-06-14,1.8522,2.6392,7.1566,3864.0247,1.846
2023-06-15,1.8746,2.6475,7.148899999999999,3925.4994,1.839
2023-06-16,1.893,2.6708,7.128899999999999,3963.3509,1.925
2023-06-19,1.8969,2.6804,7.120099999999999,3930.9079,1.984
2023-06-20,1.9064,2.6754,7.1596,3924.2377,2.043
2023-06-21,1.9279,2.6673,7.179500000000001,3864.0323,2.009
2023-06-25,,,,,1.95
2023-06-26,1.9184,2.6638,7.2056,3809.6962,1.867
2023-06-27,1.9381,2.6733,7.2098,3845.4334,1.851
2023-06-28,1.933,2.6631,7.2101,3840.7986,1.867
2023-06-29,1.9302,2.6605,7.2208,3821.8435,1.884
2023-06-30,1.8934,2.6358,7.2258,3842.4516,2.063
2023-07-03,1.8675,2.6403,7.215699999999999,3892.8821,1.795
2023-07-04,1.8381,2.6353,7.2046,3899.0133,1.758
2023-07-05,1.8322,2.6388,7.1968,3868.8054,1.808
2023-07-06,1.8578,2.6424,7.2098,3842.7547,1.763
2023-07-07,1.8134,2.6383,7.2054,3825.6988,1.779
2023-07-10,1.8176,2.6435,7.1926,3844.3269,1.726
2023-07-11,1.8139,2.6336,7.1886,3869.4861,1.744
2023-07-12,1.8256,2.6387,7.176499999999999,3843.4369,1.781
2023-07-13,1.8269,2.6402,7.1527,3898.4229,1.782
2023-07-14,1.835,2.6482,7.1318,3899.1027,1.806
2023-07-17,1.8212,2.6362,7.1326,3867.1749,1.86
2023-07-18,1.7922,2.6262,7.1453,3854.9393,1.892
2023-07-19,1.772,2.6264,7.1486,3850.8663,1.872
2023-07-20,1.7528,2.6232,7.1466,3823.6946,1.832
2023-07-21,1.7488,2.6127,7.1456,3821.91,1.826
2023-07-24,1.7312,2.6054,7.1451,3805.221,1.808
2023-07-25,1.762,2.6596,7.1406,3915.1153,1.843
2023-07-26,1.7735,2.646,7.129500000000001,3907.0128,1.853
2023-07-27,1.8451,2.6353,7.126499999999999,3902.3458,1.818
2023-07-28,1.8202,2.6518,7.1338,3992.7376,1.826
2023-07-31,1.8126,2.6643,7.1305,4014.6301,1.963
2023-08-01,1.7967,2.6545,7.1283,3998.001,1.806
2023-08-02,1.7728,2.6522,7.1368,3969.895,1.777
2023-08-03,1.7432,2.645,7.149500000000001,4004.9839,1.671
2023-08-04,1.7517,2.6482,7.1418,4020.5792,1.64
2023-08-07,1.7604,2.6466,7.138,3990.1531,1.737
2023-08-08,1.7739,2.6479,7.156499999999999,3979.7322,1.775
2023-08-09,1.8041,2.6472,7.1588,3967.5652,1.782
2023-08-10,1.8164,2.6496,7.1576,3975.7166,1.758
2023-08-11,1.8358,2.6478,7.1587000000000005,3884.2538,1.777
2023-08-14,1.8217,2.6257,7.1686,3855.9061,1.832
2023-08-15,1.8168,2.5755,7.1768,3846.5357,1.886
2023-08-16,1.8277,2.5621,7.1986,3818.3338,1.831
2023-08-17,1.8455,2.57,7.2076,3831.1008,1.868
2023-08-18,1.8349,2.5677,7.2006,3784.0038,1.886
2023-08-21,1.8543,2.5443,7.1987000000000005,3729.555,1.875
2023-08-22,1.8822,2.5501,7.1992,3758.2271,1.824
2023-08-23,1.9133,2.5551,7.1988,3696.6339,1.81
2023-08-24,1.8797,2.5548,7.1886,3723.4293,1.795
2023-08-25,1.8997,2.5705,7.188300000000001,3709.1517,1.896
2023-08-28,1.9292,2.5878,7.1856,3752.6194,2.056
2023-08-29,1.9883,2.57,7.1851,3790.1067,2.091
2023-08-30,1.94,2.5625,7.1816,3788.5097,2.235
2023-08-31,1.9383,2.5541,7.181100000000001,3765.2678,2.103
2023-09-01,1.9365,2.5825,7.1788,3791.4912,1.814
2023-09-04,1.9936,2.6125,7.1786,3848.9517,1.728
2023-09-05,1.9786,2.611,7.178300000000001,3820.3174,1.733
2023-09-06,2.008,2.635,7.196899999999999,3812.0283,1.795
2023-09-07,2.0717,2.6425,7.1986,3758.4748,1.904
2023-09-08,2.0859,2.6375,7.215,3739.9927,1.835
2023-09-11,2.1347,2.6325,7.2148,3767.537,1.955
2023-09-12,2.1148,2.623,7.1986,3760.6048,1.931
2023-09-13,2.0953,2.62,7.1894,3736.6513,1.874
2023-09-14,2.1063,2.605,7.1874,3733.5077,1.917
2023-09-15,2.106,2.632,7.1786,3708.7766,1.9
2023-09-18,2.165,2.655,7.1736,3727.711,1.891
2023-09-19,2.1556,2.66,7.173299999999999,3720.5021,1.925
2023-09-20,2.2041,2.6664,7.1732,3705.6898,1.961
2023-09-21,2.1986,2.6566,7.173,3672.4448,1.951
2023-09-22,2.213,2.675,7.172899999999999,3738.9327,1.988
2023-09-25,2.2161,2.69,7.172700000000001,3714.6037,2.005
2023-09-26,2.2305,2.6975,7.172700000000001,3692.8928,1.969
2023-09-27,2.2372,2.694,7.1716999999999995,3700.495,1.848
2023-09-28,2.1256,2.6675,7.1798,3689.5172,2.195
2023-10-07,,,,,1.831
2023-10-08,,,,,1.764
2023-10-09,2.1693,2.667,7.1789,3684.7272,1.801
2023-10-10,2.1534,2.678,7.1781,3657.1259,1.861
2023-10-11,2.2813,2.6982,7.177900000000001,3667.5483,1.895
2023-10-12,2.2638,2.6983,7.1776,3702.3824,1.889
2023-10-13,2.2171,2.6875,7.1775,3663.4104,1.893
2023-10-16,2.2186,2.6729,7.1798,3626.5972,1.793
2023-10-17,2.2243,2.6902,7.1796,3639.4018,1.844
2023-10-18,2.273,2.6979,7.179500000000001,3610.5767,1.899
2023-10-19,2.2861,2.7224,7.179500000000001,3533.5445,1.929
2023-10-20,2.283,2.7024,7.1793,3510.5889,2.103
2023-10-23,2.3249,2.6969,7.1792,3474.2438,1.933
2023-10-24,2.3249,2.7224,7.1786,3487.1302,1.988
2023-10-25,2.3254,2.7074,7.1785,3504.4576,2.006
2023-10-26,2.2748,2.7125,7.1784,3514.1448,2.045
2023-10-27,2.2951,2.7175,7.1782,3562.3851,2.053
2023-10-30,2.23,2.7142,7.1781,3583.7718,2.041
2023-10-31,2.2026,2.6929,7.177900000000001,3572.5056,1.965
2023-11-01,2.2501,2.6865,7.1778,3571.0268,1.889
2023-11-02,2.2102,2.6593,7.1796999999999995,3554.1889,1.837
2023-11-03,2.2202,2.6617,7.1796,3584.1364,1.742
2023-11-06,2.2304,2.654,7.178,3632.6084,1.752
2023-11-07,2.2405,2.6559,7.1776,3619.7593,1.817
2023-11-08,2.2505,2.6499,7.177299999999999,3611.0723,1.822
2023-11-09,2.2408,2.6474,7.1772,3612.8263,1.824
2023-11-10,2.2359,2.6464,7.1771,3586.4893,1.826
2023-11-13,2.2211,2.646,7.176899999999999,3579.4141,1.84
2023-11-14,2.1619,2.659,7.1768,3582.0584,1.967
2023-11-15,2.1668,2.6649,7.1752,3607.2454,1.896
2023-11-16,2.1418,2.6547,7.1724,3572.3641,1.951
2023-11-17,2.1372,2.6509,7.1728,3568.0685,1.9622
2023-11-20,2.1446,2.6577,7.1612,3576.3233,1.962
2023-11-21,2.1931,2.6657,7.1406,3581.0674,1.961
2023-11-22,2.3089,2.6789,7.1254,3544.4162,1.997
2023-11-23,2.3419,2.7011,7.1212,3561.5204,1.949
2023-11-24,2.3221,2.6991,7.115100000000001,3538.0087,2.195
2023-11-27,2.3818,2.715,7.115900000000001,3511.9424,2.094
2023-11-28,2.3619,2.689,7.1132,3518.5232,2.051
2023-11-29,2.3537,2.6881,7.1031,3488.3073,2.076
2023-11-30,2.3372,2.6837,7.1018,3496.2028,2.166
2023-12-01,2.3441,2.6857,7.1104,3482.8813,1.795
2023-12-04,2.3673,2.6891,7.101100000000001,3460.138,1.759
2023-12-05,2.3768,2.6818,7.1127,3394.2571,1.816
2023-12-06,2.3973,2.689,7.114,3399.598,1.763
2023-12-07,2.3865,2.6832,7.1176,3391.2823,1.755
2023-12-08,2.3817,2.6675,7.1123,3399.4618,1.798
2023-12-11,2.3818,2.6425,7.116300000000001,3419.4548,1.855
2023-12-12,2.3823,2.648,7.1174,3426.803,1.839
2023-12-13,2.3417,2.6404,7.1126,3369.605,1.789
2023-12-14,2.3213,2.635,7.109,3351.9639,1.763
2023-12-15,2.2965,2.621,7.095699999999999,3341.5517,1.753
2023-12-18,2.2724,2.6125,7.093299999999999,3329.3657,1.818
2023-12-19,2.2514,2.617,7.0982,3334.0412,1.767
2023-12-20,2.284,2.6175,7.0966,3297.5022,1.784
2023-12-21,2.2905,2.596,7.1012,3330.8698,1.801
2023-12-22,2.265,2.591,7.095299999999999,3337.2281,1.762
2023-12-25,2.185,2.565,7.101,3347.4508,1.822
2023-12-26,2.175,2.5725,7.096499999999999,3324.7902,1.844
2023-12-27,2.162,2.566,7.1002,3336.3572,1.864
2023-12-28,2.1349,2.565,7.0974,3414.5403,1.937
2023-12-29,2.0882,2.5575,7.082700000000001,3431.1099,1.867
2024-01-02,2.1,2.557,7.077,3386.3522,1.786
2024-01-03,2.1132,2.555,7.1002,3378.2971,1.805
2024-01-04,2.1133,2.545,7.0996999999999995,3347.0519,1.783
2024-01-05,2.0804,2.5175,7.102899999999999,3329.1114,1.77
2024-01-08,2.0756,2.5145,7.1006,3286.0564,1.772
2024-01-09,2.0757,2.486,7.101,3292.4994,1.79
2024-01-10,2.0691,2.497,7.105500000000001,3277.129,1.797
2024-01-11,2.0759,2.497,7.108700000000001,3295.6717,1.799
2024-01-12,2.0795,2.515,7.105,3284.1667,1.846
2024-01-15,2.0666,2.52,7.1084,3280.9195,1.862
2024-01-16,2.0819,2.526,7.1134,3300.8762,1.934
2024-01-17,2.0961,2.5105,7.1168,3229.082,1.943
2024-01-18,2.105,2.509,7.1174,3274.7286,1.819
2024-01-19,2.0893,2.4999,7.116700000000001,3269.7763,1.831
2024-01-22,2.0736,2.493,7.110499999999999,3218.9016,1.844
2024-01-23,2.0702,2.505,7.111699999999999,3231.9329,1.807
2024-01-24,2.0699,2.5012,7.1053,3277.1089,1.84
2024-01-25,2.0216,2.495,7.1044,3342.9189,1.872
2024-01-26,2.0235,2.4997,7.1074,3333.8213,1.899
2024-01-29,1.955,2.4943,7.109699999999999,3303.9604,1.863
2024-01-30,1.8751,2.4634,7.105500000000001,3245.0387,1.959
2024-01-31,1.875,2.425,7.1039,3215.3518,1.829
2024-02-01,1.8804,2.4351,7.1049,3217.7109,1.809
2024-02-02,1.8855,2.4334,7.1006,3179.6276,1.846
2024-02-04,,,,,1.958
2024-02-05,1.8894,2.4032,7.107,3200.4218,1.946
2024-02-06,1.9165,2.4406,7.1082,3311.6922,1.966
2024-02-07,1.929,2.4174,7.1049,3343.6303,1.947
2024-02-08,1.9131,2.435,7.106300000000001,3364.9297,1.791
2024-02-09,,,7.1036,,1.857
2024-02-18,,,,,1.817
2024-02-19,1.9158,2.433,7.1032,3403.8078,1.785
2024-02-20,1.8656,2.4201,7.1068,3410.8542,1.787
2024-02-21,1.7779,2.4113,7.103,3456.8713,1.819
2024-02-22,1.7739,2.4012,7.1018,3486.6747,1.815
2024-02-23,1.7668,2.397,7.1064,3489.7416,1.816
2024-02-26,1.7581,2.3857,7.108,3453.3585,1.883
2024-02-27,1.7787,2.3781,7.1057,3494.7874,1.904
2024-02-28,1.7906,2.3614,7.107500000000001,3450.2598,1.8178
2024-02-29,1.779,2.3275,7.1036,3516.0826,1.775
2024-03-01,1.7862,2.37,7.105900000000001,3537.8038,1.806
2024-03-04,1.7703,2.3425,7.102,3540.8686,1.811
2024-03-05,1.7672,2.3357,7.1027000000000005,3565.5143,1.855
2024-03-06,1.7582,2.28,7.1016,3551.0481,1.822
2024-03-07,1.7544,2.2725,7.1002,3529.7195,1.827
2024-03-08,1.7532,2.2944,7.0978,3544.9099,1.848
2024-03-11,1.7722,2.292,7.0969,3589.2635,1.853
2024-03-12,1.7987,2.34,7.0963,3597.4939,1.853
2024-03-13,1.8174,2.32,7.093,3572.361,1.882
2024-03-14,1.8321,2.34,7.0974,3562.2229,1.88
2024-03-15,1.8301,2.32,7.097500000000001,3569.993,1.89
2024-03-18,1.8211,2.3022,7.0943000000000005,3603.528,1.854
2024-03-19,1.8279,2.2725,7.0985,3577.6303,1.87
2024-03-20,1.8233,2.29,7.0968,3585.3838,1.844
2024-03-21,1.8092,2.286,7.0942,3581.0902,1.834
2024-03-22,1.7669,2.3044,7.1004,3545.0023,1.845
2024-03-25,1.7947,2.31,7.0996,3525.7634,1.898
2024-03-26,1.8071,2.314,7.0943000000000005,3543.7467,1.957
2024-03-27,1.8072,2.296,7.0946,3502.7866,1.972
2024-03-28,1.7841,2.297,7.0948,3520.9648,1.948
2024-03-29,1.7677,2.2815,7.095,3537.4843,1.967
2024-04-01,1.7658,2.3125,7.0938,3595.6466,1.857
2024-04-02,1.7584,2.297,7.095699999999999,3580.6759,1.833
2024-04-03,1.7605,2.284,7.094899999999999,3567.8031,1.821
2024-04-07,,,,,1.805
2024-04-08,1.7305,2.2819,7.0947000000000005,3536.4077,1.815
2024-04-09,1.721,2.2764,7.0956,3533.4871,1.816
2024-04-10,1.7424,2.2929,7.0959,3504.7086,1.817
2024-04-11,1.7217,2.2955,7.0968,3504.2447,1.815
2024-04-12,1.7116,2.277,7.0967,3475.8389,1.82
2024-04-15,1.7339,2.2777,7.097900000000001,3549.0759,1.797
2024-04-16,1.732,2.2733,7.1028,3511.1146,1.805
2024-04-17,1.7376,2.2709,7.102499999999999,3565.403,1.816
2024-04-18,1.7362,2.2492,7.102,3569.8018,1.836
2024-04-19,1.688,2.2567,7.1046,3541.6619,1.87
2024-04-22,1.6945,2.2476,7.1043,3530.9045,1.831
2024-04-23,1.674,2.2232,7.105900000000001,3506.2249,1.824
2024-04-24,1.6995,2.2625,7.1048,3521.6219,1.855
2024-04-25,1.6201,2.2708,7.1058,3530.2813,1.885
2024-04-26,1.7297,2.2979,7.1056,3584.2686,1.912
2024-04-28,,,,,1.951
2024-04-29,1.7801,2.3423,7.1066,3623.9124,2.08
2024-04-30,1.6927,2.3077,7.106300000000001,3604.3943,2.109
2024-05-06,1.702,2.3094,7.0994,3657.8767,1.874
2024-05-07,1.702,2.2889,7.1002,3659.0076,1.845
2024-05-08,1.7069,2.2906,7.1016,3630.2233,1.867
2024-05-09,1.719,2.3191,7.1028,3664.561,1.822
2024-05-10,1.7053,2.3126,7.101100000000001,3666.2771,1.836
2024-05-11,,,,,1.85
2024-05-13,1.6414,2.2907,7.103,3664.6907,1.836
2024-05-14,1.6248,2.2942,7.1053,3657.0454,1.837
2024-05-15,1.6132,2.3007,7.1049,3626.0559,1.808
2024-05-16,1.6274,2.3185,7.102,3640.3592,1.801
2024-05-17,1.6157,2.3279,7.104499999999999,3677.9696,1.808
2024-05-20,1.6063,2.3058,7.1042,3690.9623,1.803
2024-05-21,1.6149,2.3166,7.1068999999999996,3676.1611,1.847
2024-05-22,1.6101,2.3156,7.1076999999999995,3684.451,1.838
2024-05-23,1.6142,2.308,7.1098,3641.7917,1.829
2024-05-24,1.643,2.3174,7.1102,3601.4754,1.818
2024-05-27,1.667,2.3125,7.109100000000001,3635.7079,1.888
2024-05-28,1.6564,2.3028,7.110099999999999,3609.1724,1.885
2024-05-29,1.657,2.2975,7.1106,3613.5223,1.897
2024-05-30,1.6562,2.2828,7.1111,3594.3121,1.903
2024-05-31,1.6504,2.2978,7.1088,3579.9247,1.851
2024-06-03,1.65,2.2874,7.1086,3588.7483,1.811
2024-06-04,1.6498,2.283,7.108300000000001,3615.6714,1.785
2024-06-05,1.6365,2.2831,7.109699999999999,3594.7936,1.776
2024-06-06,1.614,2.2833,7.1108,3592.2454,1.78
2024-06-07,1.6049,2.2824,7.1106,3574.1143,1.751
2024-06-11,1.5929,2.2792,7.113500000000001,3542.8771,1.802
2024-06-12,1.5937,2.2782,7.1133,3544.1225,1.796
2024-06-13,1.5966,2.2682,7.1122,3526.1306,1.817
2024-06-14,1.6147,2.2588,7.115100000000001,3541.5331,1.813
2024-06-17,1.6016,2.2603,7.1149,3536.1986,1.862
2024-06-18,1.6041,2.2529,7.1148,3545.5902,1.882
2024-06-19,1.6093,2.2495,7.115900000000001,3528.749,1.861
2024-06-20,1.6061,2.2417,7.1192,3503.2817,1.89
2024-06-21,1.6174,2.2578,7.1196,3495.6198,1.939
2024-06-24,1.5987,2.2469,7.120099999999999,3476.8102,2.008
2024-06-25,1.573,2.2331,7.1225,3457.9023,2.014
2024-06-26,1.5551,2.2271,7.1248,3480.2648,2.083
2024-06-27,1.5548,2.2072,7.127,3454.1175,2.028
2024-06-28,1.5452,2.2023,7.1268,3461.657,2.099
2024-07-01,1.562,2.2426,7.126499999999999,3478.1827,1.802
2024-07-02,1.5509,2.2352,7.1291,3471.7857,1.796
2024-07-03,1.5352,2.2381,7.1312,3463.4141,1.8
2024-07-04,1.5338,2.2483,7.1305,3445.8128,1.811
2024-07-05,1.541,2.2682,7.128899999999999,3431.0605,1.807
2024-07-08,1.5875,2.2888,7.1286,3401.7604,1.82
2024-07-09,1.5595,2.2711,7.131,3439.8111,1.804
2024-07-10,1.5459,2.2669,7.1342,3428.9657,1.8
2024-07-11,1.551,2.2633,7.133900000000001,3468.169,1.803
2024-07-12,1.5442,2.2568,7.131500000000001,3472.4014,1.801
2024-07-15,1.5618,2.2522,7.1312999999999995,3476.2467,1.821
2024-07-16,1.5363,2.2576,7.1328,3498.2827,1.894
2024-07-17,1.525,2.2573,7.1318,3501.5836,1.885
2024-07-18,1.5244,2.2667,7.128499999999999,3520.931,1.893
2024-07-19,1.5108,2.2593,7.131500000000001,3539.0156,1.855
2024-07-22,1.48,2.2456,7.133500000000001,3514.9249,1.715
2024-07-23,1.4576,2.2302,7.1334,3439.8779,1.751
2024-07-24,1.4525,2.2305,7.1358,3418.1663,1.742
2024-07-25,1.4518,2.2171,7.132099999999999,3399.2716,1.871
2024-07-26,1.459,2.1856,7.127,3409.2931,1.913
2024-07-29,1.45,2.1607,7.1316,3390.742,1.895
2024-07-30,1.4301,2.1466,7.1364,3369.3821,1.814
2024-07-31,1.4201,2.1465,7.1346,3442.0844,1.772
2024-08-01,1.4201,2.1339,7.132300000000001,3419.2666,1.7
2024-08-02,1.3901,2.1287,7.1376,3384.3919,1.7
2024-08-05,1.3903,2.0913,7.134499999999999,3343.3205,1.694
2024-08-06,1.4102,2.1595,7.1318,3342.9789,1.687
2024-08-07,1.4103,2.1355,7.1386,3341.489,1.708
2024-08-08,1.4326,2.1645,7.146,3342.9369,1.763
2024-08-09,1.4684,2.1878,7.144899999999999,3331.6274,1.795
2024-08-12,1.5321,2.2484,7.1458,3325.8645,1.893
2024-08-13,1.5208,2.2273,7.147900000000001,3334.3903,1.828
2024-08-14,1.5235,2.1974,7.141500000000001,3309.2389,1.869
2024-08-15,1.526,2.2027,7.139900000000001,3341.953,1.814
2024-08-16,1.5375,2.1926,7.1464,3345.634,1.811
2024-08-19,1.5432,2.1747,7.141500000000001,3356.9677,1.722
2024-08-20,1.554,2.1707,7.132499999999999,3332.7034,1.761
2024-08-21,1.5783,2.1854,7.130700000000001,3321.635,1.808
2024-08-22,1.522,2.1577,7.1228,3313.1357,1.821
2024-08-23,1.498,2.1557,7.1358,3327.1905,1.825
2024-08-26,1.5007,2.1535,7.113900000000001,3324.2231,1.936
2024-08-27,1.5013,2.1815,7.124899999999999,3305.3338,1.869
2024-08-28,1.4968,2.1714,7.1216,3286.4956,1.758
2024-08-29,1.4956,2.1703,7.129900000000001,3277.6812,1.628
2024-08-30,1.491,2.1753,7.1124,3321.4323,1.647
2024-09-02,1.4652,2.1485,7.1027000000000005,3265.011,1.689
2024-09-03,1.4501,2.1431,7.1112,3273.4282,1.68
2024-09-04,1.45,2.1407,7.1148,3252.1649,1.67
2024-09-05,1.4426,2.1333,7.0988999999999995,3257.7578,1.68
2024-09-06,1.4302,2.1358,7.092499999999999,3231.3457,1.676
2024-09-09,1.4131,2.1311,7.0988999999999995,3192.9516,1.833
2024-09-10,1.3508,2.1191,7.1136,3195.7552,1.834
2024-09-11,1.3056,2.1062,7.1182,3186.1299,1.776
2024-09-12,1.2993,2.1062,7.1214,3172.4747,1.794
2024-09-13,1.3015,2.0763,7.103,3159.247,1.806
2024-09-14,,,,,1.746
2024-09-18,1.36,2.0368,7.087,3171.0102,1.86
2024-09-19,1.39,2.0494,7.098300000000001,3196.0357,1.947
2024-09-20,1.392,2.0419,7.0644,3201.0497,1.929
2024-09-23,1.3801,2.0371,7.053100000000001,3212.7639,1.859
2024-09-24,1.4123,2.0645,7.051,3351.909,1.92
2024-09-25,1.3904,2.0471,7.0202,3401.533,1.873
2024-09-26,1.3901,2.0673,7.0354,3545.3204,1.838
2024-09-27,1.4303,2.1623,7.0100999999999996,3703.6849,1.661
2024-09-29,,,,,1.727
2024-09-30,1.3603,2.1698,7.0074,4017.8545,1.522
2024-10-08,1.3742,2.1927,7.070899999999999,4256.0962,1.697
2024-10-09,1.434,2.1679,7.0568,3955.9839,1.803
2024-10-10,1.4413,2.1454,7.0742,3997.7879,1.7
2024-10-11,1.4433,2.1409,7.073100000000001,3887.167,1.526
2024-10-12,,,,,1.511
2024-10-14,1.4489,2.1434,7.0723,3961.3424,1.587
2024-10-15,1.4495,2.1285,7.083,3855.9949,1.517
2024-10-16,1.4466,2.1289,7.1191,3831.589,1.59
2024-10-17,1.4315,2.1064,7.122,3788.2217,1.549
2024-10-18,1.4251,2.1156,7.1274,3925.234,1.568
2024-10-21,1.4424,2.1172,7.0982,3935.1974,1.584
2024-10-22,1.4335,2.1398,7.122300000000001,3957.7755,1.579
2024-10-23,1.4294,2.1597,7.124499999999999,3973.2089,1.595
2024-10-24,1.4303,2.1596,7.1286,3928.8334,1.596
2024-10-25,1.3961,2.162,7.109,3956.421,1.703
2024-10-28,1.4,2.1598,7.130700000000001,3964.1569,1.658
2024-10-29,1.3893,2.1551,7.1283,3924.649,1.75
2024-10-30,1.4384,2.1582,7.139,3889.4487,1.656
2024-10-31,1.4305,2.1537,7.125,3891.0396,1.656
2024-11-01,1.4058,2.1333,7.113500000000001,3890.0203,1.507
2024-11-04,1.4036,2.1262,7.1203,3944.7619,1.496
2024-11-05,1.4064,2.111,7.1016,4044.5725,1.5
2024-11-06,1.4066,2.111,7.0992999999999995,4024.2831,1.5
2024-11-07,1.3968,2.1059,7.165900000000001,4145.6952,1.555
2024-11-08,1.4058,2.1008,7.143299999999999,4104.047,1.645
2024-11-11,1.4033,2.0936,7.1786,4131.1312,1.655
2024-11-12,1.4005,2.0736,7.1927,4085.743,1.687
2024-11-13,1.392,2.079,7.1991000000000005,4110.8901,1.644
2024-11-14,1.3894,2.0774,7.1966,4039.6191,1.674
2024-11-15,1.3851,2.0815,7.1992,3968.8308,1.685
2024-11-18,1.3703,2.1073,7.1907000000000005,3950.3806,1.697
2024-11-19,1.3603,2.0953,7.1911000000000005,3976.8912,1.693
2024-11-20,1.3504,2.0933,7.1935,3985.7727,1.684
2024-11-21,1.3479,2.0809,7.1934,3989.2979,1.659
2024-11-22,1.348,2.0779,7.1942,3865.6989,1.653
2024-11-25,1.3603,2.0668,7.1918,3848.0909,1.727
2024-11-26,1.3855,2.0536,7.191,3840.1847,1.723
2024-11-27,1.3839,2.064,7.1982,3907.0447,1.7
2024-11-28,1.3769,2.0378,7.1894,3872.5505,1.726
2024-11-29,1.3713,2.0253,7.1876999999999995,3916.5832,1.631
2024-12-02,1.3489,1.9756,7.1865,3947.632,1.591
2024-12-03,1.345,1.9882,7.1996,3951.8912,1.601
2024-12-04,1.3328,1.9583,7.1934,3930.5568,1.588
2024-12-05,1.3379,1.9459,7.187900000000001,3921.5881,1.688
2024-12-06,1.3436,1.951,7.1848,3973.1405,1.686
2024-12-09,1.3484,1.9412,7.187,3966.5708,1.736
2024-12-10,1.3448,1.8413,7.1896,3995.6369,1.784
2024-12-11,1.2737,1.8364,7.1843,3988.8308,1.722
2024-12-12,1.2105,1.8165,7.1854,4028.5048,1.635
2024-12-13,1.1702,1.7767,7.1876,3933.1808,1.758
2024-12-16,1.1385,1.7245,7.1882,3911.8416,1.762
2024-12-17,1.1208,1.727,7.189100000000001,3922.0334,1.787
2024-12-18,1.0896,1.7446,7.188,3941.89,1.776
2024-12-19,1.0338,1.7496,7.1911000000000005,3945.4635,1.627
2024-12-20,1.0,1.7118,7.190099999999999,3927.7441,1.62
2024-12-23,0.9671,1.7029,7.187,3933.5718,1.525
2024-12-24,0.9199,1.7178,7.1876,3983.6882,1.489
2024-12-25,0.908,1.7329,7.1868,3985.6291,1.516
2024-12-26,0.956,1.7404,7.189699999999999,3987.4801,1.533
2024-12-27,1.0211,1.6981,7.189299999999999,3981.0307,1.74
2024-12-30,1.0645,1.7136,7.188899999999999,3999.0549,1.95
2024-12-31,1.1077,1.6732,7.1884,3934.9109,1.966
2025-01-02,1.0632,1.6183,7.187900000000001,3820.3952,1.643
2025-01-03,1.0017,1.6036,7.1878,3775.1648,1.67
2025-01-06,1.0612,1.5943,7.1876,3768.9697,1.596
2025-01-07,1.0776,1.5993,7.187900000000001,3796.1055,1.541
2025-01-08,1.1174,1.6042,7.188700000000001,3789.2153,1.58
2025-01-09,1.1835,1.6296,7.1886,3779.8773,1.632
2025-01-10,1.191,1.6397,7.189100000000001,3732.4806,1.692
2025-01-13,1.2335,1.6396,7.1884999999999994,3722.513,1.96
2025-01-14,1.2263,1.6439,7.1878,3820.5395,2.162
2025-01-15,1.204,1.6243,7.188300000000001,3796.026,2.117
2025-01-16,1.2487,1.6341,7.1880999999999995,3800.3836,2.192
2025-01-17,1.244,1.6533,7.188899999999999,3812.3429,2.039
2025-01-20,1.2999,1.6695,7.1886,3829.6764,2.013
2025-01-21,1.2949,1.6546,7.170300000000001,3832.6145,1.906
2025-01-22,1.2799,1.6539,7.1696,3797.0166,1.813
2025-01-23,1.2982,1.6607,7.1708,3803.7439,1.995
2025-01-24,1.3316,1.6651,7.1705,3832.8637,2.078
2025-01-26,,,,,1.864
2025-01-27,1.2798,1.6321,7.1698,3817.0802,1.715
2025-02-05,1.2598,1.6257,7.1693,3795.0848,1.844
2025-02-06,1.2163,1.6033,7.1691,3842.8314,1.785
2025-02-07,1.2221,1.606,7.169900000000001,3892.7028,1.732
2025-02-08,,,,,1.634
2025-02-10,1.2573,1.6308,7.170700000000001,3901.0618,1.729
2025-02-11,1.2666,1.626,7.1716,3883.1352,1.838
2025-02-12,1.2666,1.636,7.171,3919.8617,1.845
2025-02-13,1.2774,1.6337,7.171900000000001,3905.1398,1.763
2025-02-14,1.376,1.6543,7.1706,3939.0085,1.894
2025-02-17,1.3895,1.6853,7.1702,3947.3983,1.999
2025-02-18,1.4578,1.6962,7.1697,3912.7829,2.209
2025-02-19,1.4618,1.6898,7.1705,3940.1602,1.934
2025-02-20,1.4758,1.6828,7.1712,3928.8959,1.992
2025-02-21,1.4714,1.7002,7.1696,3978.444,2.139
2025-02-24,1.4796,1.7577,7.1716999999999995,3969.7169,1.941
2025-02-25,1.4973,1.7477,7.1726,3925.6505,2.128
2025-02-26,1.4679,1.7303,7.1732,3959.9413,2.131
2025-02-27,1.4803,1.7454,7.174,3968.1159,2.24
2025-02-28,1.477,1.728,7.1738,3890.0487,2.093
2025-03-03,1.4328,1.7007,7.174499999999999,3888.4738,1.812
2025-03-04,1.4454,1.7058,7.173900000000001,3885.2208,1.718
2025-03-05,1.4439,1.7133,7.1714,3902.5706,1.751
2025-03-06,1.4678,1.7311,7.1692,3956.2369,1.748
2025-03-07,1.5643,1.7933,7.1705,3944.0143,1.718
2025-03-10,1.5651,1.8011,7.173299999999999,3928.8018,1.78
2025-03-11,1.5907,1.8684,7.174099999999999,3941.4157,1.786
2025-03-12,1.5697,1.8262,7.1696,3927.2315,1.78
2025-03-13,1.5599,1.8339,7.1728,3911.5793,1.774
2025-03-14,1.6027,1.8416,7.1738,4006.5567,1.742
2025-03-17,1.56,1.8872,7.1688,3996.7876,1.819
2025-03-18,1.5545,1.8914,7.173299999999999,4007.7229,1.903
2025-03-19,1.559,1.8795,7.1697,4010.168,1.856
2025-03-20,1.5506,1.834,7.1754,3974.9918,1.778
2025-03-21,1.5498,1.8367,7.176,3914.6956,1.754
2025-03-24,1.5452,1.8366,7.178,3934.8486,1.745
2025-03-25,1.5343,1.8214,7.1788,3932.2951,1.815
2025-03-26,1.5101,1.7949,7.1754,3919.3566,1.9
2025-03-27,1.5212,1.8005,7.1763,3932.4117,2.004
2025-03-28,1.5003,1.8139,7.1752,3915.1662,1.936
2025-03-31,1.5003,1.8192,7.1782,3887.3056,2.023
2025-04-01,1.5203,1.8148,7.1775,3887.6841,1.807
2025-04-02,1.5527,1.7901,7.1793,3884.3858,1.805
2025-04-03,1.4762,1.7201,7.188899999999999,3861.5034,1.689
2025-04-07,1.4633,1.633,7.198,3589.4406,1.694
2025-04-08,1.4782,1.6572,7.2038,3650.759,1.725
2025-04-09,1.4243,1.6479,7.2066,3686.7943,1.703
2025-04-10,1.4028,1.6456,7.2092,3735.1151,1.681
2025-04-11,1.3999,1.6553,7.2087,3750.5167,1.619
2025-04-14,1.4076,1.6542,7.211,3759.1422,1.665
2025-04-15,1.4209,1.6582,7.2096,3761.2348,1.695
2025-04-16,1.4169,1.638,7.213299999999999,3772.8204,1.696
2025-04-17,1.4262,1.6517,7.208499999999999,3772.2221,1.652
2025-04-18,1.43,1.649,7.206899999999999,3772.523,1.654
2025-04-21,1.4454,1.6593,7.205500000000001,3784.8806,1.68
2025-04-22,1.4453,1.6494,7.2074,3783.9522,1.67
2025-04-23,1.4506,1.6618,7.2116,3786.8824,1.644
2025-04-24,1.4509,1.6653,7.2098,3784.3574,1.69
2025-04-25,1.4507,1.6604,7.2066,3786.9937,1.638
2025-04-27,,,,,1.641
2025-04-28,1.4601,1.6514,7.204300000000001,3781.6188,1.723
2025-04-29,1.451,1.6276,7.2029,3775.0767,1.748
2025-04-30,1.4599,1.6279,7.2014,3770.5705,1.762
2025-05-06,1.4624,1.6282,7.2008,3808.5424,1.707
2025-05-07,1.4459,1.6458,7.200499999999999,3831.627,1.661
2025-05-08,1.4168,1.633,7.207299999999999,3852.8963,1.594
2025-05-09,1.4187,1.6355,7.2095,3846.1566,1.519
2025-05-12,1.4113,1.6637,7.2066,3890.6096,1.496
2025-05-13,1.4138,1.6695,7.1991000000000005,3896.2583,1.49
2025-05-14,1.4223,1.6787,7.1956,3943.2108,1.501
2025-05-15,1.4332,1.6744,7.196300000000001,3907.1992,1.497
2025-05-16,1.4526,1.6815,7.1938,3889.0854,1.545
2025-05-19,1.4451,1.6735,7.1916,3877.1453,1.562
2025-05-20,1.444,1.6978,7.1931,3898.1705,1.556
2025-05-21,1.446,1.7054,7.1937,3916.3807,1.549
2025-05-22,1.4485,1.7181,7.190300000000001,3913.8651,1.523
2025-05-23,1.4456,1.7182,7.1919,3882.2741,1.552
2025-05-26,1.4526,1.7185,7.183299999999999,3860.1067,1.579
2025-05-27,1.4602,1.7236,7.1876,3839.3969,1.598
2025-05-28,1.4629,1.6825,7.1894,3836.2366,1.578
2025-05-29,1.4789,1.6952,7.1907000000000005,3858.6998,1.602
2025-05-30,1.4607,1.6762,7.1848,3840.2323,1.617
2025-06-03,1.4659,1.6777,7.1869,3852.0127,1.515
2025-06-04,1.4531,1.6696,7.1886,3868.7429,1.543
2025-06-05,1.4365,1.6755,7.1865,3877.5557,1.534
2025-06-06,1.4166,1.6632,7.184499999999999,3873.9841,1.5
2025-06-09,1.4239,1.6543,7.1855,3885.2459,1.497
2025-06-10,1.4195,1.6554,7.184,3865.4652,1.496
2025-06-11,1.4144,1.6475,7.181500000000001,3894.6252,1.502
2025-06-12,1.4074,1.6485,7.180300000000001,3892.1992,1.521
2025-06-13,1.415,1.6451,7.1772,3864.1822,1.508
2025-06-16,1.4025,1.6437,7.1789,3873.7951,1.51
2025-06-17,1.385,1.6343,7.1746,3870.3786,1.508
2025-06-18,1.385,1.6383,7.176099999999999,3874.9708,1.505
2025-06-19,1.37,1.6439,7.172899999999999,3843.0912,1.524
2025-06-20,1.3601,1.6407,7.169500000000001,3846.6443,1.529
2025-06-23,1.3554,1.6387,7.171,3857.9016,1.497
2025-06-24,1.3625,1.6467,7.1656,3904.0342,1.629
2025-06-25,1.3653,1.6507,7.1668,3960.0662,1.671
2025-06-26,1.3725,1.6489,7.162,3946.0195,1.67
2025-06-27,1.3549,1.6453,7.162700000000001,3921.7578,1.668
2025-06-30,1.3509,1.6534,7.1586,3936.0791,1.763
2025-07-01,1.3536,1.6473,7.1534,3942.762,1.53
2025-07-02,1.3486,1.6365,7.1546,3943.6849,1.497
2025-07-03,1.3528,1.641,7.1523,3968.0676,1.456
2025-07-04,1.3408,1.643,7.153500000000001,3982.2034,1.423
2025-07-07,1.3415,1.6426,7.1506,3965.1746,1.458
2025-07-08,1.3583,1.6472,7.1534,3998.4527,1.455
2025-07-09,1.3685,1.6439,7.1541,3991.4006,1.464
2025-07-10,1.3752,1.6588,7.151,4010.0243,1.474
2025-07-11,1.3757,1.6635,7.147500000000001,4014.807,1.475
2025-07-14,1.3607,1.6739,7.149100000000001,4017.6678,1.515
2025-07-15,1.3556,1.661,7.1498,4019.0644,1.546
2025-07-16,1.3578,1.6623,7.1526,4007.2019,1.504
2025-07-17,1.3586,1.661,7.1461,4034.491,1.504
2025-07-18,1.3552,1.6685,7.1498,4058.5486,1.494
2025-07-21,1.3591,1.6777,7.1522,4085.6072,1.477
2025-07-22,1.3641,1.692,7.146,4118.9582,1.462
2025-07-23,1.3792,1.7079,7.1414,4119.7685,1.463
2025-07-24,1.4021,1.7332,7.1385,4149.0368,1.545
2025-07-25,1.389,1.7392,7.141900000000001,4127.1634,1.62
2025-07-28,1.3688,1.7168,7.146700000000001,4135.8242,1.596
2025-07-29,1.4075,1.7415,7.1511000000000005,4152.0247,1.545
2025-07-30,1.4006,1.7274,7.144099999999999,4151.2379,1.501
2025-07-31,1.3807,1.7015,7.1494,4075.5912,1.497
2025-08-01,1.3734,1.7075,7.1496,4054.9286,1.446
2025-08-04,1.3694,1.7117,7.139500000000001,4070.7023,1.436
2025-08-05,1.3718,1.7028,7.1366,4103.45,1.432
2025-08-06,1.3666,1.6988,7.140899999999999,4113.4852,1.442
2025-08-07,1.364,1.6928,7.134499999999999,4114.666,1.434
2025-08-08,1.3563,1.6899,7.1382,4104.9669,1.4356
2025-08-11,1.3592,1.713,7.140499999999999,4122.5106,1.432
2025-08-12,1.3642,1.7228,7.1418,4143.8252,1.433
2025-08-13,1.3617,1.7213,7.135,4176.5776,1.434
2025-08-14,1.3644,1.7328,7.133699999999999,4173.3131,1.426
2025-08-15,1.3669,1.7401,7.1371,4202.3533,1.465
2025-08-18,1.3879,1.7876,7.1322,4239.4125,1.483
2025-08-19,1.3923,1.7694,7.1359,4223.3741,1.517
2025-08-20,1.3897,1.7864,7.1384,4271.3958,1.534
2025-08-21,1.3879,1.7711,7.1287,4288.0707,1.495
2025-08-22,1.3707,1.7827,7.132099999999999,4377.9977,1.463
2025-08-25,1.3657,1.7686,7.116099999999999,4469.2217,1.484
2025-08-26,1.3579,1.7565,7.1188,4452.5905,1.467
2025-08-27,1.3599,1.825,7.1108,4386.1266,1.491
2025-08-28,1.3715,1.8477,7.106300000000001,4463.782,1.526
2025-08-29,1.3695,1.8433,7.103,4496.7591,1.51
2025-09-01,1.3667,1.8254,7.1072,4523.7111,1.438
2025-09-02,1.3648,1.8255,7.108899999999999,4490.4528,1.431
2025-09-03,1.3671,1.8086,7.1108,4459.8296,1.433
2025-09-04,1.373,1.7957,7.1052,4365.2085,1.437
2025-09-05,1.3943,1.8357,7.1064,4460.3249,1.427
2025-09-08,1.4,1.8459,7.102899999999999,4467.5733,1.438
2025-09-09,1.3975,1.866,7.1008,4436.2584,1.467
2025-09-10,1.4131,1.8912,7.1062,4445.3649,1.449
2025-09-11,1.4,1.8738,7.1034,4548.0345,1.466
2025-09-12,1.4007,1.8637,7.1019000000000005,4521.998,1.46
2025-09-15,1.3992,1.8636,7.1056,4533.0557,1.47
2025-09-16,1.4043,1.8549,7.1027000000000005,4523.3367,1.475
2025-09-17,1.3981,1.8369,7.101299999999999,4551.023,1.519
2025-09-18,1.4004,1.8521,7.108499999999999,4498.109,1.528
2025-09-19,1.4066,1.8775,7.1128,4501.9195,1.488
2025-09-22,1.4052,1.8625,7.1106,4522.608,1.466
2025-09-23,1.4073,1.8769,7.1057,4519.7781,1.462
2025-09-24,1.3966,1.8967,7.1076999999999995,4566.0708,1.59
2025-09-25,1.3987,1.8873,7.1118,4593.4875,1.584
2025-09-26,1.3887,1.8795,7.1152,4550.0487,1.501
2025-09-28,,,,,1.497
2025-09-29,1.3881,1.8806,7.108899999999999,4620.0528,1.523
2025-09-30,1.3776,1.8616,7.105500000000001,4640.6935,1.405
2025-10-09,1.3624,1.8439,7.1102,4709.482,1.495
2025-10-10,1.3821,1.8508,7.1048,4616.8341,1.451
2025-10-11,,,,,1.403
2025-10-13,1.3795,1.8373,7.100700000000001,4593.9785,1.447
2025-10-14,1.389,1.8272,7.102099999999999,4539.0644,1.423
2025-10-15,1.4047,1.8377,7.099500000000001,4606.2879,1.414
2025-10-16,1.4019,1.8389,7.0968,4618.4218,1.419
2025-10-17,1.4017,1.8204,7.094899999999999,4514.2345,1.415
2025-10-20,1.4415,1.8462,7.0973,4538.2201,1.418
2025-10-21,1.4734,1.841,7.093,4607.8715,1.426
2025-10-22,1.4784,1.8312,7.0954,4592.57,1.422
2025-10-23,1.4785,1.8406,7.0918,4606.3447,1.417
2025-10-24,1.476,1.8456,7.0928,4660.6835,1.414
2025-10-27,1.4615,1.8366,7.088099999999999,4716.0186,1.542
2025-10-28,1.4358,1.8168,7.0856,4691.973,1.53
2025-10-29,1.3907,1.8178,7.084300000000001,4747.8378,1.512
2025-10-30,1.3813,1.8128,7.0864,4709.911,1.484
2025-10-31,1.3814,1.7944,7.088,4640.6676,1.439
2025-11-03,1.3874,1.7916,7.0867,4653.4028,1.412
2025-11-04,1.393,1.7955,7.088499999999999,4618.699,1.415
2025-11-05,1.4027,1.7952,7.0901,4627.257,1.423
2025-11-06,1.4004,1.8058,7.086499999999999,4693.4032,1.421
2025-11-07,1.4,1.8135,7.0836,4678.7944,1.422
2025-11-10,1.3982,1.8114,7.0856,4695.0507,1.478
2025-11-11,1.4038,1.8109,7.0866,4652.1655,1.501
2025-11-12,1.406,1.8096,7.0832999999999995,4645.9079,1.474
2025-11-13,1.4086,1.8142,7.086499999999999,4702.0738,1.474
2025-11-14,1.4086,1.8126,7.0825,4628.1398,1.468
2025-11-17,1.4055,1.8104,7.0816,4598.0525,1.514
2025-11-18,1.4058,1.81,7.0856,4568.1928,1.518
2025-11-19,1.4032,1.815,7.0872,4588.2922,1.487
2025-11-20,1.4032,1.8156,7.0905,4564.9483,1.46
2025-11-21,1.4047,1.8207,7.0875,4453.6076,1.417
2025-11-24,1.4035,1.8191,7.084700000000001,4448.0478,1.447
2025-11-25,1.4059,1.8287,7.0826,4490.4047,1.433
2025-11-26,1.4061,1.8588,7.0796,4517.6255,1.453
2025-11-27,1.4086,1.8539,7.0779000000000005,4515.4027,1.425
2025-11-28,1.4005,1.8435,7.078899999999999,4526.6616,1.437
2025-12-01,1.4005,1.8342,7.075900000000001,4576.4856,1.454
2025-12-02,1.3996,1.8459,7.0794,4554.3347,1.434
2025-12-03,1.4005,1.842,7.0754,4531.0486,1.426
2025-12-04,1.4052,1.8722,7.0733,4546.5664,1.424
2025-12-05,1.4002,1.8488,7.0748999999999995,4584.5368,1.416
2025-12-08,1.3869,1.8526,7.0764,4621.7545,1.426
2025-12-09,1.4,1.8428,7.077299999999999,4598.2232,1.431
2025-12-10,1.395,1.8465,7.0752999999999995,4591.8273,1.439
2025-12-11,1.3875,1.8382,7.0686,4552.1848,1.432
2025-12-12,1.3877,1.8408,7.0638,4580.95,1.451
2025-12-15,1.3855,1.8494,7.0656,4552.0596,1.432
2025-12-16,1.3837,1.8485,7.0602,4497.5545,1.429
2025-12-17,1.3785,1.8367,7.0573,4579.875,1.428
2025-12-18,1.3712,1.8338,7.058300000000001,4552.7926,1.426
2025-12-19,1.359,1.8288,7.055,4568.1781,1.4311
2025-12-22,1.356,1.8424,7.0572,4611.6235,1.417
2025-12-23,1.34,1.8355,7.052300000000001,4620.7341,1.399
2025-12-24,1.3354,1.8375,7.0471,4634.0586,1.385
2025-12-25,1.3159,1.8413,7.0392,4642.5357,1.4
2025-12-26,1.2838,1.8379,7.0358,4657.24,1.448
2025-12-29,1.3217,1.8611,7.033100000000001,4639.3721,1.558
2025-12-30,1.3371,1.8537,7.0348,4651.2818,1.589
2025-12-31,1.3389,1.8508,7.0288,4629.9395,1.956
