date,d_yield_1y,d_yield_10y,fx_log_return,hs300_log_return,d_shibor_1w
2015-01-06,-1.393666612008699,-1.2680398741799697,0.03591774036390033,-0.01622180034844087,-6.121998912440459
2015-01-07,-1.6573517832841744,0.8624518480753063,0.07296586349998915,0.04817720349927258,-4.651595842187789
2015-01-08,-0.6260497800733728,0.34271495615414943,0.22110722654178497,-1.7200754115359143,-1.609382593389185
2015-01-09,0.6367092068125897,-1.1563608726101486,-0.06782914854973603,-0.2641336873448095,-0.07560008045321805
2015-01-12,0.2851289784452674,-0.14265916605319726,-0.4903048984820705,-0.6920358536181631,0.3173524641832712
2015-01-13,0.3964627174282535,-0.9330028694704684,-0.30525182060288786,0.003081626981116093,-0.39249729386973903
2015-01-14,1.3603785102019992,-0.9458889081131496,0.05080658199780461,-0.2482964476008626,1.3694512127261271
2015-01-15,-1.5958252433199063,-2.797183126443864,-0.11241785648484993,2.0829900750140626,0.08918647052337221
2015-01-16,0.7451131105591883,-0.6538053655458873,-0.060487575144562454,0.6191740638908705,0.07651058198671272
2015-01-19,-1.0684549007689164,-1.1348841415390196,0.2881760245368648,-5.857819134783977,-0.20235896581982418
2015-01-20,0.7978501448142807,-0.7783704057584085,-0.05304901788185444,0.881568062004343,-0.6079873989929729
2015-01-21,-0.4590491715988937,0.5059381122946761,0.2879827196268193,3.203357495798164,0.532842569306505
2015-01-22,-0.7110150019288061,-0.7268262511877028,-0.1790431947122077,0.3776748101959539,0.6722773432097763
2015-01-23,-0.078170590867631,-0.36601716919285837,0.6803543190676671,0.07767847544392138,1.95254208541252
2015-01-26,-0.33306625643394394,-0.2887009373368284,0.2873941118735839,0.7306820407527921,-1.3558648226559618
2015-01-27,-1.121191935024009,-0.31876836083640514,-0.17134953329827735,-0.6784437164919662,-0.36714551679641444
2015-01-28,-0.6905061552740543,0.6648659222209885,-0.6305420825864947,-1.0266842358178976,0.11453824759669683
2015-01-29,0.238251614662963,0.27828476294078164,0.3691374515532274,-0.9134880400803931,0.4060836839398932
2015-01-30,0.3466555184095485,1.060037773929624,0.23564179920020403,-1.0073888102737847,1.2426923273595152
2015-02-02,-0.1924341650870046,-0.07822897283982944,0.08758087566096903,-1.7365460813348395,2.941261391272073
2015-02-03,-0.14848663654110067,-1.1520655263959152,-0.14175097714789484,1.788338622063736,1.7408547468502924
2015-02-04,-0.30669773930637817,-1.2036096809666208,-0.4008811167419893,-0.7682075936313235,0.44030858298887665
2015-02-05,-0.3418557621431325,-1.4226723378920485,0.3319128220296708,-0.7576972536138468,-0.1770071887464996
2015-02-06,-0.13969713083189908,2.2842114449835553,-0.8009625825982969,-1.1984778068461157,-0.6586909531396166
2015-02-09,0.7539026162683639,-0.13406847362474947,0.34705510882484,0.7280641182470653,-0.2910901855764519
2015-02-10,-0.544014393454327,-0.3445404381217294,-0.1418938581135789,1.312849540019944,-0.16433130020984574
2015-02-11,0.4433400812105579,-0.361721822978644,0.12474470299574525,0.5735547422449471,1.2680441044328399
2015-02-12,0.06832117095208337,-1.237972450680412,0.10989035846108175,0.17921272119766615,2.320142852975696
2015-02-13,0.2704798022633038,-0.2457474751945705,-0.3566491655693646,0.5627484664224539,0.786360340039723
2015-02-16,0.6132705249214375,-1.2293817582519642,-0.13452788956215841,0.6147103905513326,0.4821390151598614
2015-02-17,-0.1719253184322529,-1.783481419886912,0.3988100481133926,0.46833778596181197,0.6342496775997866
2015-02-25,-1.1417007816787734,0.0892895295149307,0.37622742294057815,-0.9156925597188268,0.25397302149996814
2015-02-26,-0.7989100590206399,0.2825801091550151,-0.060372125679184895,1.8083062426105405,-0.6333391760662975
2015-02-27,0.22653227371738688,1.2103748914274697,0.6862281424575892,0.12735739916391664,-0.012220637769909332
2015-03-02,0.45505942215614703,0.23533130079854278,0.2571970357572414,0.5718809497464725,0.43143546101322344
2015-03-03,-0.2949783983608151,2.5419322178370267,0.1980045804236486,-1.924164144922035,0.00045525076674452907
2015-03-04,0.5839721725574972,0.4071451493675173,-0.156206887555841,0.46891810418780994,-0.36714551679642005
2015-03-05,0.6425688772853778,1.1287633133572252,-0.001246117604277543,-0.7229231150075989,0.16524180174334605
2015-03-06,0.4755682688108987,1.936288401631392,0.013511194098829789,-0.37967041169950266,0.1398900246700158
2015-03-09,-0.7315238485835708,0.7335914616485707,0.1979326397358406,1.2260201154096502,0.4441113495498773
2015-03-10,2.1602235297376664,-0.2672242062656994,0.04298878327557204,-0.3610870379247098,-0.11362774606319652
2015-03-11,-0.9952090198590722,-1.5901908402468086,0.1609369420327215,0.07720761655805969,0.1398900246700158
2015-03-12,-0.6846464848012533,-0.9544796005415974,0.1240185618520798,1.3923262117291149,-0.2644708196494585
2015-03-13,0.9794999294707366,1.992127902416293,-0.23713745401182362,0.49588179945512384,-0.15292300052684374
2015-03-16,0.4081820583738296,1.1545353906425686,0.1756278161314438,1.7482634064185578,-0.36714551679642005
2015-03-17,0.2411814498993505,1.7515885144197363,-0.24451717914195284,1.0000675961486132,-1.1023470519227494
2015-03-18,-0.4473298306533175,-1.5730094553898941,-0.23724854709897214,1.701318197093174,-0.21503485435648367
2015-03-19,0.3114974955728202,1.2404423149270463,-0.7320650168755766,-0.12654213159415217,-1.3305130455826426
2015-03-20,0.560533490666345,-1.4913978773196497,0.24249870328894488,0.9911138242318134,-2.0783904692456368
2015-03-23,-0.004924709957773826,-0.0997057039109584,-0.37793280894009257,1.469152076821666,-2.3699359055888447
2015-03-24,-0.7080851666924185,-0.14695451226743067,-0.3930002312486622,0.011542702628350904,-1.3812165997292807
2015-03-25,0.9619209180523723,0.3384196099399351,0.06534925202198176,-0.608667678390593,-0.9755881665561432
2015-03-26,-0.27446955170605036,1.4079608172818066,-0.2822443975996093,0.17084099200800548,-0.7220703958229252
2015-03-27,0.5722528316119081,1.5196398188516276,0.1393427349594438,0.39336005603794283,-0.03757241484323394
2015-03-30,0.9853595999435246,1.0084936193589376,0.01358991609078763,2.1036524959361125,0.3427042412565958
2015-03-31,1.3047116407105062,1.9749465175593974,0.12448661090291298,-0.6698077640144865,-0.4051731824063986
2015-04-01,-1.5841059023743302,0.011973297658881686,0.06531458316638758,1.291720222737265,-1.6600861475358286
2015-04-02,-1.1182620997876214,-3.3212153645792157,-0.3043293245153435,0.009035704109197844,-1.4952995965592386
2015-04-03,-0.6729271438556772,-0.31017766840795735,-0.3785105107613436,0.7989042515094358,-1.6220584819258446
2015-04-07,0.5634633259027325,0.514528804723143,-0.3417543703646972,1.5436131011335703,-2.3572600170521736
2015-04-08,0.4199013993194057,3.4138874993245607,0.27277847724821364,0.6036718284225334,-1.9643074724156901
2015-04-09,-1.3965964472450865,2.7996529906904977,-0.07520046839871572,-0.5809134204802564,-1.1276988289960683
2015-04-10,1.087903833217322,-0.9115261383993585,0.21343365253668137,1.3892843556584171,-1.2924853799726586
2015-04-13,-1.5635970557195655,0.25680803186967177,0.16154351835909478,1.270337755126945,-0.2530625199664734
2015-04-14,0.399392552664654,-1.5472373781045698,0.06535358753453298,0.2754405255163834,-0.3544696282597549
2015-04-15,-0.2451711993421101,-1.4011956068209386,-0.5190686638878685,-0.9613928928298693,-0.4939044021630263
2015-04-16,-1.1592797930971377,-1.727641919101973,-0.28253988638419864,2.1774817041738475,0.06383469345005323
2015-04-17,1.4951509310761375,-0.25433816762303735,-0.30492067869146555,1.317188591478256,-0.126303634599856
2015-04-20,-0.21587284697816983,-3.2396037865089524,-0.11232775030357837,-1.1950048699555338,-1.7741691443657752
2015-04-21,-1.7511065108487962,-3.8409522565003726,0.16189063320416722,1.5467398412989257,-1.406568376802611
2015-04-22,-1.0567355598233403,0.2611033780838861,0.050703680103809386,1.8757544120374887,-0.6586909531396166
2015-04-23,-1.1036129236056578,0.7679542313623617,-0.09006556629148416,0.010043072314136061,-0.4939044021630263
2015-04-24,-0.6494884619645249,0.8968146177890974,-0.31985924959957807,-0.5979559440832742,-0.48122851362636676
2015-04-27,-1.3878069415358978,-1.4097862992493673,-0.17911183293814079,1.6047619533364716,-0.45587673655304217
2015-04-28,-1.566526890955966,-0.8556866376144575,-0.10497784365757111,-1.011561611479992,-0.1516554116731806
2015-04-29,-0.983489678913483,0.5102334585089096,-0.32020810475820355,0.49154895581644875,0.02580702784006914
2015-04-30,-1.666141288993363,-1.2852212590368652,-0.26098340591717506,-0.38122239237578465,-0.10095185752653703
2015-05-04,-1.050875889350552,0.46298465015243734,0.1845191224039007,0.572942386056148,-0.4939044021630263
2015-05-05,0.4023223879010415,0.7636588851481283,0.08795274447151309,-2.9770548587975307,-0.2657384085031329
2015-05-06,1.2431851007462251,0.703524038149013,-0.20154027457838602,-0.7008346797009309,0.025807027840074766
2015-05-07,-1.5430882090648008,2.069444134272342,-0.3427542442976377,-1.3534474475403495,-0.16433130020984574
2015-05-08,-0.9922791846226716,-2.913157474227899,0.22915688049135594,1.4216839204280687,-0.2530625199664678
2015-05-11,-0.2979082335972026,-0.761189020901513,-0.13478420587559264,2.079379968037638,-1.1150229404594088
2015-05-12,-2.0587392106702147,0.8109076935046006,0.14741421140706074,0.8735265305117997,-0.5953115104563135
2015-05-13,-1.865370085068183,-0.04386620312601928,-0.26103781256872477,-0.4536366847301013,-0.5953115104563135
2015-05-14,-3.2951296804286243,-1.0232051399691986,-0.24629757942198874,-0.28027190002915153,-1.1657264946060524
2015-05-15,-2.7179521388589425,-0.09541035769672497,-0.08284734259053861,-1.311926094289217,-1.1784023831427146
2015-05-18,2.5674706275964687,0.8194983859330484,-0.06798703846772144,-0.6788866378392925,-0.519256179236348
2015-05-19,0.030233312878967515,1.9534697864882875,0.11783691437940717,2.4424058421877652,0.07651058198671554
2015-05-20,1.0732546570353454,-0.22856609033767494,0.17722353245104736,0.35817331035172306,0.10186235906003452
2015-05-21,-0.555733734399903,-0.21138470548077942,0.08059902690088429,1.3028683109446284,0.1652418017433404
2015-05-22,-1.2911223787348884,0.29546614779767716,-0.08280260166746328,1.6389866809219475,0.2920006871099494
2015-05-25,-2.2169503134355053,0.2825801091550151,0.22908254009765583,2.145873110036505,0.038482916376731444
2015-05-26,-5.477856931542416,2.915627338474552,0.028575647156761957,1.4030513331668104,0.023271850132740055
2015-05-27,-6.73475624795559,0.08928952951491162,0.16956149989972524,-0.2524807446279722,-0.009685460062580248
2015-05-28,-0.45025966588971156,1.9191070167744966,0.0062912227730060576,-5.073391785899048,-0.17700718874650523
2015-05-29,2.763769588434888,2.636429834549971,-0.06790176977775836,0.09639411610872836,0.2666489100366276
2015-06-01,1.1377110322360207,1.249033007355494,0.05822380833167463,3.4590854600535095,-0.10095185752653703
2015-06-02,-0.12797778988632297,-1.0146144475407508,0.11012549000704998,1.2155141413016677,0.1905935788166622
2015-06-03,-1.4288246348454272,0.19667318487053737,-0.3869248316893831,-0.2655454965475619,1.0272022222362787
2015-06-04,-0.6436287914917369,-0.7483029822588319,-0.11246006562402075,0.5283394841737573,0.8370638941863665
2015-06-05,-1.2471748501889781,0.029154682515777224,0.1027978683520727,0.6824730293829537,-0.646015064602957
2015-06-08,-0.6201901096005847,-0.7397122898303841,0.1546961241139928,1.6929893524867614,-0.32911785118643033
2015-06-09,-2.2228099839082933,-0.7096448663308264,-0.21631079446071066,-0.503086402918907,0.08918647052337221
2015-06-10,-3.3273578680289586,0.969835503430913,-0.06791850624299663,-0.12127075826641,0.051158804913393745
2015-06-11,2.54403194570531,1.7301117833486266,-0.1941353110898024,-0.041245290241707096,0.15256591320668092
2015-06-12,-0.4385403249441354,0.18378714622785616,0.1028267534581021,0.38481006050656286,0.2920006871099466
2015-06-15,-1.8390015679406302,0.8495658094326252,-0.008539467532785186,-1.5826582954346047,0.3300283527199307
2015-06-16,1.184588396018338,-0.473400824548465,-0.12731938890270084,-2.2259867152535415,0.43143546101321784
2015-06-17,-0.4619790068352942,-0.5206496329049373,-0.001112172082560606,1.0524716628057116,1.2173405502861963
2015-06-18,0.003864795751414762,-1.0532725634687754,-0.26102615190308054,-3.0270593469124747,3.055344388102025
2015-06-19,0.0712510061884839,-0.4991729018338083,-0.18683568219290872,-4.486850585996977,2.49760529248894
2015-06-23,2.0606091317002497,1.8031326689904421,0.08806387975964067,2.3028936180978636,0.02580702784006914
2015-06-24,-1.3731577653539342,-1.7963674585295741,0.14745053367953925,1.4138651030372889,1.6990243146793078
2015-06-25,2.3535926553396784,1.7558838606339506,0.021169717439835693,-2.6509456513439926,0.9764986680896378
2015-06-26,-0.18950432985061055,-0.6151472496178627,-0.10507392470720002,-5.989182933604948,0.4821390151598614
2015-06-29,-0.869226104694103,-0.8299145603290952,0.20678899215005586,-2.483313738822219,-1.0136158321661217
2015-06-30,-2.899601923515392,1.2103748914274697,-0.26098729128043835,4.737778757938872,-2.369935905588833
2015-07-01,0.6865164058313011,-0.0009127409837995073,0.07315496577258532,-3.688027996693299,-0.6206632875296381
2015-07-02,2.825296128399169,0.2267406083701141,0.13994405319570583,-2.539329058957623,1.4074788783361112
2015-07-03,3.141718333929763,-0.7225309049734885,-0.10504320756173176,-4.063783228525811,1.1539611076028875
2015-07-06,-2.3517227343096434,-3.1408108235818126,0.06569452414605144,2.079097546081513,-1.7741691443657752
2015-07-07,1.5273791186764718,-2.582415815732631,-0.06792360244792055,-1.3058249958095747,-0.6333391760662975
2015-07-08,7.533541353284899,-2.0197254616692355,0.043419557314100736,-5.104942387475066,-0.2530625199664678
2015-07-09,1.6650813747870041,1.4208468559244687,-0.20155483849735092,4.525083792719791,-0.12630363459986163
2015-07-10,3.6808080174263287,1.592660704493443,-0.008535583122480385,3.8054242529052256,-0.02489652630656882
2015-07-13,0.6454987125217653,0.5360055357942529,-0.17190854495889,1.8410022465594937,-0.2657384085031329
2015-07-14,5.344954431698318,2.0780348267007898,0.21422758156351906,-1.7547646846459117,0.051158804913393745
2015-07-15,-1.9474054716872287,0.35560099479683066,-0.11990107582975067,-2.6343961201366697,-0.06292419191655856
2015-07-16,-0.4854176887264464,-0.662396057974335,0.13251360151525043,0.5543763522961218,-0.8615051697261908
2015-07-17,0.8154291562326579,-0.5936705185467529,0.11761994180742423,2.7555447831820503,-0.20235896581982418
2015-07-20,0.12105820520718888,-0.07822897283982944,0.013713783397069895,0.1535747321524409,-0.17700718874650523
2015-07-21,-0.16899548319586538,0.527414843365786,-0.008546745327107008,0.0880189209715237,0.12721413613336194
2015-07-22,-0.16899548319585236,0.3513056485826163,-0.2534437355243832,-0.16172314236075622,0.2666489100366276
2015-07-23,-1.8390015679406302,-1.517169954604993,0.006305777410606792,1.6196590606453973,0.7990362285763825
2015-07-24,-2.0821778925613668,-1.1864282961097252,-0.04565409678192194,-1.2978146034594449,0.25397302149996814
2015-07-27,0.11812836997080135,0.23103595458432843,0.02857224946467077,-6.540467805678319,0.013131139303409648
2015-07-28,-0.6758569790920778,-1.237972450680412,-0.18670206819599913,-0.15273560115722198,-0.07560008045321805
2015-07-29,-0.4649088420716817,0.3083521864403584,-0.05308588361703148,2.243381822448042,-0.4685526250897073
2015-07-30,-0.19829383555980565,-1.061863255897204,0.08798005226586832,-2.1738098491997984,-0.13897952313652112
2015-07-31,-0.3506452678522951,1.193193506570574,0.028575647156761957,0.018071984080690294,0.10186235906003734
2015-08-03,0.3759538707734888,0.9569494647882508,-0.04565409678192194,0.23282888082486475,-0.1643313002098401
2015-08-04,1.7793449490063906,-0.6666914041885684,0.0359943259568778,2.2261071271336887,-0.13897952313652112
2015-08-05,-0.7520326952383355,-0.0137987796264807,0.04340754620542655,-1.524677159731925,-0.13897952313652112
2015-08-06,-1.8184927212858655,0.8882239253606496,-0.06049181996958164,-0.671245533397528,-0.2657384085031329
2015-08-07,1.4922210958397368,-0.5464217101902806,-0.07533936954330861,1.4102452257892968,0.06383469345005323
2015-08-10,-1.4903511748097082,-0.2500428214088039,-0.11246297807441939,3.2355262571694485,0.038482916376734254
2015-08-11,0.3788837060098893,1.949174440274054,8.332728464451057,-0.3235277218026302,0.11453824759669683
2015-08-12,3.2325432262579974,1.536821203708542,7.264581927583332,-0.9195650449549305,0.1272141361333563
2015-08-13,0.7451131105591752,-0.3316543994790673,4.998122193117561,1.0641394157327617,0.1272141361333563
2015-08-14,-3.6642889202143114,-0.6623960579743541,-0.27172702929116843,-0.041012730078496706,0.19059357881666503
2015-08-17,0.5224456325932161,-0.28011024490838066,-0.0659721269961293,0.07103672504601213,0.2920006871099466
2015-08-18,0.059531665242907796,0.32982891751148735,-0.044680403068996496,-4.672093130684887,0.19059357881666503
2015-08-19,-0.06645124992205491,0.3255335712972539,-0.04468140181286412,1.1431641471399911,0.2032694673533189
2015-08-20,0.3144273308092077,0.38137307208217397,-0.36425308540987617,-2.387151158395837,0.5201666807698455
2015-08-21,-0.07524075563123048,-1.2293817582519642,-0.3858379018512769,-3.4218227419094753,0.17791769028000554
2015-08-24,0.3378660127003729,-0.03957085691180494,-0.037605393055688975,-6.6893645674548745,-0.012220637769914961
2015-08-25,-0.060591579449266846,-1.4999885697480975,0.8644914358186403,-5.38402544793365,-0.03757241484323394
2015-08-26,0.11812836997078835,-0.8857540611140152,0.37382082648033854,-0.42120812934260204,-2.065714580708977
2015-08-27,-0.05180207374007827,-1.3152886825364418,0.2742913351474506,4.210890983787936,-0.3798214053330739
2015-08-28,-0.605540933418608,-0.8771633686855674,-0.7253653436741264,3.0408741677073854,-0.06292419191655856
2015-08-31,3.050893441601542,-1.3195840287506562,-0.6838111958210717,0.5211925452876445,0.08918647052337784
2015-09-01,-2.6974432922041776,-2.5566437384472875,-1.0265117823097958,-0.10318912731378523,0.1652418017433404
2015-09-02,-0.2627502107604743,0.8023170010761529,-0.9716322710230716,0.07480243218455455,0.15256591320667529
2015-09-07,0.000934960515014229,-0.22856609033767494,-0.2732537459752245,-2.552228414772049,-0.126303634599856
2015-09-08,-0.0342230623217141,2.0307860183443176,0.3692024178342414,1.8459254292396279,-0.08827596898987754
2015-09-09,-0.054731908976478796,-0.5077635942622561,-0.07333259406304442,1.4090617855425327,-0.03757241484323394
2015-09-10,0.5253754678296166,0.8796332329322019,0.9745101180862382,-0.9086014488619188,0.038482916376728626
2015-09-11,-0.338925926906732,-0.761189020901513,-0.4009025982009676,-0.23244967233436217,0.051158804913393745
2015-09-14,0.06832117095208337,-0.43044736240622616,-0.09465050160583788,-1.4616579888078398,-0.10095185752653703
2015-09-15,1.3545188397292112,-0.24145212898035615,-0.33708383118757285,-2.9323346809758464,-0.012220637769914961
2015-09-16,0.5077964564112395,-0.9330028694704875,0.31169308457602457,3.5421279387164377,0.0004552507667501583
2015-09-17,-0.5059265353811981,0.4500986115097752,-0.3228060176625039,-1.6180600000008056,0.013131139303409648
2015-09-18,-0.30083806883360314,0.5832543441507061,-0.47288672549790506,0.314662976204105,0.0004552507667501583
2015-09-21,0.7509727810319763,-0.21138470548077942,0.46890178295663787,1.2616207380171962,0.02580702784006914
2015-09-22,0.42283123455580623,0.4243265342244128,0.2973840469779396,0.6695920725544342,0.08918647052337221
2015-09-23,-0.9454018208403542,0.06351745222956831,0.34699955461242993,-1.6874379993039978,0.06383469345005323
2015-09-24,0.41404172884661766,-0.10400105012517274,0.10475423047769163,0.4833576974160281,1.014526333699622
2015-09-25,2.248118586829487,-0.21997539790922718,-0.06609496993926472,-1.195062200186293,-0.4051731824063986
2015-09-28,-0.42096131352576477,-1.006023755112303,-0.4221995348734374,0.23700570398408874,-0.18968307728316472
2015-09-29,0.27047980226329077,-1.2852212590368652,-0.5152635185402739,-1.4594283266933263,-0.13897952313652112
2015-09-30,-0.5733127458182672,-0.7225309049734885,-0.35873825780513396,0.5446556252653662,-0.12630363459986163
2015-10-08,0.1357073813891525,-0.4519240934773551,-0.7949228589964257,2.0947771846094034,-0.08827596898987754
2015-10-09,0.32028700128200877,-1.6889838031739675,-0.10919301830471799,0.9534026686149232,0.013131139303409648
2015-10-12,0.9238330599792305,-2.105632385953732,-0.6459742904175583,2.3076209819842584,-0.024896526306574452
2015-10-13,-0.5733127458182672,-0.5936705185467529,-1.2783106502564194,-0.0626983882733682,0.013131139303409648
2015-10-14,0.3202870012819958,-3.2310130940805046,1.245861256420619,-0.8362389047007405,0.013131139303409648
2015-10-15,-0.14555680130470014,0.3727823796537262,-0.06635295679843776,1.7029721327811886,0.013131139303409648
2015-10-16,0.08590018237046054,1.6055467431361243,0.22004178948241687,0.976067923974728,-0.02489652630656882
2015-10-19,1.3545188397292112,0.38137307208217397,0.6274994307210013,-0.0041457310028311534,0.02580702784006914
2015-10-20,-0.1191882841771604,-1.3238793749649087,0.5980178892017849,0.8869207401686966,0.0004552507667501583
2015-10-21,0.2792693079724924,-1.8135488433864697,-1.0309162046472562,-2.1695454382333734,0.013131139303409648
2015-10-22,-0.28032922217883843,0.9784261958593607,0.14826683353404546,1.0633820149021245,0.038482916376728626
2015-10-23,0.6982357467768708,-0.9888423702553885,0.6768560588563958,0.9545206389363358,0.07651058198671272
2015-10-26,-0.4619790068352942,-0.5077635942622751,-0.3519361046524331,0.3608770444578396,-0.7854498385062226
2015-10-27,-0.9073139627672254,-1.5214653008192074,-0.4165300202212625,0.0669978332898949,-0.5065802906996858
2015-10-28,-0.6729271438556902,-0.026684818269142818,0.2768643445938878,-1.400634493036163,-0.050248303379899065
2015-10-29,0.20895326229902272,2.060853441843894,0.40519880801323427,0.16692557334149408,0.0004552507667501583
2015-10-30,-0.057661744212866316,0.5145288047231239,-0.7450690844502043,0.009396562092948195,0.013131139303409648
2015-11-02,0.21481293277181077,0.5231194971515908,-2.4684692776732806,-1.2170385813997997,0.013131139303409648
2015-11-03,0.3876732117190649,0.570368305508044,1.0968204667759596,-0.2267743502273406,0.0004552507667501583
2015-11-04,0.38474337648267737,0.6863426532920984,0.21322727025307206,3.349733829176695,0.051158804913393745
2015-11-05,0.2704798022633038,2.3658230230538377,0.2489250659478393,1.5349095497612208,-0.050248303379899065
2015-11-06,0.35837485935512464,-0.6623960579743541,0.535056829185416,1.6951986315252354,-0.02489652630656882
2015-11-09,1.4599929082394092,1.012788965573152,0.8272760710679805,0.8920242130289282,0.013131139303409648
2015-11-10,1.3105713111832942,3.3881154220392364,0.1479834003732499,-0.1419697376004342,-0.050248303379899065
2015-11-11,0.6191301953942255,-1.8178441896007032,0.06227461048961872,0.0012075843403617026,0.0004552507667501583
2015-11-12,0.012654301460590338,-1.0232051399691986,0.0765309055919693,-0.7399741618630056,0.013131139303409648
2015-11-13,-0.47955801825365835,-1.027500486183413,0.16924852665540466,-0.9568016465715561,0.0004552507667501583
2015-11-16,0.6015511839758614,0.11506160680027401,0.653752434272889,0.34111628322307175,0.02580702784006914
2015-11-17,0.5136561268840405,0.42862188043864624,-0.09461584462270325,-0.11795320742718711,0.0004552507667501583
2015-11-18,0.17379523946228137,0.10647091437180717,0.3753593727809518,-0.8428164014011479,0.02580702784006914
2015-11-19,0.15914606328031775,0.5875496903649395,-0.05897368698022799,1.1510808652606863,0.02580702784006914
2015-11-20,0.062461500479295315,-0.43044736240622616,-0.10168911118098141,-0.017885920110681117,0.038482916376734254
2015-11-23,-0.19829383555979263,-0.5507170564045141,0.5955546091776263,-0.4148040666077648,0.02580702784006914
2015-11-24,-0.057661744212879326,0.2653987242981195,0.12588737841589626,0.004208360884918427,0.038482916376734254
2015-11-25,-0.025433556612525512,-1.749118650173102,-0.10157021426016465,0.5305030669755486,0.02580702784006914
2015-11-26,0.26462013179050276,-1.5687141091756798,0.11165187005518666,-0.43596367426823573,0.051158804913393745
2015-11-27,-0.17485515366864043,0.34271495615414943,0.11161172149924267,-4.0473755101167725,0.06383469345005323
2015-11-30,-0.6377691210189489,-0.35313113055019624,0.31038292403852613,0.1865153077292239,0.08918647052337221
2015-12-01,0.616200360157838,-0.5464217101902806,0.054694956102762524,0.5091624916252491,-0.05024830337989344
2015-12-02,-0.33306625643394394,0.48875672743778065,-0.1298626117693652,2.5941199137911695,0.0004552507667501583
2015-12-03,0.18258474517146997,-0.2672242062656994,0.14696541923651082,0.5278082831331752,0.00045525076674452907
2015-12-04,-0.42096131352576477,-0.9029354459709108,-0.9539973971881399,-1.4162776224733442,0.025807027840074766
2015-12-07,-0.5205757115631747,0.6004357290076207,0.9285154253504222,0.1919778696028621,-0.012220637769914961
2015-12-08,-0.3623646087978842,-1.1477701801817008,0.6360909342778234,-1.296503639794257,0.02580702784006914
2015-12-09,-0.5791724162910683,1.957765132702521,0.41573386732951667,0.25327217366063093,0.038482916376734254
2015-12-10,-0.05180207374007827,-1.882274382814071,0.6557046097146446,-0.26509943014605003,0.051158804913393745
2015-12-11,-0.555733734399903,-0.7697797133299417,0.8381619697498986,-0.30994156152784275,0.07651058198671272
2015-12-14,-0.6348392857825613,0.7937263086477051,0.9421453669092968,2.0534515533637574,0.02580702784006914
2015-12-15,0.3232168365183963,1.0643331201438384,0.4269626791598171,-0.34040704313301545,-0.03757241484323394
2015-12-16,-0.9131736332400134,-1.0146144475407317,0.4475946800148431,-0.18360303691617397,0.038482916376734254
2015-12-17,-0.24224136410570957,-0.31017766840795735,0.896077354607746,1.3757402647331798,-0.012220637769914961
2015-12-18,-0.59968126294582,-1.3840142219640241,0.37610542866365393,0.2267907075097724,0.25397302149996814
2015-12-21,-0.860436598984921,-2.4063066209494424,-0.45092446183243773,1.8688888869201445,0.215945355889984
2015-12-22,-0.45025966588971805,-1.8994557676709474,-0.07247326914583048,0.19648631209169418,0.11453824759669683
2015-12-23,0.5781125020847091,-0.04386620312603835,-0.1285912405380867,-0.2017404988811354,0.08918647052337221
2015-12-24,-0.7842608828386632,0.4200311880101794,0.14493150969755939,-0.7081378440061079,0.013131139303409648
2015-12-25,-1.5372285385920257,-2.6081878930179743,-0.3179817301035879,0.16098711879077293,0.10186235906003734
2015-12-28,1.3486591692564232,-0.5979658647609672,0.2361494266789873,-2.140477694936695,0.0004552507667501583
2015-12-29,-0.6465586267281375,0.42862188043862715,0.7753316292688968,0.6609999283505246,-0.012220637769914961
2015-12-30,-0.47662818301725784,-0.13406847362474947,0.19356661760978675,0.05746666911863797,0.013131139303409648
2015-12-31,1.808643301370331,1.313463200568862,0.26339210910893307,-0.6721122355091391,0.051158804913393745
2016-01-04,-0.7520326952383224,0.9999029269304898,0.6473863148871666,-5.320577516127345,-0.2403866314298083
2016-01-05,1.4277647206390682,1.3864840862106775,0.9321490011259037,0.1975658798191463,-0.05024830337989344
2016-01-06,-0.12211811941354793,0.3341242637257017,0.9857609973747262,1.2630293850161278,-0.08827596898987754
2016-01-07,0.3876732117190779,-2.5953018543753124,2.278800249831031,-5.252047838706473,-0.10095185752653703
2016-01-08,-0.5674530753454922,-0.0481615493402527,-0.09255840511957993,1.4671419900693108,-0.050248303379899065
2016-01-11,0.188444415644258,-0.6623960579743541,-0.09256894476131425,-3.774773743443476,-0.05024830337989344
2016-01-12,-0.8282084113845801,-1.3238793749648896,-0.009548187663697034,0.5234065110436423,-0.024896526306574452
2016-01-13,-1.8331418974678422,-2.0240208078834687,-0.009548609352272213,-1.3776346173130867,0.013131139303409648
2016-01-14,-0.010784380430561881,-0.6881681352596783,-0.12025405716834736,1.4974637831290902,0.013131139303409648
2016-01-15,-0.2481010345784976,0.9054053102175451,0.12190912893688245,-2.3750103732629904,0.051158804913393745
2016-01-18,-0.3418557621431325,1.360712008925315,-0.348633750388034,0.2737684825820762,0.07651058198671272
2016-01-19,0.8095694857598699,0.5789589979365108,0.01814832151791266,2.1167659150371896,0.11453824759669683
2016-01-20,0.22360243848098635,0.9784261958593607,-0.14799909717207427,-1.1190958346437192,0.3300283527199363
2016-01-21,1.2724834531101654,-0.7096448663308264,0.025079152692711746,-2.1780539526732254,0.8243880056497014
2016-01-22,-0.5235055467995753,-1.027500486183413,-0.11339592493507467,0.7504183685557291,-0.05024830337989344
2016-01-25,0.6044810192122619,2.9499901081883433,-0.12726583134484268,0.3541878411375085,-0.2910901855764519
2016-01-26,0.11812836997078835,0.3083521864403584,-0.08572518168797691,-4.539624134568832,-0.1516554116731806
2016-01-27,-0.450259665889705,2.3872997541249474,-0.12730387077958819,-0.25914824762785316,-0.03757241484323394
2016-01-28,0.5781125020846961,-0.03957085691180494,-0.058030364977713224,-1.9401387367780327,0.051158804913393745
2016-01-29,-0.14848663654108768,-2.3118090042364976,-0.1065437060168232,2.3180547574681416,-0.39249729386973903
2016-02-01,-0.31255740977917923,0.9913122345020229,0.13598715018464158,-1.131309917331037,1.458182432482749
2016-02-02,-0.1309076251227235,-0.984547024041155,-0.22434324004567732,1.494945785414056,0.15256591320668092
2016-02-03,0.5956915135030734,0.46298465015243734,0.052850067025443724,-0.3201902842084215,-0.012220637769914961
2016-02-04,0.1122686994980003,-0.23286143655190839,-0.7307904327099107,0.8823005716878052,0.038482916376734254
2016-02-05,-0.3623646087978842,0.6047310752218351,-0.7527494983270857,-0.5212727868000158,-0.07560008045321805
2016-02-15,0.018513971933391406,-0.4734008245484841,-1.3880074454366937,-0.4285513464920938,-1.862900364122403
2016-02-16,-0.19536400032340512,0.35989634101106405,0.06028055290543443,2.197660584883882,-0.02489652630656882
2016-02-17,-0.18071482414142848,-0.38749390026398733,0.7219574449460413,0.6225388255293154,0.013131139303409648
2016-02-18,-0.494207194435635,0.06351745222956831,-0.6153807408629324,-0.23620906440071174,-0.13897952313652112
2016-02-19,0.03609298335175557,-1.061863255897204,0.21350496834150806,-0.05710190794590958,0.02580702784006914
2016-02-22,-0.33599609167033145,0.1236522992287027,-0.16968590338876083,1.5855445889279747,0.013131139303409648
2016-02-23,-0.2451711993421101,1.313463200568862,0.7285137748192855,-0.700446735591827,-0.024896526306574452
2016-02-24,0.24704112037213857,0.25680803186967177,0.1783013690539297,0.4688026978526085,0.1652418017433404
2016-02-25,-0.31841708025195425,0.09788022194337846,0.08785159487554245,-4.629166317546444,0.3427042412565958
2016-02-26,0.08297034713406001,0.6004357290076017,0.11562260292204458,0.7221454668468744,0.3173524641832712
2016-02-29,-0.4414701601805294,-0.9330028694704684,0.7681499484258245,-1.7752018077102614,-0.11362774606320214
2016-03-01,-1.349719083462782,-0.061047587982933894,-0.48841926014709813,1.3315004245070996,-0.329117851186436
2016-03-02,0.1122686994980003,0.6906379995063319,0.7051867681955458,2.938318394066791,-0.08827596898987754
2016-03-03,-0.5469442286907145,0.6347984987214118,-0.5644992471427966,0.16285293577984628,-0.02489652630656882
2016-03-04,-0.3301364211975434,0.4586893039382039,-0.912766710775899,0.8351606164655766,-0.012220637769914961
2016-03-07,0.49021744499287534,0.969835503430913,-1.2142678937523372,0.2513637616925022,0.0004552507667501583
2016-03-08,-0.02250372137613799,1.5282305112800754,-0.5257457035094546,0.06002226029221091,0.0004552507667501583
2016-03-09,0.05660183000650726,-1.4097862992493864,0.43015816356021536,-0.8516066148402837,0.00045525076674452907
2016-03-10,-0.3213469154883548,-1.7104605342450774,0.12304709482137521,-1.4165268561447086,-0.13897952313652112
2016-03-11,-0.21294301174176927,-0.649510019331673,-1.573783693258727,0.11783629767622542,0.038482916376734254
2016-03-14,0.16207589851670526,0.5403008820084673,0.032576560853376776,1.1311305291337812,0.0004552507667501583
2016-03-15,-0.42682098399856583,-0.28870093733680935,1.136277172113993,0.20956071476553126,0.013131139303409648
2016-03-16,-0.28325905741522595,-1.2336771044661976,0.6250128209901661,0.35469405948304855,0.02580702784006914
2016-03-17,-0.8076995647298285,0.6906379995063319,-1.495818344476877,0.7963100280266316,0.08918647052337221
2016-03-18,-0.9131736332400134,-0.9072307921851251,-2.3569356207264933,1.1009756031719549,0.10186235906003734
2016-03-21,-0.3242767507247553,-0.009503433412247278,1.3515667911243157,1.7550820568897345,0.10186235906003734
2016-03-22,-0.08696009657680659,0.8968146177890974,1.0051032096371293,-0.5397581846746836,0.051158804913393745
2016-03-23,0.4316207402649818,-0.035275510697590585,-0.26805276931832117,0.2262163546657405,-0.03757241484323394
2016-03-24,-0.183644659377829,-0.4089706313350972,1.4705216308404703,-1.2405625391769723,-0.03757241484323394
2016-03-25,0.07418084142488444,1.0170843117873662,0.4850959782237562,0.35884555823575254,0.05115880491338811
2016-03-28,0.3876732117190649,1.8289047462757855,0.03926442547554465,-0.6506234362807751,0.025807027840074766
2016-03-29,-0.12504795464993546,-1.117702756682124,-1.2221974494736536,-0.8012650204749334,0.038482916376728626
2016-03-30,0.027303477642566982,-1.2250864120377307,-1.554374718035955,1.852386949048749,0.1272141361333563
2016-03-31,-0.4151016430529767,-0.18990797440966953,-1.629823296586625,0.034572207848722177,0.17791769028000554
2016-04-01,0.4404102459741704,0.2611033780838861,-0.21316609717169613,0.07975050340914498,-0.050248303379899065
2016-04-05,0.12105820520718888,0.23533130079856188,0.5246525683874398,0.952158728476139,-0.21503485435648367
2016-04-06,0.033163148115355034,0.8839285791464162,0.6151573690030584,-0.16232855823053097,-0.08827596898987754
2016-04-07,0.6425688772853778,1.0729238125722862,-0.35307051618347707,-1.0956644421237998,-0.05024830337989344
2016-04-08,0.8916048723789026,1.0901051974292009,0.15902274354260554,-0.544562478127589,-0.012220637769914961
2016-04-11,0.5136561268840275,-0.6581007117601206,-0.6129694740829104,1.0031871254605411,0.06383469345005323
2016-04-12,0.7832009686323171,0.39425911072485514,-0.25521750456078607,-0.2702427518826022,0.06383469345005323
2016-04-13,0.5781125020846961,0.35560099479683066,-0.19909468828634863,0.96084291646919,0.10186235906003734
2016-04-14,0.5341649735387922,0.7164100767916751,2.080647966185867,0.3161531739081017,0.038482916376728626
2016-04-15,0.13570738138916552,-0.5378310177618519,0.09555149353426647,-0.08742727606603169,-0.02489652630656882
2016-04-18,-0.078170590867631,-0.5593077488329617,-0.8706176059518882,-0.9892516096928293,0.02580702784006914
2016-04-19,-0.3535751030886956,0.1880824924420896,-0.6335308806150509,0.215828955751249,0.051158804913393745
2016-04-20,0.5019367859384515,1.193193506570574,-0.8733438699648226,-1.3093267157286639,0.2286212444266435
2016-04-21,0.5107262916476271,-0.05675224176870047,1.5488391088164881,-0.47676761806872053,0.1398900246700158
2016-04-22,0.6894462410676953,-0.08681966526829628,0.6417655592374377,0.3229455416807552,0.038482916376734254
2016-04-25,0.2792693079724794,-0.06963828041138166,1.5271792698382225,-0.3030447332317662,0.11453824759669683
2016-04-26,1.4131155444571046,0.11076626058604058,-1.6859078969577994,0.3877992881642167,0.0004552507667501583
2016-04-27,-0.13676729559552459,-0.4003799389066494,-0.33841356097390135,-0.31133480227923627,0.07651058198671272
2016-04-28,0.23239194419017492,-1.1563608726101486,0.7952326169767682,-0.12967474586119884,0.2920006871099466
2016-04-29,-0.09574960228599518,0.08499418330069727,-2.5820900577714476,-0.09521102929669037,0.24129713296330862
2016-05-03,-0.9864195141498836,0.024859336301543803,-0.1921355481883091,1.29519446105183,-0.5699597333829944
2016-05-04,0.047812324297331676,0.2009685310847517,2.6271672681678977,-0.09926488820772311,-0.13897952313652112
2016-05-05,-0.04887223850367773,0.04633606737267277,1.2682248864602803,0.094784639776638,0.025807027840074766
2016-05-06,0.6542882182309538,0.23962664701277622,0.492231544324209,-1.9298229492248382,-0.024896526306574452
2016-05-09,0.9882894351799122,1.1717167754994642,-0.6993816681441246,-1.5321607339962109,-0.024896526306574452
2016-05-10,-0.9424719856039666,-0.7912564444010898,0.8684382128427381,0.07666954267423493,0.013131139303409648
2016-05-11,-0.44147016018051644,0.046336067372691844,-0.19046929168408647,0.31849812035338704,0.02580702784006914
2016-05-12,0.8535170143057738,0.011973297658862611,-1.7675056698049896,0.16678111191965592,0.025807027840074766
2016-05-13,-1.2530345206617726,-0.0481615493402527,1.9782958679697038,-0.36658546275356113,0.00045525076674452907
2016-05-16,0.018513971933391406,0.647684537364093,0.6511505236615794,0.47553547129225987,0.051158804913393745
2016-05-17,0.29977815462724405,0.5746636517222583,-1.0181556626981487,-0.22584063217851957,0.06383469345005323
2016-05-18,0.20016375658983412,0.815203039718834,0.08802559503638006,-0.43335185551631733,0.02580702784006914
2016-05-19,0.18258474517146997,0.19667318487053737,2.1644752301573935,-0.13839477507373613,0.0004552507667501583
2016-05-20,0.12984771091636446,-0.31017766840795735,-0.16891555553108012,0.36716529502163525,0.013131139303409648
2016-05-23,-0.39459279639822503,-0.28011024490838066,-0.40475655193920207,0.2066724932371021,0.0004552507667501583
2016-05-24,0.1737952394622944,0.29546614779769625,0.06678543458076261,-0.5683591447539492,0.013131139303409648
2016-05-25,0.07711067666127196,-0.37890320783553955,1.5344378965994578,-0.10980553505962352,0.02580702784006914
2016-05-26,0.10054935855242418,0.14512903029983165,-0.9989963967761544,0.11230721045099629,0.02580702784006914
2016-05-27,0.3759538707734888,0.037745374944224995,-0.45304205569605105,-0.0473522460335236,0.025807027840074766
2016-05-30,-0.28325905741522595,0.6133217676503019,2.010419669954039,0.09373380214007462,0.02580702784006914
2016-05-31,0.2529007908449266,1.4981630877804986,0.018025841439135378,2.401621465794809,0.06383469345005323
2016-06-01,-0.12504795464993546,-0.7225309049734885,0.659359751582648,-0.21444086453787822,0.0004552507667501583
2016-06-02,0.41697156408301816,1.0256750042158331,-1.410641209092885,0.144639940401959,0.07651058198671272
2016-06-03,1.2109569131458842,1.3950747786391253,0.701828753776912,0.5039643056646607,-0.03757241484323394
2016-06-06,0.08297034713406001,-0.4476287472631217,-2.070776951865736,-0.2481510219852082,0.0004552507667501583
2016-06-07,0.27633947273609183,-0.3015869759795096,0.8146705537861355,-0.04640766157474847,0.05115880491338811
2016-06-08,0.2089532622990097,-0.022389472054909394,-0.19641106530805966,-0.30743715219330603,0.025807027840074766
2016-06-13,0.4990069507020639,0.059222106015353965,1.4417826751317828,-2.2950217965696456,0.02580702784006914
2016-06-14,-0.3828734554526489,-1.4742164924627543,-0.11999642068142807,0.22263812865709873,0.0004552507667501583
2016-06-15,-0.3858032906890364,0.44580326529554176,1.423621416208091,0.9456616509494281,0.013131139303409648
2016-06-16,0.3320063422275849,-1.3238793749648896,-1.8294127429553757,-0.5165155744071446,0.038482916376728626
2016-06-17,0.0507421595337192,0.7207054230058895,0.3632394423462104,0.36245169995409354,0.051158804913393745
2016-06-20,0.23532177942657548,-0.5764891336898573,-0.624177078195798,0.047807962615171416,0.07651058198671272
2016-06-21,0.012654301460590338,0.09788022194337846,-0.3828593242245652,-0.1558015533700612,0.051158804913393745
2016-06-22,0.132777546152765,-0.6538053655459063,1.9020043307190864,0.6402301080040137,0.02580702784006914
2016-06-23,-0.09574960228599518,-0.4476287472631217,-1.9349445242967434,-0.3953050060932483,0.051158804913393745
2016-06-24,-0.0869600965768196,-0.5507170564045141,0.7919086937029998,-0.9531866649168425,0.1779176902799999
2016-06-27,0.047812324297331676,-2.878794704514108,4.092842018501454,1.015613745596397,0.06383469345005323
2016-06-28,0.23532177942657548,-0.9158214846135919,1.0220489578473362,0.3634643308346715,0.08918647052337221
2016-06-29,-0.16606564795946485,1.4208468559244687,-1.4178341214855557,0.3414820459019976,0.07651058198671835
2016-06-30,0.003864795751414762,0.17949180001364182,-0.10554557901561769,0.052053896447729925,0.00045525076674452907
2016-07-01,-0.12211811941354793,-1.804958150958022,1.2347686351181402,-9.384073899938267e-05,-0.24038663142980266
2016-07-04,-0.057661744212866316,0.0033826052304148403,-0.18729519563039349,1.152892405778906,-0.11362774606320214
2016-07-05,-0.0986794375223957,1.0772191587865196,0.8092075914636995,0.05461417574597186,-0.12630363459986163
2016-07-06,-0.11332861370435934,0.024859336301562878,1.7662907798946454,0.2075525073105012,-0.07560008045321241
2016-07-07,-0.8282084113845801,-1.1348841415390196,-0.27473927353908867,-0.16216331195381492,-0.07560008045321805
2016-07-08,0.015584136696990871,-0.35313113055019624,0.20080125300797372,-0.4096171092704412,-0.024896526306574452
2016-07-11,-0.2598203755240737,0.8023170010761529,-0.09130943019772954,0.24568857211023448,-0.03757241484323394
2016-07-12,-0.33306625643394394,0.5231194971515908,0.7028716432939904,1.5682453916556107,-0.03757241484323394
2016-07-13,-0.2949783983608151,0.29546614779767716,-0.4237016525897349,0.20914766007550212,-0.06292419191655292
2016-07-14,0.34958535364594906,0.17949180001364182,-0.3289488495658355,-0.14243120053861508,-0.024896526306574452
2016-07-15,-0.0986794375223827,-0.03098016448337624,-0.30196681993530033,-0.017391216534842553,-0.012220637769914961
2016-07-18,-0.3916629611618245,-0.5850798261183051,1.0356707505663767,-0.3248909762039515,0.0004552507667501583
2016-07-19,-0.5147160410903867,-0.09111501148249156,0.04441837599370204,-0.31578428844579526,0.02580702784006914
2016-07-20,-0.8340680818573812,-0.6795774428312497,-0.1929148199116926,-0.2458323847761798,0.013131139303409648
2016-07-21,-0.03129322708531357,-1.68039311074552,-0.5255632147281609,0.32903645921259866,0.051158804913393745
2016-07-22,-0.12504795464993546,0.9956075807162563,-1.4038392292322406,-0.6232630712543198,0.13989002467002143
2016-07-25,0.22067260324458582,0.12794764544293613,1.2755813079887668,0.12286666189874279,0.15256591320667529
2016-07-26,0.2734096374997043,0.41144049558175066,-0.5806022085136582,0.8627539894660423,0.215945355889984
2016-07-27,-0.5176458763267873,-0.6666914041885684,-0.7515151305032421,-1.1620804074768911,0.1652418017433404
2016-07-28,-0.2949783983608151,0.26969407051233385,-0.5276357129945211,0.05904830943372296,0.0004552507667501583
2016-07-29,-0.0049247099577608144,-0.7354169436161506,-0.6101104242479476,-0.39755653131403784,-0.12630363459986163
2016-08-01,0.23239194419016193,0.170901107585175,-1.6236713869761916,-0.6271572315962531,-0.05024830337989344
2016-08-02,-0.3828734554526359,0.40284980315330293,1.167107724858667,0.2742618135428518,-0.05024830337989344
2016-08-03,-0.0986794375223957,-0.4003799389066494,-1.7760001597576953,0.09533901196654557,-0.06292419191655856
2016-08-04,-0.2861888926516265,0.020563990087310382,1.681395591930699,0.1711081406666932,-0.08827596898987754
2016-08-05,-0.4268209839985528,-0.3746078616213061,-0.2831395959120703,0.08053113856033053,-0.07560008045321241
2016-08-08,-0.3213469154883548,-0.5593077488329617,1.4034254300749882,0.6526555765055602,0.00045525076674452907
2016-08-09,-0.20708334126898123,-0.5721937874756239,-0.16654703111991545,0.5062377362199488,0.025807027840074766
2016-08-10,-0.40924197258018863,-1.783481419886912,-0.4599655432650243,-0.31293932181275647,0.11453824759669683
2016-08-11,-0.23931152886932203,-0.04386620312603835,-1.9041065585937105,-0.2315506918214078,0.1018623590600317
2016-08-12,-0.22466235268734538,-0.20708935926654598,1.9460494560980555,1.3550591244470793,0.06383469345005323
2016-08-15,-0.5205757115631747,-1.671802418317072,-0.7950974626007954,2.1591272763358056,0.07777817084038148
2016-08-16,-0.7168746724016071,-0.1254777811963017,-0.8785798610549385,-0.33383224741242945,0.03721532752306549
2016-08-17,0.1122686994980133,1.6828629749921542,-1.73174754727987,-0.11896104614125806,0.038482916376734254
2016-08-18,-0.16313581272306432,-0.12118243498208736,1.4657872733086679,-0.19211175118784948,0.038482916376728626
2016-08-19,0.3173571660456082,0.8495658094326441,-0.4483655318894996,0.00504043130957521,0.013131139303409648
2016-08-22,-0.06938108515845544,0.22674060837009502,2.9908428608502966,-0.6214660296261046,0.009328372742408986
2016-08-23,-0.11625844894074687,-0.2113847054807985,-0.47322344994833754,0.10351254257530253,0.08031334854771338
2016-08-24,0.35251518888233657,1.4895723953520699,-1.1567698180401687,-0.26844162691452805,0.13989002467002143
2016-08-25,0.399392552664654,-0.6194425958320962,1.2190909618360783,-0.46600773529753836,0.038482916376728626
2016-08-26,-0.09574960228599518,-0.3015869759795096,-0.8012423545078358,-0.04808878307559926,-0.012220637769909332
2016-08-29,0.26754996702690326,-0.18990797440966953,2.4828129611718466,0.008693541721445208,0.038482916376728626
2016-08-30,0.1239880404435764,1.3993701248533588,-0.322312784347424,0.08620898523327057,0.038482916376734254
2016-08-31,0.018513971933391406,0.4243265342244128,0.6285653650339568,0.34102126040222447,0.051158804913393745
2016-09-01,-0.21001317650538176,-0.2629288600514851,-0.8656655848125406,-0.5839673003121086,0.00045525076674452907
2016-09-02,-0.060591579449266846,0.1279476454429552,-0.4110875406002255,0.27013900263050905,0.025807027840074766
2016-09-05,0.45505942215614703,0.5789589979364917,0.9690140041027387,0.11594774976980723,0.013131139303409648
2016-09-06,0.04488248906093115,0.5875496903649395,-1.3629573370688284,0.49629961595657085,0.00045525076674452907
2016-09-07,0.07418084142488444,0.06781279844380174,-0.8481317449409572,-0.046070969239172845,0.013131139303409648
2016-09-08,0.08297034713406001,0.6433891911498596,0.419845935372421,-0.03394815712712702,0.038482916376734254
2016-09-09,0.33200634222757186,-0.07393362662561509,0.4126046641014125,-0.47850668464315976,0.09552441479170477
2016-09-12,0.3759538707735018,0.9741308496451464,1.4992921375691106,-1.236632605571535,0.0321449721084017
2016-09-13,-0.10746894323157129,-1.0661586021114375,-1.2601721848095921,-0.05739778171633796,0.10820030332836426
2016-09-14,0.23532177942656246,-0.6151472496178818,1.1251705598558266,-0.49188689159805565,0.09552441479170477
2016-09-19,0.17965490993508243,-0.0009127409837995073,-0.7638377622279033,0.5412415776912318,0.07651058198671272
2016-09-20,0.08883001760684807,-0.23286143655190839,-1.3237940146090597,-0.13465659840451377,0.051158804913393745
2016-09-21,0.20309359182622164,0.09788022194337846,0.9505686661377187,0.20007029954238317,0.07651058198671272
2016-09-22,0.7978501448142807,0.493052073651995,-1.5567752437622482,0.5385866394313369,0.051158804913393745
2016-09-23,-0.810629399966216,-0.9888423702553885,1.0471252533439641,-0.35017525476335754,-0.012220637769909332
2016-09-26,-0.2481010345784976,-0.5034682480480418,0.48031252638049116,-1.2513905600652042,0.43143546101321784
2016-09-27,0.29391848415445604,-0.09111501148251062,-0.6905655458373041,0.45603856192402603,0.2666489100366276
2016-09-28,-0.5528038991635156,0.18378714622785616,0.21500539358978663,-0.22910265354679354,0.2286212444266435
2016-09-29,0.3700942003007007,-0.17702193576698833,0.10597422024305234,0.297774073473522,0.15256591320668092
2016-09-30,-0.5850320867638433,0.6305031525071784,0.5072848947560731,0.19336996022772182,-0.11362774606320214
2016-10-10,0.5341649735387792,-0.8127331754721806,1.5378110826591223,0.8985024541519121,-0.8361533926528663
2016-10-11,0.46091909262893505,-0.606556557189434,0.5860591702160552,0.27411692826591205,-0.18968307728316472
2016-10-12,0.7685517924503404,-0.9158214846135919,1.0580561629412988,-0.15125623644339067,-0.12630363459986163
2016-10-13,-1.2208063330614318,1.4423235869955975,0.23307868989551556,0.05172295507667138,-0.05024830337989344
2016-10-14,-0.36822427927065926,-0.5421263639760663,-0.9622103815079076,0.0641985372597962,-0.03757241484323394
2016-10-17,-0.016644050903349937,-0.21997539790922718,1.4751079625609569,-0.626831306613907,0.02580702784006914
2016-10-18,0.6367092068125897,0.08069883708646385,-0.5358269896836351,0.9548542969923586,0.08918647052337221
2016-10-19,-0.3916629611618245,-0.16843124333854056,0.13175627483037539,-0.11855954546161238,0.12721413613336194
2016-10-20,0.14742672233474163,-1.7877767661011263,-0.1245592086299264,0.04545680625749235,0.1018623590600317
2016-10-21,-0.46783867730808226,-0.284405591122595,1.6397410697906476,0.1941304861541958,0.06383469345005323
2016-10-24,0.09468968807963613,0.27828476294078164,0.8629194522139022,0.8621981891038113,0.051158804913393745
2016-10-25,-0.20708334126898123,1.7215210909201788,0.3386956415722932,-0.009227035053875936,0.013131139303409648
2016-10-26,0.4345505755013823,0.9827215420735751,-0.28485989612635654,-0.2814085315078867,0.07651058198671272
2016-10-27,0.5400246440115803,0.26110337808390516,0.18446506772705104,-0.2049651704813686,0.038482916376734254
2016-10-28,0.36130469459152514,-0.4734008245484841,0.7936848032481415,-0.12817023686356482,0.06383469345005323
2016-10-31,-0.057661744212866316,0.8882239253606496,-1.4777193684390526,-0.09071855950040317,0.051158804913393745
2016-11-01,-0.16606564795946485,1.2318516224985985,0.6004706603122816,0.49007069489490795,-0.012220637769914961
2016-11-02,0.0009349605150272401,-0.3488357843359628,-1.1778586614416349,-0.5672276738781887,-0.012220637769909332
2016-11-03,0.16207589851670526,-0.43903805483467395,-0.5007986398103846,0.6851200371955404,-0.06292419191655856
2016-11-04,-0.9424719856039666,-0.07393362662561509,0.13132419174182325,-0.24362836571265448,-0.024896526306574452
2016-11-07,-0.16313581272306432,0.836679770789963,1.393454629486184,0.046021453719554156,-0.06292419191655292
2016-11-08,0.45212958691974653,1.137354005785654,0.5930021428779033,0.3086888534144239,-0.07560008045321805
2016-11-09,-0.016644050903349937,-0.13406847362474947,0.07703304395323296,-0.398770458466979,-0.024896526306574452
2016-11-10,-0.04301256803088968,0.9741308496451464,0.33124939318836477,0.8065911778884183,0.06383469345005323
2016-11-11,-0.4151016430529767,0.3470103023683829,1.512395668799738,0.5641233283116303,0.12721413613336194
2016-11-14,0.15035655757112915,2.035081364558551,1.1483225546217029,0.2712126621142998,0.07651058198671272
2016-11-15,1.416045379693479,0.8366797707899439,1.3309580043520146,-0.014614109647440317,0.11453824759669683
2016-11-16,-0.7608222009475111,0.020563990087329457,0.6191771215727532,-0.012467198217733476,0.1779176902799999
2016-11-17,0.15621622804391722,0.7121147305774608,0.6380996213760143,0.14107955642424277,0.11453824759669683
2016-11-18,0.37888370600990234,0.8323844245757296,0.6635382942048685,-0.4129977517938822,0.11453824759669683
2016-11-21,0.8007799800506683,-0.28011024490838066,1.2223123889105123,0.4970162447733865,0.06383469345005323
2016-11-22,-0.6377691210189489,-1.083339986968333,-1.381298377353063,0.5693348502567491,0.038482916376734254
2016-11-23,0.7421832753227877,0.3985544569390695,0.8010748297619282,0.12729457250521573,0.02580702784006914
2016-11-24,0.4199013993194187,-1.117702756682124,1.1677861209912916,0.28722157442412277,0.02580702784006914
2016-11-25,-0.19536400032340512,0.5961403827934063,0.5217989784114886,0.6715700011264032,0.08918647052337784
2016-11-28,-0.0869600965768196,0.033450028729991574,-0.851273033362093,0.2786151021418568,0.11453824759669683
2016-11-29,0.7509727810319763,1.4680956642809408,-1.0307110540641296,0.589049864880188,0.2032694673533189
2016-11-30,0.000934960515014229,2.3830044079107333,-0.181600472121452,-0.5418846882871875,0.20326946735332452
2016-12-01,0.34665551840956155,0.3513056485825972,0.5893897754316154,0.549158015858951,0.08918647052337221
2016-12-02,5.16623448227825,1.8632675159895764,-1.1045362703607753,-0.7491741493220769,0.0004552507667501583
2016-12-05,-1.932756295505252,0.054926759801120544,0.4779554059944332,-1.2489134435824785,-0.03757241484323394
2016-12-06,-0.2627502107604743,0.815203039718834,-1.9724841754227165,-0.22264084054020916,-0.03757241484323394
2016-12-07,3.1329288282205745,2.2713254063408934,1.5167656280524868,0.34280748960474194,-0.012220637769909332
2016-12-08,0.34958535364594906,0.9741308496451464,-0.531784997902424,-0.12437146564547052,0.01059596159607775
2016-12-09,0.2587604613177277,-0.6151472496178818,1.5659445040456077,0.4873611840594266,0.038482916376728626
2016-12-12,1.7002393976237324,3.1218039567573177,0.7264798991785159,-1.794382820084081,0.028342205547406664
2016-12-13,0.41697156408301816,0.41573584179596507,-1.023481909989523,-0.09534806051064953,0.038482916376728626
2016-12-14,3.364385811895735,1.0256750042158331,0.5953547362726871,-0.5680765392418599,0.051158804913393745
2016-12-15,9.367618211267756,6.618215775135941,1.6901987578764788,-0.8433838765363877,0.08918647052337221
2016-12-16,-4.8127843328809,-2.4449647368774667,1.4094765776015787,0.11565093961829839,0.19059357881666503
2016-12-19,7.934928780670925,2.937104069545681,-1.3055520136392504,-0.3794529300525075,0.08918647052337221
2016-12-20,-1.4317544700818279,2.0737394804865756,0.9974079352020966,-0.4446739394371611,0.17157974601167297
2016-12-21,0.12691787567997692,-4.291963608993928,0.11385375028810488,0.6407554926696917,0.09552441479170477
2016-12-22,-0.7227343428743822,-4.163103222567212,-0.37637092717149706,-0.06921145166656596,0.013131139303409648
2016-12-23,-2.8527245597330806,-1.0919306793967807,0.1596779565482313,-0.6235464295816701,0.0004552507667501583
2016-12-26,-3.3039191861378,-1.0146144475407317,-0.04953311350561253,0.31939969233369403,0.038482916376728626
2016-12-27,-3.3507965499201173,-0.3359497456933007,-0.0037749694578188384,-0.13885383404043045,0.038482916376734254
2016-12-28,1.076184492271733,1.0514470815011763,0.19227628617088377,-0.3263654076321877,-0.012220637769914961
2016-12-29,-0.09281976704959465,-4.291963608993928,-0.01031855244112981,-0.09779223845796624,0.0004552507667501583
2016-12-30,-0.810629399966216,-1.826434882029151,-0.8538956275736183,0.26557328981916206,0.0004552507667501583
2017-01-03,0.6777269001221191,3.7875826199621057,0.813657685408597,0.6989987708356207,0.5962220119898081
2017-01-04,0.8652363552513499,1.9276977092029444,0.15951204261063504,0.5609811579291627,-0.5446079563096698
2017-01-05,0.6953059115404703,2.546227564051241,-1.4558763961455237,-0.017883629763778778,-0.8868569467995099
2017-01-06,0.7978501448142807,-0.10400105012517274,-4.229137185615292,-0.4440612811803486,-0.4051731824064042
2017-01-09,-1.18271847498829,-0.9029354459709108,3.8874578593778746,0.34662095017199757,-0.3798214053330739
2017-01-10,-0.8897349513488613,-0.8342099065433095,-0.20698068564923316,-0.1288375096702754,-0.12630363459986163
2017-01-11,0.30563782510001913,2.0178999797016552,-0.016827440464518353,-0.5252478541020823,-0.10095185752653703
2017-01-12,-0.5205757115631747,-0.5034682480480608,-0.6402749248009229,-0.37686230559080214,0.06383469345005323
2017-01-13,-0.6084707686549956,0.20526387729898513,-1.5495174453196645,0.043772749025731784,0.06383469345005323
2017-01-16,-1.6192639252110586,1.0643331201438384,-0.2540670232173543,-0.01682155983948646,0.34143665240292703
2017-01-17,0.5751826668483087,1.7515885144197554,0.7538719329606615,0.1452689117884405,0.5543915798188289
2017-01-18,0.47263843357451113,0.170901107585175,-3.107299330783844,0.2783899305703868,0.4897445482818571
2017-01-19,-0.3418557621431195,-0.5163542866907038,0.26144924087031984,-0.22716970529259467,0.44157617184254544
2017-01-20,0.9326225656884191,-0.817028521686433,0.8036095812832821,0.5526361127243433,0.7103050088197603
2017-01-23,-1.976703824051169,0.28687545536924847,-0.8238937573816185,0.19318030584065088,0.5708702349164891
2017-01-24,-0.30669773930639116,1.4852770491378364,-1.6220032256692283,0.001472550769271713,0.3300283527199307
2017-01-25,1.5713266472223952,2.7695855671909015,1.7341225626410433,0.2415360777656184,0.2920006871099522
2017-01-26,2.1631533649740406,0.30405684022614404,-0.07634307342152719,0.2536923628735766,0.1018623590600317
2017-02-03,-1.294052213971276,2.7309274512628963,-0.23527703054425336,-0.5140053753774356,-0.48122851362636115
2017-02-06,3.270631084331113,2.533341525408579,0.3076511072486896,0.18224738554904665,-0.2910901855764519
2017-02-07,3.018665254001201,0.2739894167265673,-0.03662252207337607,-0.16949178406325086,0.01693390586440468
2017-02-08,-0.5029967001448106,-0.761189020901513,1.5952621472668467,0.3742586309697652,0.07270781542571769
2017-02-09,-2.0353005287790626,-2.0240208078834496,-0.9410122663678923,0.27350963935257333,0.02580702784006914
2017-02-10,0.4286909050285943,0.9011099640033118,0.6963488683725993,0.36209966995123616,-0.12250086803886097
2017-02-13,0.19137425088065854,-0.5850798261183051,0.4975446343020889,0.4791828498669798,0.009328372742414616
2017-02-14,-0.23931152886932203,0.9741308496451273,-0.6300960063979975,-0.016561109831796032,-0.014755815477246859
2017-02-15,0.3378660127003729,-0.06963828041138166,-1.1730808402144997,-0.30657649935704095,0.09172164823070411
2017-02-16,-0.6289796153097733,-1.6803931107455008,-0.04323356415062355,0.4023553720442426,0.22228330015831657
2017-02-17,-0.7959802237842394,-1.6073722251037041,-1.1694168948231602,-0.4212585125037761,0.27298685430496017
2017-02-20,-1.4171052938998512,-2.5995972005895456,1.876255745905943,1.051525647593356,0.15256591320667529
2017-02-21,-0.3858032906890364,0.5403008820084864,0.286949494005595,0.23342571068690787,0.215945355889984
2017-02-22,-0.49713702967202256,0.3641916872252784,0.24056239130060664,0.13863287132427987,0.20326946735332452
2017-02-23,-0.016644050903349937,-0.6323286344747774,-0.9148260632766821,-0.3511365679427312,0.13989002467002143
2017-02-24,-0.17778498890502795,0.24821733944122398,-0.28785262196999734,0.004540406354568883,0.1272141361333563
2017-02-27,0.4755682688108987,-0.2972916297652762,1.0269608171513254,-0.5894985692634429,-0.16433130020984574
2017-02-28,0.1444968870983411,0.04204072115843935,-0.44587453934914517,0.13285397795118778,0.22862124442664913
2017-03-01,0.38181354124628986,1.4380282407813831,0.29351780765125535,0.11232261118770305,0.02580702784006914
2017-03-02,-0.7461730247655474,1.0772191587865196,0.04920689265041755,-0.5009301397260769,0.051158804913393745
2017-03-03,2.092837319300584,0.2868754553692294,0.5503470772549741,-0.16044688063900744,-0.9122087238728401
2017-03-06,0.08883001760684807,0.5660729592938296,-0.7225129109742319,0.38894126236258536,-0.1516554116731806
2017-03-07,-0.019573886139737456,-0.07393362662561509,1.0775820298704453,0.15155114391697805,-0.012220637769909332
2017-03-08,1.1640795493635667,1.0041982731447041,0.4701935591522193,-0.11708165311127558,0.15256591320667529
2017-03-09,0.920903224742856,0.815203039718834,0.587908366128246,-0.4692188331424517,0.06383469345005323
2017-03-10,-0.23345185839653398,0.5789589979364917,-0.036523136630649204,0.013629365667480204,-0.03757241484323394
2017-03-13,-0.16606564795946485,-0.6323286344747583,-0.9110437114284351,0.633919613149268,-0.06292419191655292
2017-03-14,-1.188578145461078,-1.5257606470334408,0.831427048404683,-0.036216450966409304,0.051158804913393745
2017-03-15,1.0029386113618757,-0.16843124333854056,-0.04309400167127744,0.14007706122745975,0.06383469345005323
2017-03-16,0.2821991432088799,-2.9990643985123957,-1.6885395040592175,0.3689697871519465,0.492279725989189
2017-03-17,0.6689373944129305,1.1545353906425495,0.049139430859624605,-0.7590374749648408,0.4086188616472307
2017-03-20,0.03902281858814309,-0.25433816762303735,0.7999506001455858,0.07406259475562815,0.2932682759636154
2017-03-21,0.21188309753541024,0.9354727337171219,0.45675307997879755,0.34672415618897623,0.27805720971961834
2017-03-22,0.27633947273609183,-0.8556866376144385,-1.22139032982474,-0.3505808249179915,0.3046765756466117
2017-03-23,0.9121137190336673,0.08499418330069727,-0.24094523390051997,0.24540146562024678,0.215945355889984
2017-03-24,0.06832117095208337,-2.2989229655938357,-0.09592870473447054,0.5735845025551057,-0.27841429703979237
2017-03-27,-0.7754713771294877,-0.4347427086204405,-0.9741102887369487,-0.24882111758333755,0.2070722339143252
2017-03-28,-0.6934359905104419,-0.035275510697590585,0.5116418316734512,-0.17949081101177805,-0.0920787355508782
2017-03-29,-0.19829383555979263,1.0084936193589376,0.8537511446056169,-0.1037409145616488,0.25397302149996814
2017-03-30,0.6074108544486494,0.6262078062929449,-0.19472284861478045,-0.6080883164546167,0.15256591320668092
2017-03-31,-0.4619790068352942,-0.25433816762301825,0.6615753973080464,0.40199610457384316,0.38073190686657427
2017-04-05,1.9551350631900584,1.592660704493443,-0.5963113010232858,0.997204939875161,-1.3812165997292862
2017-04-06,2.210030728756358,0.42003118801019845,0.13473498200721878,0.20468531179624697,0.14749555779201148
2017-04-07,-0.183644659377829,-1.4570351076058587,0.10175413702832997,0.064383302814913,-0.10855739064853272
2017-04-10,0.7802711333959166,1.1115819285003108,0.5886437390361686,-0.26278838583619063,-0.41784907094306367
2017-04-11,0.13863721662555303,0.4758706887951185,-0.5827349712496612,0.2468613675396227,-0.2403866314298083
2017-04-12,0.08883001760684807,0.016268643873096032,-0.1353382754646574,-0.1704859668362327,-0.2898225967227831
2017-04-13,-0.3916629611618245,0.04204072115845842,-1.9308152163792969,0.1000250397377971,-0.06926213618488548
2017-04-14,-0.35650493832509617,1.8546768235611286,0.5648777199470945,-0.5917804623623681,0.2336915998413073
2017-04-17,1.9785737450812104,1.81172336141889,0.27376102520582274,-0.14410405962280126,0.215945355889984
2017-04-18,1.1259916912904508,0.020563990087329457,0.39888829691940975,-0.3682516922344984,0.36171807406158224
2017-04-19,0.39353288219185295,-0.18990797440966953,-1.2450961142068842,-0.36301870290918264,0.45044929381820986
2017-04-20,0.4404102459741704,0.626207806292964,0.8222561162983615,0.32470836441201273,0.08918647052337784
2017-04-21,0.23239194419017492,1.201784198999022,0.18118150453909587,0.10383387419733538,0.038482916376728626
2017-04-24,-0.2686098812332623,1.5196398188516276,-1.0140839784740798,-0.7585534264398527,0.3934077954032394
2017-04-25,0.44626991644695846,-1.0661586021114375,1.033282371787085,0.1998564107171906,0.3173524641832712
2017-04-26,-0.7198045076379946,0.12365229922872177,0.055765378817112805,0.08268179114249712,0.09298923708437287
2017-04-27,1.4013962035115286,-0.06963828041138166,0.31285248613020233,0.026003022663056295,0.32495799730526687
2017-04-28,0.7802711333959036,0.27828476294078164,0.20722201375251373,-0.15427538722957845,0.3300283527199307
2017-05-02,-0.2861888926516265,0.04633606737267277,0.1412624225898649,-0.28674122968712895,0.052426393767062505
2017-05-03,3.279420590040302,1.9405837478456254,-0.4450041106713263,-0.2936382294099203,0.5201666807698399
2017-05-04,1.5976951643499349,2.0307860183443176,0.404817426655944,-0.1937748032101977,0.19059357881666503
2017-05-05,0.8505871790693862,0.3513056485826163,-0.5043186344781119,-0.476315791609872,-0.09334632440454133
2017-05-08,0.8916048723789026,1.7644745530624175,0.39169614490818044,-0.520674956249618,-0.10728980179486959
2017-05-09,0.399392552664641,1.6313188204214675,0.5689308957647761,-0.14318208917915445,0.19312875652399128
2017-05-10,0.7421832753227877,2.2713254063408934,0.167307399509992,-0.3302409241031152,0.0980595924990423
2017-05-11,0.5839721725574972,-2.612483239232208,-0.12201003748508849,0.40664224255795856,0.005525606181408325
2017-05-12,-0.3623646087978712,0.9999029269304707,-0.701185448848656,0.6156832526685729,-0.22390797633214812
2017-05-15,1.0732546570353454,-1.8350255744575796,-0.6560336753554458,0.29074360068738475,-0.3341882066010941
2017-05-16,0.3114974955728202,0.4243265342244128,-0.432439823447569,0.623314521653765,0.005525606181408325
2017-05-17,-0.16899548319585236,0.25680803186967177,-1.0476361840542125,-0.4054547258894647,0.00425801732775082
2017-05-18,-0.09574960228599518,-1.0747492945398853,-0.1755682932607489,-0.2607547905671429,0.07270781542571206
2017-05-19,1.0351667989622166,1.0299703504300475,1.126644179066298,0.11657665374327164,-0.07179731389221738
2017-05-22,0.20309359182623465,1.7387024757770742,-0.7699124937883739,0.15175313866904583,-0.14024711199018425
2017-05-23,-0.7930503885478518,0.5016427660804618,-0.10273500630862148,0.2701681347756737,-0.12376845689252973
2017-05-24,0.28805881368166797,-0.3230637070506195,0.617624709445288,-0.007136177565035229,-0.17066924447817267
2017-05-25,-0.3213469154883678,-0.35313113055019624,-0.4396089994987479,1.292791813643484,0.018201494718073443
2017-05-26,-0.028363391848926046,-0.17272658955277398,-0.0035568712232603166,-0.11604214419706003,0.13989002467002143
2017-05-31,-0.6524182972009125,-1.160656218824363,-0.45320393652138635,0.2541164313119147,0.05115880491338811
2017-06-01,0.5869020077938847,-0.21138470548077942,-3.6300073059650186,0.0948154465452269,0.13989002467002143
2017-06-02,1.2402552655098245,0.6090264214360495,-0.15677483304496861,-0.24133803808499726,0.241297132963303
2017-06-05,0.132777546152765,-0.6280332882605439,-0.924788860693708,-0.3792441482409053,0.13989002467002143
2017-06-06,-0.078170590867631,0.7679542313623617,-0.030069425161367746,0.4994724797359168,0.03721532752306549
2017-06-07,-0.13969713083189908,0.5531869206511484,-0.5316381569882412,0.8451659948529069,-0.03757241484323394
2017-06-08,2.9512790435641185,0.4887567274377997,0.4581308390176169,0.551276849909019,0.038482916376728626
2017-06-09,1.087903833217322,-1.0232051399691986,0.2505832165479892,0.30422019460082694,0.02580702784006914
2017-06-12,-1.021577536986599,-1.8350255744575987,-0.1770551972983664,-0.04292213576169594,0.03721532752306549
2017-06-13,0.40525222313742904,-0.8857540611140152,0.016707030242544243,0.15416339323708161,0.05369398262072564
2017-06-14,-0.0049247099577608144,-0.4862868631911462,-0.12362410565286142,-0.9700594270870713,0.04608844949872995
2017-06-15,0.3349361774639724,0.35989634101106405,-0.6052053185219759,-0.14103088613852688,0.039750505230397394
2017-06-16,-1.7540363460851969,-0.009503433412247278,0.9325445429678003,-0.21438285200834897,0.13101690269435698
2017-06-19,-1.3555787539355701,-2.1228137708106276,-0.17700094783486228,0.7140206178365184,0.09425682593803601
2017-06-20,0.12984771091636446,-0.5850798261183051,0.8041864385752023,-0.15402675076978092,0.13481966925535763
2017-06-21,-1.3028417196804645,1.558297934779652,0.6229394596260001,0.8419439689146218,0.17665010142633114
2017-06-22,0.20895326229902272,0.8882239253606496,0.0032471585747377656,0.04200294144374229,0.01693390586441031
2017-06-23,-0.054731908976478796,-0.21568005169501284,0.2495109154425282,0.6521115048555957,-0.07813525816054995
2017-06-26,-0.4033823021074006,-1.4140816454636007,-0.14317374954300302,0.8987817315197879,-0.3633427502354194
2017-06-27,-1.3965964472450865,-0.4991729018338274,0.45557708530381946,0.12514022067785702,-0.27714670818612364
2017-06-28,0.13863721662555303,1.592660704493443,-1.6152248191656384,-0.5759256368748648,-0.31263919608877583
2017-06-29,-0.21294301174176927,-0.03957085691180494,-0.7779600315678579,0.4457566468242662,-0.07560008045321805
2017-06-30,1.1054828446356864,1.5497072423512042,-1.3351861572546808,-0.04696670651149154,-0.05278348108722533
2017-07-03,-0.12211811941353491,0.5403008820084673,0.16424657757681857,-0.32482940403094646,-0.04391035911156087
2017-07-04,0.9502015771067833,1.1502400444283352,0.7598112957477193,-0.6263052459997012,-0.1275712234535304
2017-07-05,-0.1426269660682996,-0.894344753542463,0.19727199772822548,0.7896046375273177,-0.3303854400400991
2017-07-06,-0.060591579449266846,-0.8084378292579661,0.18380116907689886,0.001763350703788112,-0.12503604574619287
2017-07-07,-0.4063121373438011,1.137354005785654,-0.28405546070799087,-0.08972690586166536,-0.0641917807702217
2017-07-10,0.14156705186195356,0.10217556815759281,0.31077929045146324,-0.05135106031639979,-0.009685460062583064
2017-07-11,-0.5176458763267873,-0.17272658955277398,0.10353255167504326,0.33474555911795373,0.3680560183299148
2017-07-12,0.2529007908449396,-0.6108519034036484,-0.792118024780321,-0.24529835449110135,0.058764338035389434
2017-07-13,0.018513971933378393,-0.6108519034036484,-0.4651597245653702,0.5519035143035433,0.04862362720606185
2017-07-14,-0.4590491715988937,0.25680803186967177,-0.21093490632245887,0.3129838144670668,-0.18207754416116903
2017-07-17,-0.02250372137613799,-0.18990797440966953,-1.4459205770226404,-0.7901704643480071,0.04735603835239308
2017-07-18,0.46384892786532256,1.3048725081404142,0.30580398385257684,0.06560440415511343,0.3122821087686074
2017-07-19,-0.44147016018051644,-0.061047587982933894,-1.0991745800531825,1.2284375699738839,0.17411492371900486
2017-07-20,-0.854576928512133,-0.5421263639760663,0.06411736131406369,0.3475921072659854,0.15256591320668092
2017-07-21,-0.21294301174176927,0.5274148433658051,-0.35329289555952514,-0.38320188343919676,-0.06292419191655856
2017-07-24,-0.2686098812332623,-0.2972916297652762,-0.05706316614965667,0.284023700834282,-0.012220637769909332
2017-07-25,-0.09574960228599518,0.7464775002912519,0.4815144716195417,-0.47432326901875643,0.06383469345005323
2017-07-26,0.3759538707734888,1.0256750042158331,0.2725613127025783,-0.2852117352673072,0.013131139303409648
2017-07-27,0.05660183000650726,-0.6323286344747774,-1.518545286981845,0.1274146951122636,0.1855232234019956
2017-07-28,-0.5029967001447976,-0.018094125840695047,0.42163573229537266,0.1838847835014673,0.1956639342313232
2017-07-31,0.23532177942656246,0.9784261958593607,-0.6303412695453416,0.30624398615206444,0.07651058198671835
2017-08-01,0.18551458040785748,0.6605705760067551,-0.935343044993638,0.6256264750619664,0.06383469345005323
2017-08-02,0.05660183000652027,-0.27151955247993287,0.36188641806619165,-0.19131903968867214,0.08918647052337221
2017-08-03,-0.2773993869424509,-0.31447301462217175,0.01715026447345966,-0.6504662913383589,-0.08827596898987754
2017-08-04,-0.7608222009475111,0.12365229922872177,-0.5573990739884166,-0.4041357489693895,-0.21883762091748432
2017-08-07,0.38474337648267737,1.459504971852493,0.6254599109310225,0.3708141225989878,0.00425801732775082
2017-08-08,-0.2568905402876862,-0.07393362662561509,-0.3206581569396249,0.09949749876656451,0.08918647052337221
2017-08-09,-0.1191882841771474,-0.005208087198013855,-0.7606500318700996,-0.029425866127007407,0.15383350206034405
2017-08-10,-0.42389114876216527,-0.4003799389066685,-2.092757296386889,-0.30306464912895503,-0.05531865879455723
2017-08-11,0.26754996702690326,-1.1520655263959152,-0.8946606905645755,-1.3662735168106848,-0.04010759255056584
2017-08-14,-0.43268065447134085,-0.9330028694704684,-0.3028198561993799,0.9347256353598463,-0.0439103591115665
2017-08-15,0.16793556898949333,-0.7225309049734885,0.5761640519872624,0.2178236762190593,0.08918647052337784
2017-08-16,0.027303477642566982,0.7765449237908095,0.5889724223375309,-0.0979345143373812,0.08918647052337221
2017-08-17,0.08590018237046054,0.24821733944122398,-0.49959282234915886,0.3840183757292176,0.17411492371900486
2017-08-18,0.05367199477010672,-0.4003799389066685,0.21478031601900122,0.0600680054603442,0.0296097944010698
2017-08-21,0.21481293277181077,1.1072865822860964,-0.26155168258821837,0.31259708862345575,0.05115880491338811
2017-08-22,-0.2481010345784976,0.016268643873096032,-0.7863574650195025,0.21369610054354932,0.0321449721084017
2017-08-23,0.21188309753541024,0.059222106015353965,0.2219950905427902,0.06714834548097914,0.06763746001105389
2017-08-24,0.1767250746986819,0.4500986115097752,-0.759926188623349,-0.42450721439796796,0.028342205547401036
2017-08-25,0.6132705249214375,0.17949180001362275,0.34503391524328464,1.1782896201940383,0.08665129281604594
2017-08-28,-0.057661744212866316,0.948358772359784,-1.5672863933813646,0.891021475587177,-0.029966881721238247
2017-08-29,0.7070252524860464,-0.2929962835510428,-0.4341542192249149,-0.16201671543305932,0.1981991119386551
2017-08-30,-0.05180207374007827,-0.49487755561959396,-1.3334787035110638,-0.011072508582103983,0.08411611510871404
2017-08-31,0.8183589914690454,-0.3015869759795096,-0.6557766803823073,-0.23935618607493828,-0.4774257470653661
2017-09-01,-0.08110042610401853,0.47157534258090417,-0.7186567492423293,0.1545742585767986,-0.1326415788681942
2017-09-04,-0.6114006038914092,0.7550681927196806,-1.6867125267104366,0.28023516829570155,-0.23024592060047505
2017-09-05,0.7509727810319763,0.780840270005043,-2.088574692470767,0.21010137371187165,-0.4558767365530478
2017-09-06,1.6650813747870041,-0.6538053655458873,-0.4333817027337165,-0.1504798702329335,-0.126303634599856
2017-09-07,0.05367199477011973,-0.9931377164696219,-0.3154729934918756,-0.3788031636600196,-0.032502059428570144
2017-09-08,0.12691787567997692,-0.7053495201165929,-1.6751235469466168,-0.08058845594448047,-0.028699292867575114
2017-09-11,-0.5293652172723633,0.25680803186967177,-0.2678232098666274,-0.013126296217754466,0.0017228396204189218
2017-09-12,0.7861308038687046,-0.04386620312603835,1.9284398732563037,0.22756617704758264,0.04101809408406053
2017-09-13,-0.0049247099577608144,0.7421821540770185,0.7063912142513823,0.0822552876360799,0.038482916376734254
2017-09-14,-0.016644050903349937,-1.4570351076058587,0.5526566874808281,-0.2472957279298175,0.24509989952430367
2017-09-15,-0.21294301174176927,-0.005208087198013855,-0.3147856661757704,0.01899978790571106,0.11580583645035995
2017-09-18,-0.10160927275878323,0.5274148433658051,-0.05114781854144319,0.21881633759192637,0.1652418017433404
2017-09-19,-0.338925926906732,0.14512903029983165,0.7463842517416375,-0.21631792487602472,0.3173524641832712
2017-09-20,-0.3535751030886956,0.41573584179596507,0.9456380496388318,0.18976049765454345,0.025807027840074766
2017-09-21,0.39353288219186594,0.32982891751148735,1.3366761912541407,-0.09434316436752752,0.013131139303409648
2017-09-22,-0.33599609167033145,0.11506160680027401,-0.06474879480240675,-0.008217143111666924,-0.12630363459986163
2017-09-25,-0.289118727888027,-0.1383638198389829,0.5553552665240361,-0.38683204668365184,0.5290398027455043
2017-09-26,0.22653227371738688,-0.3015869759794905,0.8777049358085068,0.05059502282293091,0.39847815081790317
2017-09-27,0.5107262916476271,0.20955922351319947,0.7730365255022998,0.0014354108267528123,0.27045167659762265
2017-09-28,-0.9307526446583775,-0.15984055091009278,0.6141178313030802,0.01901059348047661,0.24256472181697175
2017-09-29,0.715814758195235,-0.05675224176871955,0.5516556234144226,0.2596148317225031,-0.03250205942856452
2017-10-09,0.660147888703755,1.635614166635701,0.824156014114117,0.8580218586121997,-0.5420727786023379
2017-10-10,0.42576106979219375,-0.18990797440966953,-1.5281769277768826,0.1372683828838523,0.25270543264629935
2017-10-11,-0.10746894323157129,0.32982891751148735,-2.992838993570715,0.23370223194473408,-0.16813406677084078
2017-10-12,0.10933886426161277,0.8495658094326252,-0.25101931782724296,0.18523762246766823,-0.4774257470653661
2017-10-13,0.1444968870983411,0.40284980315328384,0.3766217309250312,0.14343813739960617,-0.4229194263577275
2017-10-16,0.16207589851670526,1.1287633133572252,-0.20955219267673503,-0.14736526423715232,-0.032502059428570144
2017-10-17,0.4199013993194057,1.5067537802089463,0.2799576290535392,-0.013598892968938184,0.01693390586441031
2017-10-18,-0.5381547229815389,-0.6237379420463105,0.7203262010194237,0.5712386984756862,-0.005882693501582401
2017-10-19,0.46384892786532256,-0.37031251540709176,0.6778921214957877,-0.24595968572319188,-0.06672695847755358
2017-10-20,-0.05180207374007827,0.2739894167265673,-0.030255701252120203,-0.08826500504750313,-0.019826170891910654
2017-10-23,-0.5938215924730319,0.024859336301543803,0.7522693254009651,0.06676527208173257,-0.035037237135902045
2017-10-24,0.20016375658983412,-0.0009127409837995073,0.4084845377449937,0.5226254690901205,0.015666317010741546
2017-10-25,-0.9014542922944373,2.567704295122389,0.3464621352790287,0.3163785242593351,0.33129594157359943
2017-10-26,1.5127299424945015,-0.15554520469587843,-0.25621769993382937,0.2980034975345353,0.14622796893834836
2017-10-27,-0.016644050903349937,2.43454856248142,1.2420542717702512,0.5106193292331428,0.12594654727969318
2017-10-30,-0.28032922217883843,3.6415408486784555,0.07223395117326908,-0.22917085485049793,0.12974931384068822
2017-10-31,2.309645126793768,-1.0575679096829897,-0.6384349875671104,-0.06126917911959416,0.08918647052337784
2017-11-01,-0.37115411450705976,-1.1005213718252285,-0.6872063289531035,-0.19073674749280592,0.013131139303409648
2017-11-02,0.16207589851670526,0.25680803186967177,-0.7361906373963034,0.002796883216839025,-0.4305249594797232
2017-11-03,-0.06938108515845544,0.969835503430913,-0.87473359278732,-0.08762873911054778,-0.41911665979672685
2017-11-06,1.087903833217322,-1.5429420318903364,1.177650634560318,0.5070887759394292,-0.34052615086942667
2017-11-07,0.16207589851671828,1.326349239211543,-0.23590928300775363,0.5965663284053019,-0.10348703523387455
2017-11-08,-1.1709991340427268,0.14083368408559824,0.3947112481858756,-0.11901979906048268,0.030877383254738565
2017-11-09,0.5781125020847091,-0.20708935926656505,0.30533817838950084,0.49476505975967083,0.2894655094026147
2017-11-10,0.3114974955728202,0.7765449237908286,-0.3178563699397139,0.6356024574490959,0.45044929381820986
2017-11-13,-0.8721559399304971,2.6450205269783997,0.42167060797401557,0.2798203404596706,0.18679081225566435
2017-11-14,1.9053278641713403,-0.43044736240622616,0.33234552757938707,-0.5162716639684474,0.23242401098764418
2017-11-15,-0.5615934048726912,-0.14265916605319726,-0.9543489996129174,-0.4653404144996782,0.13355208040168887
2017-11-16,0.1122686994980003,-1.083339986968333,0.13419081058169727,0.5529706846341602,0.013131139303409648
2017-11-17,-0.33306625643394394,0.04204072115845842,-0.08503953796422951,0.2745699722872647,-0.2530625199664678
2017-11-20,0.6220600306306261,1.1201726209287586,-0.06449290447191022,0.39945731440695664,-0.06292419191655856
2017-11-21,-0.025433556612525512,-0.013798779626461624,0.5586198148166269,1.2833267932254686,0.038482916376734254
2017-11-22,-1.3848771062995104,1.9663558251309687,-0.4752310792905137,0.16399369510511994,0.1018623590600317
2017-11-23,2.2276097401747226,0.06351745222956831,-1.8696631735346274,-2.2006699503830154,0.051158804913393745
2017-11-24,-0.30083806883360314,-1.7147558804593108,-1.4768531924533024,0.025586753167066878,0.038482916376734254
2017-11-27,1.3486591692564232,0.44580326529554176,0.41796829577502587,-0.9780599189022195,0.1398900246700158
2017-11-28,0.1767250746986819,0.06781279844378266,0.45885451705229435,0.09928318244644525,0.013131139303409648
2017-11-29,-0.17485515366864043,-1.3324700673933374,0.4377078562265916,-0.04383763856381074,-0.06292419191655856
2017-11-30,-1.0772444064781048,-2.0669742700257077,0.13479226125781762,-0.8698202436830088,0.27932479857329273
2017-12-01,-0.08988993181320712,0.4500986115097561,0.2034690744358281,-0.15180800325633573,-0.5826356219196539
2017-12-04,-0.2686098812332623,0.016268643873115107,0.2377006837388762,0.3708057023607324,-0.4305249594797232
2017-12-05,0.35251518888233657,-0.32735905326485293,0.031560743141146264,0.37957547244522144,-0.20235896581982418
2017-12-06,0.05367199477011973,0.7636588851481474,0.3198789181129454,-0.44786218991496257,-0.13897952313652112
2017-12-07,3.1944553681848555,0.0978802219433594,0.19616755087887008,-0.8248859496523565,0.06383469345005323
2017-12-08,-0.14848663654108768,0.4329172266528796,0.13435265574499025,0.5852395893731643,0.11453824759669683
2017-12-11,0.8857452019061146,0.8023170010761529,-0.47617320628255744,1.1893178471695418,0.25397302149996814
2017-12-12,-0.2451711993421101,0.6648659222209885,0.04524751703939457,-0.9723567261346249,0.1652418017433404
2017-12-13,0.6747970648857186,-0.5206496329049373,0.5869931926521015,0.6102652793728229,0.2793247985732871
2017-12-14,0.08883001760684807,-0.5850798261183051,-1.5199301185395373,-0.4393758669080646,0.2286212444266435
2017-12-15,-0.30083806883360314,-1.0575679096829897,0.5263780241169242,-0.8325225263073306,0.051158804913393745
2017-12-18,-0.2686098812332623,0.6820473070778841,0.31301616863207715,0.07473829096034838,0.013131139303409648
2017-12-19,0.15035655757112915,-0.18561262819545518,-0.4628175397697383,0.9043326369559659,0.038482916376734254
2017-12-20,0.7832009686323171,-0.1254777811963017,-0.2432611937797414,-0.09416361087440601,0.02580702784006914
2017-12-21,-0.4414701601805294,0.3727823796537262,-1.8897378084672087,0.666988365080069,-0.024896526306574452
2017-12-22,0.2587604613177147,-1.0232051399691795,0.15600699509879398,-0.24473633414652696,-0.03757241484323394
2017-12-25,0.01265430146060335,0.04633606737267277,-0.9763581012900955,-0.24205137347417616,0.1905935788166594
2017-12-26,0.1122686994980003,0.34271495615414943,-1.8728779984387285,0.21135963966183724,0.15256591320668092
2017-12-27,0.17965490993506944,0.8624518480753063,0.01131831197204238,-1.1393472701538365,0.1779176902799999
2017-12-28,0.3173571660456082,-1.0876353331825472,-0.08585478464462458,0.49816535400547657,0.2666489100366276
2017-12-29,-0.037152897558101625,0.17519645379938933,-0.5095500746274688,0.21032534769020914,0.38073190686657993
2018-01-02,-2.9845671453708187,0.8323844245757487,-1.8546408356123367,1.0104330580041085,-1.444596042412595
2018-01-03,-0.7608222009475241,0.6605705760067551,-1.1340872323786941,0.42068355266362756,-0.671366841676276
2018-01-04,-0.31841708025195425,0.4586893039382039,0.836074103959326,0.30209046091838726,-0.303766074113117
2018-01-05,-3.0197251682075597,-0.06534293419714825,-0.9178172934379332,0.168957615362216,-0.1770071887464996
2018-01-08,-0.544014393454327,-0.6623960579743541,-0.6043117645018115,0.3700977978996298,-0.08827596898987754
2018-01-09,0.10933886426159976,-0.7139402125450407,0.9281047435238247,0.502977832045967,0.10186235906003734
2018-01-10,0.49314728022927584,1.180307467927912,1.6439031859602962,0.3153817071773971,0.4187595724765527
2018-01-11,0.8564468495421613,1.6399095128499153,-0.44137671808353274,-0.04520383434264685,0.7229808973564199
2018-01-12,-0.7315238485835708,-1.0360911786118607,-1.524354653514524,0.3296762351495128,0.4187595724765583
2018-01-15,0.4316207402649948,1.4208468559244687,-2.533735771137388,-0.0024410049657709273,-0.03757241484323394
2018-01-16,0.3056378251000321,-0.18131728198122174,-1.445989267073002,0.5653991755745456,0.25397302149996814
2018-01-17,-0.5674530753454922,0.3341242637257017,-0.2844452523211322,-0.18431708065283767,0.0004552507667501583
2018-01-18,0.32907650699118435,0.4844613812235663,0.4421832694837282,0.3927583134101627,0.013131139303409648
2018-01-19,-0.16899548319585236,-0.035275510697590585,-1.6620457134332107,0.23195263414417577,0.1779176902799999
2018-01-22,-1.0538057245869397,-0.5979658647609863,-0.4268940978878993,0.8605165172688615,-0.012220637769914961
2018-01-23,0.188444415644258,-0.3703125154070727,-0.7534431495048755,0.7639898871012343,-0.31644196264977087
2018-01-24,0.2558306260813272,-0.3316543994790863,-0.6835737161705232,0.11448005388321071,-0.37982140533307956
2018-01-25,-0.025433556612538523,-0.03957085691180494,-1.3893986095965312,-0.4202441923115725,0.23876195525597674
2018-01-26,-0.9366123151311656,-0.4089706313350972,-2.0801416191566813,0.26420953463531655,-0.08574079128254564
2018-01-29,-0.02250372137613799,0.32982891751146826,-1.23465331660695,-1.3396717613033193,0.013131139303409648
2018-01-30,0.10347919378881171,-0.43044736240622616,0.299456978991853,-0.7899135098143021,-0.03757241484323394
2018-01-31,-0.2568905402876732,-0.5764891336898573,0.17020978889858865,0.33221331053857606,-0.09081114669720944
2018-02-01,-0.5645232401090917,-0.5163542866907229,-2.1358825116152045,-0.520569298932662,-0.4596795031140428
2018-02-02,-0.8809454456396857,0.0764034908722495,-1.177187082399817,0.4277460645563332,-0.0439103591115665
2018-02-05,0.4579892573925345,0.8796332329322019,0.9431223823987473,0.04322644526152926,-0.141514700843853
2018-02-06,-1.6221937604474461,-1.6889838031739675,0.3583228372403012,-2.177997194716666,-0.05278348108722533
2018-02-07,-0.4121718078165892,-0.4605147859058029,-1.3932640724747647,-1.7586323223228104,0.018201494718073443
2018-02-08,0.0917598528432486,0.4672799963666707,-0.4568389038672303,-0.7028583537662676,1.6990243146793078
2018-02-09,-0.057661744212866316,0.020563990087329457,2.6573781737385653,-3.193805256765077,0.19059357881666503
2018-02-12,0.2529007908449266,-0.41756132376356403,-1.4122363380766976,0.9274175701550634,0.013131139303409648
2018-02-13,0.3671643650643132,0.0033826052304339153,1.7461168885744385,0.8428668198571134,0.1398900246700158
2018-02-14,-0.37115411450705976,0.25680803186967177,1.2741759799593646,0.5722675334281182,-0.21503485435648367
2018-02-22,-0.20708334126898123,0.2611033780838861,0.7062066156134023,1.5550498405264102,-0.2277107428931488
2018-02-23,0.19430408611704608,-0.3746078616213061,-0.36657720595158566,0.3233399254762681,-0.11362774606320214
2018-02-26,-2.671074775076638,-1.104816718039462,-0.7678583851740632,0.8372612550304348,-0.126303634599856
2018-02-27,-2.715022303622542,-1.0446818710403085,-1.6885442898059477,-1.0678274110448123,-0.10095185752653703
2018-02-28,1.0000087761254883,-0.16413589712430712,1.0395756698218854,-0.6449318671789872,0.5835461234531486
2018-03-01,0.5839721725574972,0.2868754553692294,0.3925025132198864,0.45364412876768473,-0.11362774606320214
2018-03-02,0.06246150047930833,0.6777519608636506,-0.152413673438894,-0.5971562892729931,0.02580702784006914
2018-03-05,1.6035548348227229,0.7507728465054853,0.6714986280082684,0.023171262443488654,-0.02489652630656882
2018-03-06,-0.7491028600019349,-1.4355583765347297,-0.34562246022982984,0.8687570571428529,-0.08827596898987754
2018-03-07,0.030233312878967515,0.21814991594164726,-0.6828934239824738,-0.545504917061788,-0.1516554116731806
2018-03-08,-0.45025966588971805,-0.05245689555448613,-0.41811461583691695,0.7302265120658792,-0.12630363459986163
2018-03-09,0.24411128513575103,0.5145288047231239,1.4962307395244285,0.551056461745678,-0.05024830337989344
2018-03-12,-0.06352141468565436,0.10217556815759281,-0.8685822640487518,0.326719235026295,0.02580702784006914
2018-03-13,0.4374804107377699,0.4844613812235663,-0.8486107792981004,-0.6534212841470037,0.1652418017433404
2018-03-14,-0.59968126294582,0.06351745222956831,-0.11676642307969395,-0.32681374337613395,0.0004552507667501583
2018-03-15,0.4784981040472992,-0.2972916297652762,-0.48338645713841244,0.40124577069787976,-0.024896526306574452
2018-03-16,0.7539026162683639,-0.606556557189434,1.4054036273617496,-0.718273029265816,0.0004552507667501583
2018-03-19,-0.5469442286907275,-0.4562194396915695,-0.1667795460013238,0.3135374230516575,-0.012220637769914961
2018-03-20,0.6865164058312947,-1.0962260256110141,-0.5543370739438559,0.05534379283573064,-0.012220637769909332
2018-03-21,-1.5928954080835058,-0.9673656391842594,1.0522216385783854,-0.30532185980544835,-0.024896526306574452
2018-03-22,0.2734096374996913,-0.7139402125450407,-1.6665055395968122,-0.741906837912538,-0.04010759255056584
2018-03-23,-0.6992956609832299,-1.9552952684558866,0.7307480970218181,-2.1329404500497318,-0.08067043586788183
2018-03-26,0.5341649735387922,0.9612448110024652,-0.5906648673249678,-0.4762350651251176,0.21087500047532023
2018-03-27,1.442413896821045,0.5231194971515908,-2.740332449372038,0.618744978398438,0.1652418017433404
2018-03-28,0.33200634222757186,0.6992286919347797,-0.2475201539322355,-1.334753413896489,0.2032694673533189
2018-03-29,-0.2158728469781568,0.024859336301543803,1.8602353460849788,0.9622177336853088,0.09932718135270543
2018-03-30,0.7070252524860464,-0.25433816762303735,-1.2132717631650243,0.0767798509229362,0.2767896208659552
2018-04-02,-1.1094725940784327,0.016268643873115107,-0.8690165459522434,-0.22370392402639702,-0.4127787155283943
2018-04-03,0.48435777452008727,0.4586893039382039,0.47551019584858795,-0.46701750068994524,-0.1516554116731806
2018-04-04,-1.733527499430445,-0.6151472496178627,0.6481730490834314,-0.1506673401224035,-0.4939044021630263
2018-04-09,0.23239194419017492,-1.8650929979571755,1.3311480498118644,-0.043180081128748646,-0.2910901855764519
2018-04-10,-0.5176458763267742,1.1888981603563598,-0.3328430236033116,1.3867791196569192,0.02580702784006914
2018-04-11,-0.1719253184322529,-0.2887009373368284,-1.1767108418473187,0.2007965872387322,-0.024896526306574452
2018-04-12,0.9531314123431838,-0.09541035769672497,-0.5794693030537842,-0.7463372422817999,-0.03757241484323394
2018-04-13,-2.92011077017015,0.11935695301448836,0.43886146002013354,-0.5231580128693444,-0.012220637769909332
2018-04-16,-0.06645124992205491,-2.522280968733497,-0.12446204240615828,-1.1906202888468624,0.06383469345005323
2018-04-17,-0.21880268221455734,-0.40467528512088285,-0.8400410761617801,-1.1700235345367576,0.532842569306505
2018-04-18,-4.446554928331601,-6.4138646388207565,0.3092353857649814,0.33618046431168735,0.20326946735332452
2018-04-19,-0.4414701601805294,0.7164100767916751,0.08502504772228119,0.8712617612381311,0.34270424125659016
2018-04-20,0.8388678381237972,0.9139960026459929,0.44609527485763023,-0.989660790592954,0.1272141361333563
2018-04-23,1.2050972426730961,2.9886482241163486,0.9645487777411554,0.09957083468042036,0.10186235906003734
2018-04-24,-1.088963747423668,-0.3831985540497539,1.3791014995965538,1.4739749864490335,0.10186235906003734
2018-04-25,0.48435777452008727,1.3564166627111007,-1.1954238017327088,-0.287964205453918,0.06383469345005323
2018-04-26,-1.1592797930971508,0.6863426532921175,1.5362688077616586,-1.4159373857224768,0.1905935788166594
2018-04-27,0.7685517924503404,0.4844613812235472,0.7651811396489492,0.020308983206803584,0.6849532317464414
2018-05-02,0.41697156408301816,1.6399095128499153,1.9563235123812015,0.12486839150029294,-1.0769952748494303
2018-05-03,-1.2676836968437362,-1.68039311074552,0.41854639468144367,0.5606063320051164,-0.4939044021630263
2018-05-04,-0.9952090198590592,-0.3917892464782017,-1.529142617781562,-0.3615979002067304,-0.5699597333829889
2018-05-07,-0.037152897558114635,0.8753378867179684,0.4267236291928462,1.1369328040211846,-0.4685526250897073
2018-05-08,-0.3301364211975434,2.1510557123426053,0.618854591430199,0.8356326070663025,-0.20235896581982418
2018-05-09,-0.001994874721373293,0.7207054230059086,0.3971460771927358,-0.13958788361095545,-0.20235896581982418
2018-05-10,-0.5821022515274559,-1.0317958323976464,0.22589837860262846,0.3966206410861729,-0.12630363459986163
2018-05-11,1.4892912606033495,0.13224299165716955,-1.764107195201789,-0.3866784885875677,-0.11362774606319652
2018-05-14,0.6425688772853778,0.36848703343949274,-1.3046474024083667,0.6774013459712325,0.3300283527199307
2018-05-15,0.012654301460590338,0.8624518480753063,0.9861784735913118,0.2693751379012596,0.4567872380865424
2018-05-16,1.8350118184978836,-0.36601716919285837,1.8252335688827812,-0.5903128072882906,0.7990362285763825
2018-05-17,-0.5645232401090917,0.29546614779767716,-0.4937482901112875,-0.5485310833401277,-0.39249729386973903
2018-05-18,-0.3535751030886956,-0.18990797440965046,0.5751731148341651,0.7268098980870291,-0.4305249594797232
2018-05-21,0.5810423373210967,-0.6323286344747774,0.6099418960110236,0.33266003556339535,-0.13897952313652112
2018-05-22,2.4239087010131546,-1.8436162668860465,-0.4004294118308784,-0.2869878544424661,0.0004552507667501583
2018-05-23,-0.10160927275878323,-0.1254777811963017,-0.20846506416684366,-0.9778159315296157,-0.024896526306574452
2018-05-24,0.3173571660456082,-0.22856609033767494,0.28266636238593595,-0.526687448032958,0.0004552507667501583
2018-05-25,-0.7725415418930871,-1.6460303410317287,0.3393390493730091,-0.21130605535029526,0.5581943463798296
2018-05-28,0.8359380028873966,0.21814991594164726,0.6515064128871214,0.3133643133326807,0.1652418017433404
2018-05-29,-0.27153971646964986,-0.41326597754933064,0.39525343263493945,-0.5657590330996907,0.5455184578431644
2018-05-30,-0.2656800459968618,-0.022389472054909394,1.2938710541105642,-1.5706973935788882,0.6088979005264732
2018-05-31,0.9062540485608662,0.759363538933914,-0.46912544434561143,1.5262272816851818,0.051158804913393745
2018-06-01,-0.001994874721373293,0.3255335712972539,-0.4908209498206614,-0.6194056763834447,0.00045525076674452907
2018-06-04,0.3730240355371013,1.2791004308550709,0.8968610518625689,0.7060988213123637,-0.988264055092797
2018-06-05,0.8798855314333265,0.44580326529554176,-0.3841832684038059,0.7134357381310972,-0.18968307728316472
2018-06-06,0.1122686994980003,0.25251268565543833,-0.852182679543095,-0.15793513431776937,-0.11362774606320214
2018-06-07,0.7070252524860594,0.35560099479683066,-0.8821118774659211,-0.12723944477616977,-0.10095185752653703
2018-06-08,-0.057661744212879326,-1.4570351076058587,0.5729271500600005,-0.9925922858847829,-0.12630363459986163
2018-06-11,-0.04887223850367773,0.4672799963666707,0.4091606949121939,0.0005085467103711014,0.06383469345005323
2018-06-12,0.8124993209962573,1.438028240781364,0.3804249259040107,0.8759343013903677,0.17791769028000554
2018-06-13,-0.16020597748667678,-0.8428005989717764,0.2243903573544592,-0.7278249799941151,0.15256591320667529
2018-06-14,-0.22173251745095787,-1.6030768788894707,-1.398478329959554,-0.295676943423564,0.12721413613336194
2018-06-15,-0.29497839836080203,-0.8986400997566774,2.4120754821990773,-0.3931958130127715,0.02580702784006914
2018-06-19,-0.6143304391277966,-1.5730094553899132,-0.5249848044580776,-2.6265277344432527,0.0004552507667501583
2018-06-20,1.9463455574808697,1.9405837478456063,2.4509668360377366,0.2817078813663306,0.1779176902799999
2018-06-21,0.3671643650643132,-1.4656258000342874,0.8194632965095495,-0.8645861781421229,0.051158804913393745
2018-06-22,0.32907650699118435,-0.7998471368295375,0.6637822793412941,0.31658976882764966,-0.06292419191655856
2018-06-25,-0.7080851666924185,1.1631260830710164,0.5997752118362987,-0.9927933335074706,0.10186235906003734
2018-06-26,0.8066396505234693,0.0978802219433594,1.9803272105381795,-0.6111748653453946,0.07651058198671272
2018-06-27,0.17379523946228137,-1.2122003733950495,2.678410320820261,-1.5072971725849453,0.051158804913393745
2018-06-28,-1.6807904651753396,-1.0189097937549652,2.6761965839990958,-0.7646498781040149,0.10186235906003734
2018-06-29,-2.4337581209286894,-1.7963674585295741,1.392471124146958,1.8349792224961348,0.2793247985732871
2018-07-02,-1.0039985255682347,0.5660729592938105,-0.08515136225164091,-2.1806876181898134,-1.0262917207027868
2018-07-03,1.4365542263482438,-0.13836381983896381,2.304167248565345,0.021632874346574755,-0.7600980614329037
2018-07-04,-1.6954396413573032,0.737886807862785,0.6452880306703348,-0.9881185417730924,-0.7093945072862601
2018-07-05,-0.9219631389492019,-0.5464217101902806,-2.8617834022875637,-0.47050286021519533,-0.7093945072862601
2018-07-06,-0.5821022515274689,1.4337328945671497,1.0456606518587523,0.4872299463332265,-0.20235896581982418
2018-07-09,0.9443419066340082,0.6519798835783074,0.3666003989524483,2.005995020859922,0.1905935788166594
2018-07-10,0.7802711333959166,-0.2500428214088039,-0.9407275020740847,0.16906465551837271,0.7103050088197603
2018-07-11,0.08297034713406001,-1.0403865248260942,-0.19473687463343298,-1.2805095174237722,0.2920006871099466
2018-07-12,-0.6231199448369852,0.06781279844380174,3.33697679560354,1.551907819380925,0.10186235906003734
2018-07-13,0.12398804044358941,-1.0962260256110141,-0.016580940603173985,0.2370121156714134,0.013131139303409648
2018-07-16,-0.92782280942199,-0.5550124026187284,0.1875107738623404,-0.4384853651587151,0.1779176902799999
2018-07-17,-0.36529444403428474,0.2009685310847517,0.40490876209460774,-0.48558855938788975,0.06383469345005323
2018-07-18,0.7978501448142807,-0.18131728198122174,0.6081210490014651,-0.38966982201688427,0.0004552507667501583
2018-07-19,0.4286909050285943,-1.4913978773196497,1.006867224805873,-0.06998019683832778,-0.2277107428931488
2018-07-20,-0.25103086981488515,3.1303946491857655,4.0542786116990595,1.3551977674740063,-0.08827596898987754
2018-07-23,0.23239194419016193,0.054926759801120544,-0.5470493868878934,0.6769440634914555,-0.20235896581982418
2018-07-24,0.030233312878967515,2.1854184820564155,1.974032515686502,1.142932756859883,-0.024896526306574452
2018-07-25,-0.9747001732043075,-0.6666914041885684,0.9720380215608844,-0.08718355357344543,0.1652418017433404
2018-07-26,-0.37701378497984783,-0.4218566699777784,-2.5529558051829206,-0.8584360201038695,-0.07560008045321241
2018-07-27,-2.5245830132569105,-0.34024509190751506,1.8517219269482266,-0.31726656196623015,-0.06292419191655856
2018-07-30,-0.7139448371652066,-0.1984986668381173,1.237948518244251,-0.13412083310588027,-0.024896526306574452
2018-07-31,1.7969239604247549,-1.3367654136075708,0.20314960529127202,0.046950529028181774,-0.02489652630656882
2018-08-01,-3.552955181231325,-1.2680398741799888,0.8284408105575293,-1.4796201564828253,-0.3164419626497765
2018-08-02,-1.2383853444797959,0.8237937321472818,-2.3630816672314867,-1.6432752661628056,-0.46855262508970164
2018-08-03,-0.5703829105818797,-1.1649515650385773,2.509080397808816,-1.22232226167275,-0.7347462843595847
2018-08-06,-2.0353005287790493,0.06351745222956831,1.2441975938785246,-0.9375558649443748,-0.6967186187496006
2018-08-07,-4.203378603710878,1.4723910104951552,-0.5671502991332702,2.094961726519256,-1.0389676092394406
2018-08-08,0.9941491056527002,1.81172336141889,-0.8070207894131433,-1.1941794601630262,-0.5065802906996858
2018-08-09,2.5996988151968092,1.0256750042158331,0.0032003761547265363,1.7994983300496539,1.3440994356528024
2018-08-10,1.615274175768312,0.10647091437180717,0.4947315781025521,0.15418699458163584,-0.2910901855764519
2018-08-13,4.304862922778315,1.3950747786391253,1.5274282225419695,-0.3218663851625382,0.8370638941863665
2018-08-14,-2.0206513525970857,-0.8170285216864139,0.4130674062507367,-0.38284714507390255,1.2553682158961748
2018-08-15,-0.4707685125444698,0.9526541185739984,1.0395387018469238,-1.7797190599118065,0.3046765756466117
2018-08-16,1.2314657598006489,1.3778933937822297,0.5697131895488499,-0.345491705808114,0.3300283527199307
2018-08-17,-0.09281976704960765,1.4079608172818066,-0.3659705290631872,-1.0636971921039486,0.1779176902799999
2018-08-20,2.3067152915573805,-0.10400105012519183,-1.1848253277348504,0.8391171217316902,0.3173524641832712
2018-08-21,0.343725683173148,0.19667318487053737,-2.3950668393869448,1.308721486678457,0.10186235906003734
2018-08-22,-0.48834752396283393,-1.7104605342450965,-0.6149212598340017,-0.417960560156744,-0.2277107428931488
2018-08-23,-0.078170590867631,-0.40467528512088285,0.6146424900512479,0.25935397248333264,-0.1516554116731806
2018-08-24,-2.225739819144681,0.9182913488602263,2.2489395104251377,0.11008578004053371,-0.45587673655304217
2018-08-27,0.6191301953942255,0.43721257286709403,-1.3602294222142761,1.7554794634603437,0.3934077954032338
2018-08-28,0.42283123455580623,-0.7912564444010707,-3.0557613081063693,-0.14390347561370453,0.07651058198671272
2018-08-29,-0.5645232401090917,-0.00520808719803293,0.11003874320484433,-0.2990732172795016,0.0004552507667501583
2018-08-30,0.2792693079724794,-1.2680398741799697,0.2500118821699414,-0.7754047111644738,-0.06292419191655292
2018-08-31,-0.5059265353812111,-0.2929962835510428,0.8623579092227763,-0.368877804520658,-0.07560008045321805
2018-09-03,0.05367199477011973,1.0170843117873662,0.6480942794117897,-0.2846659611367029,-0.13897952313652112
2018-09-04,0.06539133571569584,0.6433891911498596,-1.1142130247929374,0.9122730468452209,-0.2530625199664678
2018-09-05,0.2587604613177277,0.1365383378713839,0.529006897639223,-1.4477411388656056,-0.5953115104563135
2018-09-06,0.21188309753541024,-0.06963828041138166,-0.3494157004932482,-0.7912315101514353,1.039878110772941
2018-09-07,-0.17778498890504096,0.8796332329322019,-0.05666721893481853,0.32299940317159626,0.5201666807698455
2018-09-10,0.059531665242907796,0.8925192715748831,1.153297858475238,-1.0739737708637545,0.08918647052337221
2018-09-11,0.0712510061884839,0.892519271574864,0.6334320059967741,-0.13904115977645753,0.10186235906003734
2018-09-12,0.604481019212249,-0.18131728198122174,0.36097568686712106,-0.5106489411169647,-0.12630363459986163
2018-09-13,-0.45318950112610557,-0.6323286344747583,-0.4077470534363382,0.77673072862103,-0.13897952313652112
2018-09-14,0.4755682688109117,-0.6022612109752007,-0.8595004899152682,0.11793250569822664,-0.21503485435648367
2018-09-17,-0.17778498890504096,0.033450028729991574,0.9519320254179843,-0.8483062113408486,-0.06292419191655856
2018-09-18,0.22653227371738688,0.458689303938223,0.2747626214732397,1.4482654907973884,0.5962220119898137
2018-09-19,0.7187445934316354,1.2232609300701318,0.07595359553728351,0.9484341938272436,-0.20235896581982418
2018-09-20,3.302859271931441,0.7851356162192764,-0.28171302799020215,-0.058511007541049084,-0.10095185752654265
2018-09-21,-0.025433556612525512,-0.8599819838286719,-1.1710745717489932,2.173921699381936,-0.05024830337989344
2018-09-25,0.7685517924503404,0.29546614779769625,0.5276016572803903,-0.6662747478447562,0.49481490369652653
2018-09-26,-0.6670674733829022,-0.6409193269032252,0.8448868045530888,0.7976231081346228,0.2539730214999625
2018-09-27,-0.02250372137612498,-1.259449181751541,0.4465118616428151,-0.2987715571668766,0.15256591320668092
2018-09-28,-0.6114006038914092,-0.3917892464782017,0.9677595416533132,0.7461453062556066,0.11453824759669683
2018-10-08,-0.47369834778087033,-0.19420332062388387,1.0643809814032812,-3.217269665366137,-0.9122087238728345
2018-10-09,-0.6905061552740414,-0.00520808719803293,0.384678254950285,-0.05555981026943885,-0.2910901855764519
2018-10-10,0.20602342706262217,0.06351745222958739,0.3251526616493921,-0.16417513415622415,-0.17700718874650523
2018-10-11,-2.0499497049610262,-1.5730094553899132,0.14749762517357493,-3.596812088511832,-0.07560008045321241
2018-10-12,0.3114974955728202,0.25251268565543833,0.12115767083383358,1.0746081598209811,0.06383469345005323
2018-10-15,-0.2598203755240737,0.3513056485826163,0.19990903353532039,-1.0331192403388936,-0.024896526306574452
2018-10-16,0.4784981040472862,-0.42185666997779747,-0.25324955443170166,-0.603902617346433,-0.10095185752653703
2018-10-17,-0.7637520361838985,0.06351745222958739,-0.1285050800919961,0.3989400695721634,0.02580702784006914
2018-10-18,0.3964627174282535,-1.2336771044661976,1.1053744689521003,-1.7564048261212366,0.10186235906003734
2018-10-19,0.9472717418703958,0.41144049558175066,0.7101153085002091,2.133197477925476,0.15256591320667529
2018-10-22,1.0644651513261698,1.6527955514925774,-1.0125805954974727,3.07866211325276,0.13989002467002143
2018-10-23,-0.15727614225027625,-1.117702756682124,0.6450483366780352,-1.971473018929835,0.05115880491338811
2018-10-24,-0.6172602743641972,-1.2981072976795462,0.10101788774288466,0.10288558744358157,-0.03757241484323394
2018-10-25,-0.10746894323157129,0.024859336301562878,0.316913057850282,0.1331353229628182,0.0004552507667501583
2018-10-26,-0.45318950112610557,0.07640349087223043,0.6368513036611105,-0.48056358407426825,-0.13897952313652112
2018-10-29,-0.6289796153097603,-1.2551538355372884,-0.8930070960094406,-2.2666215571223405,-0.10095185752653703
2018-10-30,0.10347919378881171,0.04204072115843935,1.26410735309569,0.7809577569026493,-0.12630363459986163
2018-10-31,-1.2735433673165242,0.17949180001362275,0.44626066948073045,1.0088366805344129,1.496210098092733
2018-11-01,-1.0098581960410227,-0.8213238679006283,0.13305521378754023,0.5287337625929075,-0.5192561792363453
2018-11-02,0.033163148115355034,2.468911332195211,-1.976236300992587,2.5495713864313467,-0.2910901855764519
2018-11-05,-0.7959802237842524,-0.928707523256254,-2.6161830557890897,-0.6172771399900407,-0.12630363459986163
2018-11-06,-0.7110150019288061,-0.7697797133299608,0.6278463584265787,-0.4483178901746087,-0.30376607411311135
2018-11-07,-0.34478559737952,-1.2422677968946263,-0.0891243054524201,-0.48624597366570166,-0.21503485435648367
2018-11-08,-0.9014542922944373,-0.35313113055019624,0.620442779578639,-0.21386687335705945,0.07651058198671272
2018-11-09,-1.4083157881906625,0.42862188043864624,1.0651023459813647,-1.0438994671155721,0.0004552507667501583
2018-11-12,-0.7842608828386632,0.1880824924420705,0.9383427032108347,0.8571344017410532,0.3300283527199307
2018-11-13,-0.6260497800733728,-0.7697797133299417,0.9754381890358913,0.7241314386531403,0.1272141361333563
2018-11-14,-2.1905817963079524,-1.8565023055287277,-1.506090317227958,-0.7417581987999012,0.0004552507667501583
2018-11-15,-0.007854545194174358,-0.6280332882605439,-0.08881454379794027,0.8410607932236798,-0.024896526306574452
2018-11-16,-1.1065427588420451,-1.9509999222416532,-0.12154665532179414,0.3371589562028793,0.013131139303409648
2018-11-19,-0.019573886139737456,0.5660729592938296,-0.8881185188783317,0.8163581842288007,0.1905935788166594
2018-11-20,0.45505942215614703,0.14083368408559824,0.20606002725624437,-1.7147484612822956,0.2920006871099522
2018-11-21,0.6923760763040827,-0.20708935926656505,1.082880691081198,0.17658444095287218,-0.10095185752653703
2018-11-22,-1.3145610606260536,0.9139960026459929,-0.402747365192425,-0.28004172550421386,-0.16433130020984574
2018-11-23,0.7246042639044236,0.23962664701277622,-0.5799200156196216,-1.635997992915345,-0.1643313002098401
2018-11-26,0.24704112037215156,0.30405684022614404,0.9386615260537294,-0.058407162872857805,0.215945355889984
2018-11-27,-0.36529444403428474,0.4844613812235472,0.04198571573408543,-0.09962675829059191,0.00045525076674452907
2018-11-28,-0.3740839497434473,-0.8127331754721996,0.21840669181095715,0.9571962844419644,0.10186235906003734
2018-11-29,-0.11332861370435934,-1.061863255897204,-0.9847816102938016,-0.9607056789042169,0.013131139303409648
2018-11-30,-0.36529444403428474,0.03345002873001065,0.0028017098461015234,0.8040895473948132,0.25397302149996814
2018-12-03,0.4023223879010415,-0.3917892464782207,0.4608088610629415,1.9965489447286882,-0.6333391760662975
2018-12-04,-0.6641376381464886,-1.6846884569597342,-3.2523633435126547,0.1446050000691626,0.051158804913393745
2018-12-05,0.05660183000650726,-1.7963674585295741,-3.083153980695559,-0.35827282465761306,-0.4939044021630263
2018-12-06,0.2587604613177147,-0.06963828041138166,0.7914818633774886,-1.602710578772283,0.25397302149996814
2018-12-07,-0.7578923657111105,0.6777519608636506,0.40664550166411273,-0.009045665331298068,0.15256591320668092
2018-12-10,1.1728690550727554,-1.0317958323976464,0.1683430732942218,-0.8559101437589799,0.06383469345005323
2018-12-11,0.15621622804391722,0.04633606737267277,1.9750221899420257,0.3420420741979197,0.1272141361333563
2018-12-12,-0.9395421503675662,0.23103595458432843,0.423896013775519,0.2423815771327353,0.038482916376728626
2018-12-13,0.6132705249214375,1.7773605917050987,-1.9669974449033378,1.114914776761446,0.13989002467002143
2018-12-14,-0.057661744212866316,1.7558838606339697,-0.14885309713651493,-1.2362893142716664,0.6088979005264675
2018-12-17,0.0712510061884839,0.024859336301543803,1.0189218350781768,-0.11534639512371024,0.19059357881666503
2018-12-18,1.659221704314216,0.9054053102175451,-0.37934830043297596,-0.7672803075300684,-0.024896526306574452
2018-12-19,2.420978865776754,-1.2422677968946263,0.0755208169326914,-0.88221822790346,-0.03757241484323394
2018-12-20,2.092837319300584,-1.5429420318903364,0.4181338375725458,-0.5686394841039774,-0.1643313002098401
2018-12-21,0.3466555184095485,0.7550681927196996,-0.7550920507849375,-0.9171095499861861,-0.329117851186436
2018-12-24,-0.1191882841771474,0.570368305508044,1.169151600174737,0.2052696006044225,0.1398900246700158
2018-12-25,0.5077964564112395,-0.9244121770420397,-0.5962032997905528,-0.5108864515787239,-0.06292419191655292
2018-12-26,-0.6699973086192896,-0.013798779626461624,-0.5111792470308919,-0.37643634808215376,0.25397302149996814
2018-12-27,0.02437364240617946,-1.2336771044661785,0.2996713652201331,-0.28740868147603155,0.30467657564660605
2018-12-28,-1.0772444064781048,-1.693279149388201,-1.7534293041403513,0.48363232974904363,0.3427042412565958
2019-01-02,-2.2579680067450214,-1.6202582637463663,-1.0168440689846558,-1.0104710786247117,-1.0896711633860898
2019-01-03,-1.4903511748097082,-2.22590207995202,0.9634568385261351,-0.12202672817676469,-1.0896711633860843
2019-01-04,-0.6934359905104419,-0.8342099065433095,-0.32119937321904096,1.721824972149037,0.215945355889984
2019-01-07,-1.616334089974658,0.8581565018610728,-0.48041306210061946,0.43525577604881094,-1.1023470519227494
2019-01-08,-2.298985700054551,-1.6632117258886243,-0.786121731144274,-0.16446759211773937,-1.292485379972664
2019-01-09,0.11519853473440082,0.007677951444667338,0.7989887257981586,0.7268470709674503,1.3187476585794835
2019-01-10,0.2089532622990097,0.4672799963666517,-2.4550192911236084,-0.14397932908031846,1.43283065540943
2019-01-11,1.553747635804031,-0.4261520161920118,-1.6985409583387736,0.5164336969282818,-0.39249729386973903
2019-01-14,0.2294621089537744,0.4844613812235663,-2.362904330339773,-0.6461057346411553,0.9511468910163132
2019-01-15,0.9003943780880912,1.1674214292852307,-0.14437604573231316,1.4122571174640228,0.3046765756466117
2019-01-16,0.1151985347343878,-2.6296646240891035,0.46709782237231623,0.00887372418110554,-0.13897952313652112
2019-01-17,-1.0274372074594,-0.5120589404764895,-0.17786442090433469,-0.40982232208185154,-0.3544696282597549
2019-01-18,0.059531665242907796,1.2833957770692852,0.4667351915280228,1.3131242998534371,0.1018623590600317
2019-01-21,0.14156705186195356,0.5531869206511484,0.7074553137653319,0.3947165935896597,-0.2910901855764519
2019-01-22,0.5370948087751798,0.05492675980113962,0.5122638465206557,-0.9828552547385925,-0.18968307728316472
2019-01-23,-1.1182620997876214,0.9354727337171028,0.7455051329601884,-0.059155818952415555,0.08918647052337784
2019-01-24,0.12691787567997692,-0.473400824548465,-1.1403768062968196,0.40431951539195,0.4187595724765583
2019-01-25,-0.12211811941354793,0.6176171138645162,0.9065171205398734,0.5847143870545845,0.1398900246700158
2019-01-28,0.21481293277181077,0.8667471942895206,-3.168629141908674,-0.022421665318196803,0.44411134954988296
2019-01-29,-0.19536400032340512,-1.0704539483256519,-0.8046860934069486,0.2267688934420619,1.356775324189462
2019-01-30,-0.5117862058539991,-0.16843124333854056,-0.11102904561198539,-0.5914341589835722,0.0004552507667501583
2019-01-31,0.6953059115404833,-0.4476287472631408,-2.17256239583834,0.7532630803174916,-0.10095185752654265
2019-02-01,-1.2764732025529117,-0.4089706313350972,0.3558244128930323,1.0295511880481736,-0.41784907094305807
2019-02-11,-0.593821592473045,-1.5773048016041276,2.770278139180938,1.3095433742883287,-1.5840308163158605
2019-02-12,-1.0538057245869397,-0.1383638198389829,1.789352180283104,0.5184096387657069,-1.0389676092394462
2019-02-13,0.4872876097564748,0.47157534258088507,-0.6268278811805933,1.4409260436704283,-1.9009280297323814
2019-02-14,0.1855145804078705,0.9655401572166986,0.4393250504395439,0.10323176033721217,-0.39249729386973903
2019-02-15,-0.44439999541693,-0.3917892464782207,-0.8351178011171017,-1.3806015681070638,0.2793247985732871
2019-02-18,-0.37701378497984783,0.36848703343951184,0.21827307747478547,2.297199143146668,0.5708702349164891
2019-02-19,0.6337793715762022,1.2962818157119473,-0.13748629308713353,-0.13669484389635264,0.051158804913393745
2019-02-20,-0.004924709957773826,-0.2457474751945705,-0.5875981767643972,0.25444513726179546,-0.2530625199664734
2019-02-21,0.1972339213534336,0.5832543441507252,-2.3007821971001716,-0.20184343767090981,0.2920006871099522
2019-02-22,0.49021744499287534,0.3727823796537262,-0.4897052383605403,1.6167946539406155,2.560984735172249
2019-02-25,0.35251518888234956,1.803132668990423,-0.1586403461214615,4.211177408001588,0.7483326744297388
2019-02-26,0.7333937696135991,1.3220538929973098,-1.2357122403370846,-0.888598618634476,1.115933441992909
2019-02-27,-0.1514164717774882,-1.7620046888157832,-0.6681164590442626,-0.13151125658651971,0.07651058198671272
2019-02-28,0.8886750371425151,-0.11259174255362052,0.27534028258586174,-0.18582821905323715,-1.153050606069393
2019-03-01,0.5576036554299445,0.8882239253606496,0.3565269791559377,1.5746493801978219,-1.8502244755857378
2019-03-04,0.6894462410676822,0.7851356162192573,0.6000672891906478,0.8525833779265302,-1.647410258999169
2019-03-05,-0.019573886139737456,0.0764034908722495,-0.3688897364271363,0.4137859394416092,2.472253515415621
2019-03-06,-0.39752263163461254,0.23962664701277622,0.34920561166812747,0.6045314997907257,-1.0769952748494247
2019-03-07,0.36423452982791266,-1.5300559932476743,0.3624320357704837,-0.7548192896420183,0.38073190686657427
2019-03-08,-0.22173251745094485,-1.3024026438937606,0.8215597809073648,-2.9650488392920966,-1.6220584819258446
2019-03-11,0.0712510061884839,-0.048161549340271774,-0.2462985742904044,1.4239006869992044,0.10186235906003734
2019-03-12,0.16207589851670526,0.12365229922872177,-0.5236491601743012,0.4888329946323657,2.624364177855552
2019-03-13,0.41697156408301816,0.029154682515777224,-0.1180921581331269,-0.6147814996294205,-1.3558648226559673
2019-03-14,0.018513971933378393,0.029154682515777224,-0.7343145963613958,-0.5122470609099513,1.3440994356528024
2019-03-15,-0.5645232401090917,0.2868754553692294,1.0459707714867719,0.9059357135186044,1.6609966490693293
2019-03-18,0.39060304695546544,-0.649510019331673,-0.557749103329744,2.0451159080812746,-0.2277107428931488
2019-03-19,-0.3506452678522951,0.12365229922872177,-0.19938975892097238,-0.34442620146327424,0.2666489100366276
2019-03-20,0.4784981040472862,0.4071451493675173,0.24059485288451068,0.02156171140693,-0.2150348543564893
2019-03-21,-0.611400603891396,-0.529240325333385,-1.7250281597264332,0.021065709268341924,-0.32911785118643033
2019-03-22,-0.2773993869424379,-0.7139402125450407,0.6146299721170567,-0.06537404385945035,-0.2403866314298083
2019-03-25,1.1963077369639077,-1.0403865248260942,1.019940390540081,-1.7597975284953187,0.06383469345005323
2019-03-26,-0.40045246687101305,-1.2637445279657553,-0.4024996623848002,-0.8380093841011169,0.46946312662320194
2019-03-27,-0.8252785761481797,1.5196398188516467,0.6466189781968885,0.8358650799088514,1.1919887732128716
2019-03-28,-0.1309076251227235,-1.2422677968946454,0.8009190701653426,-0.29952576417760707,-1.153050606069393
2019-03-29,-0.16899548319586538,0.029154682515777224,0.46238799566448,2.7588825664778245,-0.07560008045321805
2019-04-01,-0.03129322708531357,3.0316016862586066,-0.981938103947263,1.883900251990123,-1.4952995965592328
2019-04-02,1.3222906521288702,1.734407129562841,-0.2396771740531551,-0.055123882672183426,-1.5840308163158663
2019-04-03,2.327224138212132,3.027306340044392,0.19966325667962245,0.9226530906745158,-1.2037541602160309
2019-04-04,-3.453340783193915,1.3263492392115241,-0.963636987108033,0.7171959957090508,0.786360340039723
2019-04-08,1.360378510201986,-0.8170285216864139,0.9641649492415698,-0.09651055439223083,0.8370638941863665
2019-04-09,0.3173571660456082,1.3177585467830764,-0.4222057901891554,0.3202131089068738,-0.16433130020984574
2019-04-10,0.34665551840956155,0.8925192715748831,-0.23984150481090147,0.17980019183071674,2.3581705185856743
2019-04-11,-1.6983694765937039,-0.817028521686433,-0.1722589401871841,-1.6009679820900167,0.051158804913393745
2019-04-12,1.1435707027088151,1.3564166627111007,0.869122562691308,-0.17038546277789124,0.1652418017433404
2019-04-15,2.3799611724672247,2.146760366128391,-0.7534891600111553,-0.2465795813606616,1.3187476585794777
2019-04-16,0.44626991644695846,1.6957490136348354,-0.12488185665814606,1.9906648585734694,0.20326946735332452
2019-04-17,1.7471167614060499,-0.7740750595441751,0.06457897774213457,0.01935731634238225,0.02580702784006914
2019-04-18,4.756057549183048,-0.838505252757543,-1.3717914144250836,-0.27791710077937976,-0.46855262508970164
2019-04-19,-2.8527245597330677,0.15371972272827944,0.8714811941867546,0.8583705277804982,-0.7220703958229197
2019-04-22,0.4990069507020509,1.6184327817787865,-0.07756986420110717,-1.7092731582791703,-0.4685526250897073
2019-04-23,0.26462013179051574,0.07210814465801609,0.29485382419004386,-0.12644645808828656,0.5962220119898137
2019-04-24,-0.31255740977917923,1.6957490136348354,0.8083997480411872,0.19448744291552417,0.8243880056497014
2019-04-25,0.062461500479295315,-1.0103191013265174,0.6652337477543723,-1.6233383235766905,0.27932479857329273
2019-04-26,-0.9600509970223308,-0.4089706313351163,-0.023385683284608584,-0.9861681331253508,-0.6206632875296381
2019-04-29,1.3662381806747872,0.6863426532921175,-0.0031479720329865134,0.20072916537192437,-0.5446079563096698
2019-04-30,-0.004924709957773826,-1.65891637967441,-0.1853126352883418,0.2340657256502914,-0.08827596898987754
2019-05-06,-1.1739289692791144,-1.6803931107455008,0.36783897771734486,-4.400716696939053,-1.9452936396106926
2019-05-07,0.7275340991408241,0.46298465015243734,1.7934086148327337,0.7042540398443493,-2.262190853027219
2019-05-08,-0.09574960228599518,-0.38749390026398733,-0.14427940377314233,-1.0581412506530763,-0.7854498385062283
2019-05-09,-0.8135592352026165,-0.6151472496178818,0.43986554850341203,-1.367918286907162,3.6511111493250827
2019-05-10,0.3114974955728202,-0.5850798261183051,1.6310559952315329,2.598081234090965,-0.05024830337989344
2019-05-13,1.1757988903091559,-1.7104605342450965,0.2573376828739566,-1.2246003429371248,0.15256591320668092
2019-05-14,-0.605540933418608,0.33412426372572074,2.7145723967750723,-0.4771868329378886,0.9131192254063291
2019-05-15,0.062461500479295315,-0.2629288600514851,1.8589369528448663,1.616348718642837,-0.10095185752653703
2019-05-16,-0.30669773930639116,-0.38749390026398733,0.2344939895528711,0.323152691670077,-0.41784907094305807
2019-05-17,0.23532177942657548,0.020563990087329457,1.1055917468613852,-1.8869016997572157,-0.2150348543564893
2019-05-20,-0.4619790068352942,0.25680803186967177,0.8264453114219624,-0.6288059368364091,1.1412852190662282
2019-05-21,0.3378660127003729,1.081514505000734,-0.0102225221270642,0.9752438378584409,0.2793247985732871
2019-05-22,0.04488248906093115,1.2146702376417031,-0.010222903717581264,-0.353735529260895,-0.10095185752653703
2019-05-23,0.4052522231374421,-0.7955517906153041,-0.010223285286321026,-1.3269990925980877,-0.5192561792363453
2019-05-24,0.015584136696990871,0.1494243765140651,-0.029966834589096596,0.19582063321368567,-0.6967186187496006
2019-05-27,1.043956304671405,2.125283635057262,-0.4777156401104523,0.8673951592781064,1.5215618751660522
2019-05-28,1.1904480664911194,-1.749118650173102,0.2993012120044954,0.6938333792939568,1.43283065540943
2019-05-29,-1.4757019986277318,-1.117702756682124,0.07535019083375995,-0.1727710942803451,-0.46855262508970164
2019-05-30,-0.1514164717774882,-0.5335356715476185,-0.0102225221270642,-0.4607737593198499,-1.507975485095898
2019-05-31,-0.39459279639822503,-0.18990797440966953,-0.010222903717581264,-0.23535677055526458,-0.17700718874650523
2019-06-03,0.24118144989936352,-1.1091120642536763,-0.6556299198344264,0.0381451419390201,-1.216430048752696
2019-06-04,-0.5733127458182803,-1.3797188757498098,-0.5113421778622453,-0.6839610878821655,-1.9389556953423654
2019-06-05,-0.23345185839652097,0.020563990087329457,0.510701721392046,-0.034186643968621463,0.9384710024796538
2019-06-06,-0.14848663654110067,-0.1984986668381173,0.25330139836910404,-0.6676476904861931,1.2807199929694992
2019-06-10,0.11519853473440082,0.6777519608636697,-0.15512040895477872,0.9307986970748126,0.4187595724765583
2019-06-11,0.2909886489180555,1.7558838606339697,0.009551581429598735,2.1554374805731222,-0.17700718874650523
2019-06-12,0.19430408611704608,0.007677951444648263,-0.010211446365009291,-0.5617910914215261,-0.30376607411311135
2019-06-13,0.38474337648267737,-0.473400824548465,-0.01021182859815834,-0.11942799166014638,0.25397302149996814
2019-06-14,1.4248348854026809,-0.7397122898303841,-0.0036256178934920397,-0.6135039473088877,-0.2150348543564893
2019-06-17,-0.4414701601805294,-0.16843124333855963,-0.0036264777931603867,-0.007658989657954013,-0.9248846124094939
2019-06-18,0.059531665242907796,0.7722495775765952,-0.010213357308747058,0.2485409827641514,-1.153050606069393
2019-06-19,0.003864795751401751,0.020563990087329457,-0.3462177274052135,0.9489461465202563,-0.1516554116731806
2019-06-20,-1.4932810100460958,-0.43044736240622616,-0.6037425765067286,2.1723307695825005,0.7990362285763825
2019-06-21,-0.9161034684764139,0.22674060837009502,-2.226248000919359,0.09671776943439186,-0.39249729386973903
2019-06-24,0.5312351383024048,0.42862188043864624,0.1821373213280446,0.13283453115974744,-1.1276988289960683
2019-06-25,0.1972339213534336,-0.43044736240622616,0.48670479753287577,-0.7698951078990994,1.7877555344359355
2019-06-26,-0.2656800459968618,0.4586893039382039,0.777029092134335,-0.14070675050983078,-0.6079873989929786
2019-06-27,0.1972339213534336,0.4672799963666707,0.4852355122406756,0.7682670484778705,2.4595776268789615
2019-06-28,-0.3418557621431195,-1.0446818710403085,-0.22808674529485504,-0.18247805910703477,-0.06292419191655292
2019-07-01,0.000934960515014229,-0.41756132376356403,-0.2281790717121659,2.0670912516890056,-3.5994970936449446
2019-07-02,-0.4385403249441289,-2.071269616239941,-1.3667397808126427,0.018616588828104026,-3.624848870718264
2019-07-03,-1.1182620997876214,-0.8256192141148617,0.8175031433707176,-0.8201520676529134,1.4455065439460897
2019-07-04,-0.5147160410903867,0.0033826052304339153,0.4063887572436475,-0.3906652362318946,-0.06292419191655856
2019-07-05,0.9560612475795713,0.6691612684352028,-0.07625905200200946,0.3713307387818431,1.6863484261426482
2019-07-08,0.9384822361612072,0.6691612684352028,1.191146810525761,-1.7219138469593755,2.2694392988290466
2019-07-09,-0.10160927275878323,-0.39608459269243507,-0.20799640722597715,-0.1922387229254596,1.1666369961395526
2019-07-10,-0.31548724501556674,0.04633606737267277,-0.0036023722770354917,-0.12965774313806666,0.051158804913393745
2019-07-11,-0.5205757115631747,-0.36601716919285837,-1.2053011287794926,-0.035829058239598234,-0.5699597333829944
2019-07-12,0.49021744499287534,-0.13836381983896381,-0.1225687261910678,0.4454607561421632,0.799036228576388
2019-07-15,0.2734096374996913,0.8237937321472818,0.07579735962185064,0.28910362486728886,1.4074788783361054
2019-07-16,-0.04301256803090269,0.10217556815759281,0.194740779208787,-0.33838256523936283,0.7103050088197603
2019-07-17,0.821288826705446,-0.018094125840695047,0.7491285104143943,-0.04888404761466318,0.1398900246700158
2019-07-18,-0.1396971308319121,-0.5378310177618328,-0.45900131873005834,-0.7051898611769681,0.19059357881666503
2019-07-19,-0.11039877846797182,-0.08681966526829628,-0.8561778390309513,0.7556855303062997,0.07651058198671272
2019-07-22,0.030233312878967515,-0.3230637070506195,0.7961994723875953,-0.5119650939955173,-0.7600980614329037
2019-07-23,-0.38873312592543696,-0.17702193576698833,0.3660594235416628,0.15214899805757462,-0.7220703958229252
2019-07-24,0.29977815462724405,0.815203039718834,0.25364304196362064,0.5674893019961718,-0.9122087238728345
2019-07-25,0.027303477642566982,0.020563990087329457,-0.835161875582919,0.5879425788162792,1.039878110772941
2019-07-26,-0.2363816936329215,-0.07822897283982944,0.36618401608899104,0.13552048274869977,0.07651058198671272
2019-07-29,-0.03129322708531357,0.9870168882878085,0.14158545673212994,-0.08792787277263199,0.13989002467002143
2019-07-30,0.17379523946228137,-0.16413589712432622,0.24703729868914634,0.29675625130510713,0.08918647052337221
2019-07-31,-0.08403026134041906,-1.0489772172545229,-0.161874895383311,-0.6689523098329826,0.13989002467002143
2019-08-01,-0.5850320867638563,-0.38749390026398733,0.6159498256259274,-0.6160845389266432,-0.4305249594797232
2019-08-02,-0.7813310476022627,-1.916637152527862,0.3584677825503333,-1.090011030149523,0.1272141361333563
2019-08-05,-0.4356104897077414,-1.9080464600994143,1.4811479382850798,-1.4178423403197595,-0.34179373972308985
2019-08-06,0.12105820520718888,0.16660576137096064,2.970807668011703,-0.7924911844497229,-1.5713549277792012
2019-08-07,0.15914606328030473,-0.3230637070506195,2.0115655012174707,-0.3062619775129755,0.34270424125659016
2019-08-08,-0.02250372137613799,0.024859336301562878,0.2554651340391769,0.9519604725730461,0.7483326744297388
2019-08-09,-0.860436598984921,-0.9845470240411741,0.6050217116782589,-0.7215939269051074,0.8497397827230316
2019-08-12,1.187518231254732,0.5188241509373573,0.46190082701584817,1.2991895449673747,0.1652418017433404
2019-08-13,0.5136561268840275,-1.349651452250252,0.7197143949065731,-0.6677769891331309,0.6088979005264675
2019-08-14,-0.2861888926516265,-0.15984055091009278,-0.11378505324523848,0.3242721569714895,-0.08827596898987754
2019-08-15,-0.27153971646964986,0.4243265342244128,-0.3076152152694656,0.2230294421073034,-0.20235896581982418
2019-08-16,0.6542882182309538,0.46298465015243734,0.26084384870024846,0.3195443778554505,-0.05024830337989344
2019-08-19,-0.4619790068352812,0.04633606737267277,0.3187456424061078,1.5613749604247935,0.0004552507667501583
2019-08-20,0.5048666211748389,0.4758706887951185,0.5505574400844756,-0.07133087648342275,-0.08827596898987754
2019-08-21,1.1552900436543911,1.1760121217136785,-0.15874508455674738,-0.12179857426373121,-0.12630363459986163
2019-08-22,0.027303477642566982,0.14512903029983165,0.3439245666388174,0.2198761663571421,-0.12630363459986163
2019-08-23,-0.17778498890502795,0.020563990087329457,0.5045048970329372,0.518027136400282,0.1272141361333563
2019-08-26,-0.44439999541693,-0.7096448663308073,-0.036253764013188666,-1.0641379751491609,0.24129713296330862
2019-08-27,-0.5821022515274559,0.35560099479683066,1.5181860196519608,0.9761260527942599,0.241297132963303
2019-08-28,1.4599929082394092,0.14512903029983165,0.13689412441557705,-0.2817536776582881,-0.05024830337989344
2019-08-29,-0.8457874228029574,-1.1005213718252285,0.12402178680431036,-0.24496049381741683,-0.13644434542918923
2019-08-30,0.7128849229588474,1.2404423149270463,0.11116196457969418,0.17426291356184231,-0.05278348108722533
2019-09-02,-0.549874063927115,0.3169428788688061,0.00223792036882116,0.9238203232286634,-0.13897952313652112
2019-09-03,0.6337793715762022,0.19667318487053737,-0.016980008303527517,0.09373921640234736,-0.5319320677730104
2019-09-04,-0.2773993869424509,-0.3316543994790673,-0.06182108877745663,0.6044837696636111,-0.06292419191655292
2019-09-05,-0.03129322708531357,-1.560123416747251,-0.18997671352404769,0.7284312603259798,0.4187595724765583
2019-09-06,-0.23931152886932203,-0.2672242062656994,-0.004160521679881349,0.4233557673195447,0.215945355889984
2019-09-09,-0.23931152886932203,0.4500986115097752,-0.049019412986404554,0.4439287352363983,0.013131139303409648
2019-09-10,0.8974645428516906,0.9956075807162563,-0.055429880600581204,-0.25842404128451485,-0.2910901855764519
2019-09-11,-0.6817166495648658,0.24821733944120491,-0.04261328723064395,-0.5463079089940774,0.2286212444266435
2019-09-12,0.14156705186195356,1.4337328945671497,-0.00415807933857323,0.7746098129932177,0.07651058198671272
2019-09-16,-0.2686098812332623,0.3513056485825972,-1.2363177094348625,-0.2765549467228374,-0.08827596898987754
2019-09-17,-0.2949783983608151,0.6777519608636697,0.4454854195642655,-1.2435160046962683,-0.03757241484323394
2019-09-18,0.32907650699118435,1.1072865822860773,-0.03622501828298678,0.3464710251754396,0.215945355889984
2019-09-19,-0.4707685125444698,-0.9372982156847018,0.002292623665203121,0.25991472843578656,0.7103050088197603
2019-09-20,-0.5528038991635156,-0.38749390026398733,-0.036224655236042104,0.20276722336569264,0.2920006871099466
2019-09-23,0.1972339213534466,0.1537197227282985,0.002291897591881226,-0.8458784581626617,0.025807027840074766
2019-09-24,-0.06938108515845544,0.6605705760067551,-0.05548288627820956,0.1885880608391005,-0.6967186187496006
2019-09-25,-0.2363816936329215,-0.061047587982933894,-0.05548515538543335,-0.5718693537527232,-1.3051612685093237
2019-09-26,0.059531665242907796,0.9139960026459929,0.008713788816216176,-0.5715828322404023,0.07651058198671272
2019-09-27,-0.30376790406999066,0.5102334585089096,-0.010546529812122432,0.2119547334896233,0.1779176902799999
2019-09-30,-0.7022254962196305,0.3770777258679405,-0.036224836757094744,-0.732578775266307,3.220130939078615
2019-10-08,0.9970789408891008,-1.7577093426015498,-0.042645094231665105,0.4351659159459999,-1.951631583879025
2019-10-09,-0.02250372137613799,-0.361721822978644,-0.010545985218819096,0.09913267714779044,-0.7600980614329094
2019-10-10,0.35251518888233657,1.2748050846408374,-0.010546348286230396,0.5874622841347689,-0.3924972938697334
2019-10-11,-0.2363816936329215,0.9011099640033308,-0.04264482193113184,0.6888656874450207,-0.48122851362636676
2019-10-14,-0.1191882841771474,0.45439395772398955,-0.036225562891816526,0.7641487849405636,1.2173405502861907
2019-10-15,-0.5967514277094325,0.3513056485825972,-0.1325393221100538,-0.32100518454191906,0.43143546101322344
2019-10-16,0.5781125020847091,-0.0009127409837995073,0.22056858581743613,-0.25856166875002856,0.038482916376728626
2019-10-17,0.32614667175479684,-0.6581007117601206,0.25250984911406515,0.04062599538998864,-0.27841429703979237
2019-10-18,-0.060591579449266846,1.1888981603563598,-0.6588385339018352,-1.0526223221497333,0.3680560183299148
2019-10-21,0.188444415644258,1.4680956642809408,-0.08762231952659398,0.209374807572008,0.013131139303409648
2019-10-22,0.827148497178221,0.4329172266528606,-0.10048164450538606,0.2758336468215158,1.2553682158961803
2019-10-23,0.28805881368166797,-0.28011024490836156,0.5160113487763395,-0.47268331822913723,-1.2037541602160364
2019-10-24,0.7685517924503404,0.22674060837009502,-0.1838535503336324,-0.014422812461943681,-0.39249729386973903
2019-10-25,-0.183644659377829,0.703524038148994,0.11782903378297534,0.484507100783289,0.11453824759669683
2019-10-28,0.21188309753541024,2.3615276768396045,0.06003873784668422,0.5494566143386098,0.038482916376728626
2019-10-29,0.3700942003007137,0.2997614940119106,-0.9547579401247102,-0.31133868373912443,0.0004552507667501583
2019-10-30,1.7676256080608015,1.8460861311326808,-0.24848619410460324,-0.36215641806273247,0.1779176902799999
2019-10-31,-0.866296269457709,-1.5987815326752564,-0.3387139950533814,-0.09053522007633551,0.038482916376734254
2019-11-01,0.3114974955728202,-0.9158214846135728,-0.641807281356562,1.2159394098848284,-0.8615051697261908
2019-11-04,-0.549874063927115,0.6390938449356262,-0.37806960673800016,0.46722882928401854,-1.0896711633860898
2019-11-05,-0.7901205533114513,-1.6675070721028387,-0.004032141790327582,0.44515052493629764,-0.3798214053330739
2019-11-06,1.237325430273424,-0.23286143655190839,-1.9952291989729134,-0.3343195696960189,0.6215737890631271
2019-11-07,-0.6612078029101011,0.4071451493675173,-0.49012205727782737,0.12144595201792772,0.6342496775997978
2019-11-08,0.5634633259027325,0.8109076935046197,-0.4321739432128228,-0.3523612104862086,-0.303766074113117
2019-11-11,-0.17778498890504096,-1.0317958323976464,-0.10129185814551189,-1.3048558400033365,-0.1770071887464996
2019-11-12,0.7070252524860594,0.2611033780838861,0.3335745689256431,0.006729821710513038,1.2046646617495311
2019-11-13,-0.30962757454277867,-0.4218566699777784,0.2230775789514231,-0.07592138417182351,0.34270424125659016
2019-11-14,1.0175877875438524,0.7722495775765952,0.34605855215245784,0.10334070210102773,0.10186235906003734
2019-11-15,-0.910243798003626,-0.7053495201165929,0.02844209225285776,-0.5462348306534859,0.7103050088197603
2019-11-18,0.29684831939085654,-1.68039311074552,-0.37333802670992877,0.5718364634401766,-0.10095185752653703
2019-11-19,-1.1973676511702795,-1.139179487753234,-0.06876963011403896,0.7204123090175646,-1.469947819485914
2019-11-20,0.3407958479367735,-0.12118243498208736,0.546825686880105,-0.7347433863148237,-1.4319201538759354
2019-11-21,-0.4854176887264464,0.11076626058604058,0.6172473312355008,-0.34858683228061227,-0.8868569467995099
2019-11-22,0.3671643650643132,0.19237783865630395,0.5517664038122125,-0.753668841514212,1.4074788783361054
2019-11-25,0.5107262916476271,0.3727823796537262,0.5639388520888706,0.5264271765979106,0.7736844515030634
2019-11-26,-0.4473298306533045,-0.7611890209014939,-0.3653614295285278,0.24613154342488588,0.038482916376728626
2019-11-27,0.24411128513573804,-0.022389472054928472,0.008887184783414659,-0.30797127998596596,-0.10095185752653703
2019-11-28,-0.2920485631244145,-0.0009127409837804321,-0.5271038358766365,-0.2578100796297482,0.11453824759669683
2019-11-29,0.23532177942657548,-0.19420332062390294,0.15104153806256695,-0.6450377731200719,0.13989002467002143
2019-12-02,0.3173571660456082,1.3392352778542052,-0.25597020531214926,0.13418130204444983,-1.6220584819258446
2019-12-03,-0.3418557621431325,-0.6237379420463105,-0.2754867658648842,0.27888301205115335,-1.6981138131458127
2019-12-04,-0.3828734554526359,-0.18990797440966953,1.0035342713991275,-0.030604753054128804,1.0652298878462656
2019-12-05,-0.31255740977917923,0.037745374944224995,0.8724631852798544,0.5515498249571876,0.1018623590600317
2019-12-06,0.1444968870983411,0.6863426532920984,-0.9127832796929446,0.4253846488051529,0.6342496775997978
2019-12-09,0.3320063422275849,0.007677951444667338,0.11851911906675895,-0.1364738223794382,0.31735246418326557
2019-12-10,-1.1651394635699388,-0.38749390026398733,-0.05563288066466916,0.08591429811639895,-0.696718618749595
2019-12-11,0.8681661904877505,-0.39608459269243507,-0.12014101891776156,0.03769151889653805,0.558194346379824
2019-12-12,-1.0596653950597408,-0.18990797440966953,-0.8757228475248403,-0.22620994878753167,-0.7727739499695632
2019-12-13,0.4638489278653356,0.8023170010761529,-0.6507457993888983,1.42761552397385,0.5581943463798296
2019-12-16,0.0712510061884839,0.1408336840856173,-1.5858470585483555,0.34810293328812136,0.7419947301614063
2019-12-17,0.660147888703742,1.0084936193589376,0.3401556926842666,0.9799950773572464,0.7293188416247525
2019-12-18,-0.4151016430529767,0.14942437651404603,-0.03636429304750421,-0.16960474366083528,-0.024896526306574452
2019-12-19,-0.007854545194174358,0.16231041515674627,0.33987523443035883,-0.10860182854190673,-0.31644196264977087
2019-12-20,-0.6289796153097603,-1.5987815326752564,-0.05580788062920299,-0.18618477594719324,-0.36714551679642005
2019-12-23,-0.9131736332400134,-0.3917892464782207,0.6051921127046637,-0.9237546630792861,-0.9502363894828185
2019-12-24,-1.1036129236056578,-0.43044736240622616,-0.010434467832037466,0.46780891352688614,-0.02489652630656882
2019-12-25,-0.7666818714202991,-0.4862868631911462,-0.3602374021992455,-0.044797882218911705,1.2680441044328343
2019-12-26,-0.9981388550954596,-1.139179487753234,-1.7504314384579418,0.6330762510198613,0.7483326744297445
2019-12-27,-2.1554237734712243,0.6949333457205462,0.48372232584780966,-0.07840170256784093,-0.34179373972309546
2019-12-30,-0.7491028600019349,-0.005208087198013855,-0.5044743716059684,1.067387630485734,0.5074907922331804
2019-12-31,0.0712510061884839,0.18378714622785616,-0.30317155109127797,0.2603204645803507,1.5215618751660578
2020-01-02,0.11519853473440082,0.6562752297925217,-0.9876895994646946,0.978623685471838,-3.840338975841503
2020-01-03,0.07418084142487143,0.020563990087329457,0.4134110249223322,-0.13459197101051185,-1.0516434977761002
2020-01-06,-0.016644050903336923,-0.7697797133299417,0.21765043473237577,-0.2830585296587407,-1.6347343704625097
2020-01-07,-0.4649088420716817,0.4758706887950994,-0.20577961650913737,0.5382569290734589,0.5201666807698455
2020-01-08,-0.4326806544713539,-0.2758148986941472,-1.5897750332639637,-0.8521537185223372,0.786360340039723
2020-01-09,0.10933886426161277,-0.2586335138372517,0.2837913547559329,0.9116888319425624,1.9145144198025472
2020-01-10,-0.31548724501556674,-1.4355583765347297,-0.9782758820672817,-0.027331277326384403,0.2286212444266435
2020-01-13,-0.6992956609832429,-0.2629288600514851,-0.5999074151412923,0.7054577928174294,0.4567872380865368
2020-01-14,-0.10746894323157129,0.6519798835783074,-2.0535808468823586,-0.2518544698974311,1.6863484261426482
2020-01-15,-0.08110042610401853,-0.2929962835510428,-0.7417100040251853,-0.4110635382481106,0.8117121171130476
2020-01-16,-0.5645232401090917,0.029154682515777224,-0.27407806136869645,-0.31717096492509317,-0.6713668416762817
2020-01-17,0.0712510061884839,-0.04386620312603835,0.44490099858159926,0.09559037662043253,-0.27841429703978676
2020-01-20,-0.7813310476022757,-1.3195840287506753,-1.436309796457347,0.5357098235423039,-0.4051731824063986
2020-01-21,-1.1622096283335381,-1.250858489323074,-0.4070862441250209,-1.264710879876726,-0.06292419191655856
2020-01-22,1.559607306276819,-0.12977312741053512,1.6084043973887108,0.30546238122205516,0.08918647052337784
2020-01-23,0.15914606328030473,-1.3453561060360186,0.12826434445119667,-2.304366576883041,-0.7220703958229252
2020-02-03,-9.046396249470732,-7.264343189237181,2.428937166477957,-5.9991951365851435,0.7483326744297445
2020-02-04,2.690523707525031,1.3950747786391253,3.4385241034125986,1.893921181374827,-2.407963571198823
2020-02-05,1.1787287255455434,-0.4347427086204596,0.262835055850642,0.8158795688562697,-0.9122087238728345
2020-02-06,-1.9913530002331326,-0.20279401305233163,1.0288747345575988,1.3395161351130827,0.3046765756466117
2020-02-07,0.715814758195235,-1.5042839159623118,-1.4334502250436538,-0.004795036150182086,-0.7474221728962442
2020-02-10,-2.0733883868521783,-0.16843124333854056,0.5944626397244219,0.29487061704581397,-0.20235896581982418
2020-02-11,0.7363236048499997,1.158830736856783,0.19753484948856417,0.6699724725342402,-0.7981257270428878
2020-02-12,0.3056378251000321,0.31264753265457274,-1.1876758687820654,0.5815246080610615,0.786360340039723
2020-02-13,0.46384892786532256,-0.3187683608363861,0.4127597577144972,-0.45708522854606903,0.4948149036965209
2020-02-14,0.003864795751414762,1.6270234742072343,0.35383504523424947,0.5044370307064551,-1.140374717532728
2020-02-17,-0.24224136410570957,1.6141374355645721,-0.33554599293301257,1.617184951679109,0.3680560183299148
2020-02-18,-0.5469442286907275,-1.3367654136075708,0.17824239228247432,-0.36396196361315186,0.4187595724765583
2020-02-19,0.29391848415445604,0.25680803186967177,1.184506149179601,-0.11819585502576004,-0.303766074113117
2020-02-20,-0.7110150019288125,1.291986469497733,0.0674010074199951,1.656396027862023,0.5201666807698455
2020-02-21,0.3554450241187371,-1.7319372653162064,1.1681268220109402,0.07854006874368595,-0.7854498385062226
2020-02-24,-0.4854176887264464,-1.6760977645313055,0.20937105489144336,-0.30010045014267295,-0.8615051697261908
2020-02-25,0.7451131105591883,-0.07822897283982944,-0.11388801526988708,-0.1654338585478003,0.3553801297932497
2020-02-26,-0.40045246687100655,-0.3917892464782017,-0.7092035971511775,-0.91213303400704,-0.2403866314298083
2020-02-27,0.6162003601578315,-1.5730094553899132,0.5525122849723115,0.20571791505510612,0.12721413613336194
2020-02-28,-2.319494546709309,-2.105632385953732,-0.9879420830430374,-2.6418268860310534,2.3201428529756902
2020-03-02,2.9278403616729793,0.5746636517222774,-1.678905564467439,2.3563832421838278,-3.092461552178509
2020-03-03,-0.0752407556312435,0.4586893039382039,-1.946156081080277,0.38158361738701896,-0.4305249594797232
2020-03-04,-1.4757019986277318,-2.7413436256589248,-0.03644924258982858,0.41494218098429514,-0.5192561792363453
2020-03-05,1.398466368275128,0.029154682515777224,-0.7490031421388031,1.6019018380995749,0.4821390151598614
2020-03-06,-1.14170078167878,-2.0111347692407877,-0.4553842703802203,-1.2001024041672184,-0.671366841676276
2020-03-09,0.009724466224202817,-4.691430806916797,-0.5279040583008336,-2.543979535178291,0.5074907922331804
2020-03-10,0.34958535364594256,3.86919419803235,0.8215295539895826,1.5402970323062057,2.130004524925781
2020-03-11,-0.10453910799517725,-0.6022612109752007,1.4335063190952368,-0.984049855240779,0.7610085629663983
2020-03-12,0.28805881368166797,2.116692942628814,0.16573258926104595,-1.425018017346963,0.12721413613336194
2020-03-13,1.6094145052955176,1.0514470815011763,2.525273036752536,-1.0411690179417676,-0.7093945072862657
2020-03-16,-1.92396678979607,0.14512903029983165,-0.1206481085985656,-3.214665903524574,-0.6586909531396166
2020-03-17,0.3964627174282535,1.8417907849184474,0.4691961046537914,-0.36300945170368665,-3.8276630873048383
2020-03-18,-0.5615934048726976,-0.5636030950471761,1.4899008014216188,-1.4659912065017067,-1.8248726985124188
2020-03-19,-1.2588941911345541,1.6570908977068108,1.2274066238783503,-0.9596307933635702,1.8131073115092573
2020-03-20,0.3114974955728202,-1.517169954604993,3.376266164647167,1.2863648119192972,0.6722773432097763
2020-03-23,-1.7305976641940382,-2.9604062825843713,-0.7396845839097278,-2.5051149395227066,-1.7614932558291159
2020-03-24,-1.7042291470664983,-0.2887009373368284,0.3540911853918116,1.928115400970424,-1.406568376802608
2020-03-25,-1.1651394635699321,0.1365383378713839,-1.6699479362109193,1.9290674126717127,0.6722773432097763
2020-03-26,-1.9561949773964042,-1.2336771044661785,-0.3444235394115844,-0.4880440830118932,-0.3037660741131142
2020-03-27,0.8535170143057738,0.5875496903649395,-1.7286862735996,0.23021027007731712,0.6342496775997922
2020-03-30,0.6777269001221126,0.10217556815759281,0.10553992841647188,-0.717388464070182,5.0074312227477975
2020-03-31,-1.4493334815001855,-0.6022612109752007,2.573103885349843,0.2323642192551741,-0.18968307728316472
2020-04-01,-2.38102108667359,-1.560123416747232,-0.5363644134982198,-0.22630950885900003,-1.7995209214390944
2020-04-02,0.6103406896850435,1.081514505000734,1.4114968279931581,1.1650161840425293,-1.8502244755857407
2020-04-03,-0.6201901096005782,2.3185742146973656,0.6732017089080014,-0.42436503676011655,-0.31644196264977364
2020-04-07,-7.827584791130685,-4.700021499345245,-1.0782688244939613,1.6419357067273816,-0.7220703958229224
2020-04-08,-4.417256575967661,-1.4999885697480975,-2.9515093932943013,-0.34712353041334,-0.41784907094305807
2020-04-09,-1.4434738110273975,0.6949333457205653,0.3179159036871618,0.23377796511439933,-0.7347462843595847
2020-04-10,1.5332387891492598,1.712930398491712,-1.1964761587635981,-0.4628476467851109,1.6990243146793078
2020-04-13,0.8886750371425086,0.8495658094326252,-0.3720293191667757,-0.3155863662806184,0.4948149036965237
2020-04-14,-0.860436598984921,0.08499418330069727,0.6607360362162052,1.3890581957309835,-1.8121968099757566
2020-04-15,-0.28032922217883843,-0.46481013212001726,-0.04918289154789989,-0.5492989103891982,-0.9375605009461591
2020-04-16,-0.2949783983608086,-0.6452146731174395,1.984408040187275,0.08985259603519173,0.3300283527199335
2020-04-17,0.5898318430302788,1.0041982731447041,0.0022977073280155145,0.7024032195848734,1.0272022222362813
2020-04-20,-0.546944228690721,1.669976936349473,-0.4152153297211991,0.25854241056266625,-0.024896526306574452
2020-04-21,-0.14262696606830613,-0.2457474751945705,0.5866941479667661,-0.8719038002911039,-1.6093825933891823
2020-04-22,0.21774276800819828,-0.6967588276881452,0.9446363704292415,0.5917144103283409,-0.36714551679641727
2020-04-23,-1.7774750279763492,-2.30321831180805,-0.12585985820729606,-0.18991204098149086,1.1159334419929063
2020-04-24,0.923833059979237,-1.7190512266735443,-0.5617548571141062,-0.6341074964369516,0.7103050088197576
2020-04-27,-0.807699564729822,1.502458433994732,-0.6651347795836878,0.48774977707046513,0.7229808973564199
2020-04-28,0.24704112037214507,-0.43044736240622616,0.021566289168045958,0.4954377230808308,-1.9389556953423654
2020-04-29,0.33200634222757835,-0.9888423702553885,-0.06191567291427829,0.3318712645437912,1.7243760917526267
2020-04-30,-0.28032922217883843,1.7859512841335274,-0.878307700000534,0.8482300185348185,2.091976859315797
2020-05-06,0.6337793715761957,1.5625932809938854,0.741620307347561,0.43388117466999454,-0.6713668416762788
2020-05-07,0.003864795751414762,2.571999641336584,1.5219749806932157,-0.21753521802577944,-0.32911785118643316
2020-05-08,1.2050972426730961,-0.28011024490836156,-0.9397077682080096,0.7102316577202762,-0.35446962825975775
2020-05-11,2.1162760011917365,2.4259578700529723,-0.14527406237811932,-0.06997025997097112,-1.634734370462504
2020-05-12,-1.2266660035342134,0.20955922351319947,0.9380016582334563,-0.005498454405619767,-1.3938924882659485
2020-05-13,0.3671643650643132,0.1966731848705183,-0.3051817224976556,0.14104194667117095,-1.0389676092394435
2020-05-14,-0.5908917572366379,0.23103595458432843,0.4440439901979303,-0.802587567448452,0.38073190686657427
2020-05-15,1.4629227434757965,0.6390938449356262,-0.10019039647588054,-0.23757693704019112,1.8257832000459167
2020-05-18,-1.7364573346668326,0.9999029269304898,0.5779038158092017,0.181559647387288,-1.1784023831427146
2020-05-19,0.9736402589979485,0.4071451493675173,-0.7783235948261951,0.6112138207445904,-0.519256179236348
2020-05-20,3.7599135688089675,-1.9209324987420764,0.2582633678252171,-0.3956031258985473,0.1779176902800027
2020-05-21,0.20309359182622816,-0.5163542866907229,-0.5868585994277415,-0.40514075229335506,0.2920006871099494
2020-05-22,-1.6221937604474526,-2.9990643985123957,0.4312889904997274,-1.6997633547283337,0.5074907922331832
2020-05-25,0.9677805885251539,3.7188570805345043,1.7015129619969325,0.09379731799581058,2.4215499612689775
2020-05-26,3.6778781821899282,2.2068952131275252,0.5119157731043812,0.8170303243010992,1.5722654293126985
2020-05-27,3.8565981316099833,0.8753378867179684,-1.305338835525629,-0.5202703640656191,1.4074788783361054
2020-05-28,-0.45025966588971156,-1.426967684106282,1.1566539299116934,0.20231828885558978,2.053949193705813
2020-05-29,-0.42975081923495334,0.4243265342244319,0.22498850450575061,0.1898658763890988,-0.34179373972309546
2020-06-01,0.5781125020847091,0.570368305508044,-0.029752555318310295,1.9366714614218625,-2.420639459735477
2020-06-02,5.3508141021711,1.8546768235611286,-0.966668487029008,0.2178668282133963,-3.612172982181604
2020-06-03,3.9181246715742644,0.22244526215588067,-0.6171283542637744,-0.0050923504417294905,3.790545923228354
2020-06-04,1.8818891822801882,1.5196398188516276,-0.41964590403704566,-0.033366339011618645,0.3934077954032338
2020-06-05,2.628997167560756,0.8882239253606496,-0.3240071067257035,0.3421278619693071,-0.1643313002098401
2020-06-08,-0.9688405027315194,-1.371128183321362,-0.5547569113006513,0.3702114290413305,-0.5572838448463322
2020-06-09,1.7617659375880266,0.5617776130795962,-1.120102710803396,0.4471553200633832,0.07651058198671554
2020-06-10,0.132777546152765,-0.07393362662561509,-0.07475900281483021,-0.13879632193356664,0.43143546101321784
2020-06-11,-1.1563499578607501,-2.0111347692407877,-0.6338886085731236,-0.8027777513171377,0.532842569306505
2020-06-12,-1.768685522267167,-1.048977217254542,1.6262957489457848,0.12483239143825439,-0.05024830337989344
2020-06-15,-2.0001425059423212,0.48875672743778065,0.2136242963954931,-0.8889525731243566,-2.027686915098993
2020-06-16,3.6251411479348294,3.22489226589871,-0.9657514449352234,1.085025228563011,0.46946312662320194
2020-06-17,4.1759501723769645,2.069444134272342,0.7332259835439988,0.04840879900830691,2.1173286363891157
2020-06-18,-0.3301364211975434,-0.7268262511877028,0.1687723699666829,0.47862187793133476,0.5581943463798296
2020-06-19,1.2988519702377181,0.2611033780838861,0.040648933863048665,0.9675066935589303,0.6088979005264675
2020-06-22,-0.04887223850369074,0.8839285791464162,-0.3308342385416517,0.052842500667819044,0.051158804913393745
2020-06-23,-0.34771543261590754,1.1545353906425686,-1.268115613384166,0.3440554820279006,0.013131139303409648
2020-06-24,-0.013714215666949402,-1.826434882029151,-0.769290611515422,0.29735713197772495,0.3046765756466117
2020-06-29,-1.6573517832841873,-0.7955517906153041,1.6018834220784437,-0.5247060964065311,0.11453824759669683
2020-06-30,0.01265430146060335,-0.5550124026187284,-0.10675590325636375,0.9507557134927873,0.6088979005264732
2020-07-01,-1.3702279301175466,0.2868754553692294,-0.5688762448347591,1.4483766977614374,-1.6727620360724882
2020-07-02,-0.2656800459968618,0.16231041515674627,-0.9490090311430451,1.491389816881977,-1.1150229404594145
2020-07-03,-0.17485515366864043,2.292802137412003,0.43966185835238514,1.3901125794933022,-0.31644196264977087
2020-07-06,0.7099550877224469,4.010940623101766,0.13728432869584548,4.018168541038172,-2.3445841285155145
2020-07-07,0.05367199477011973,0.3255335712972539,-2.297329443685934,0.43031874172720186,3.790545923228354
2020-07-08,0.27633947273607884,1.8417907849184474,-0.6890395844576546,1.163062660892803,0.5835461234531486
2020-07-09,2.0430301202818923,1.635614166635701,-0.8130946729786677,1.0073495687384797,0.7103050088197603
2020-07-10,2.4444175476679066,-1.9209324987420955,-0.9442881910589678,-1.340317811009462,0.15256591320667529
2020-07-13,-0.6436287914917499,0.6605705760067742,0.11941167866383336,1.5108048220500128,-0.012220637769909332
2020-07-14,-0.866296269457709,-1.2551538355373075,0.17775258763749288,-0.7059486964244829,-0.6586909531396166
2020-07-15,0.7040954172496718,-2.5480530460188398,-0.11421128868630126,-0.9577311442277688,0.038482916376728626
2020-07-16,-0.5791724162910683,-0.8213238679006474,-0.47129178792576965,-3.605353133837565,1.2680441044328399
2020-07-17,-0.5703829105818797,0.45439395772398955,0.8201277509875712,0.4518372018634059,-0.2657384085031329
2020-07-20,1.8877488527529762,-0.15984055091009278,-0.7694906327216554,2.139816980484942,-0.5446079563096698
2020-07-21,-0.1924341650870046,-1.4956932235338831,-0.45213941320787504,0.16073789813760617,-1.026291720702781
2020-07-22,0.3378660127003729,-0.8256192141148617,-0.9602560457955207,0.35673547088752255,-1.1657264946060524
2020-07-23,-0.007854545194161348,0.5059381122946761,1.2967837167271896,-0.03768503847531106,2.5356329580989243
2020-07-24,-0.27153971646966285,-1.6889838031739675,0.08699639153129177,-3.283351684983317,-0.7474221728962442
2020-07-27,0.08297034713406001,0.6219124600787497,0.5670272299174123,0.3628889392145125,0.7103050088197603
2020-07-28,0.39353288219186594,1.6098420893503387,-0.8930522362388664,0.6323717245979368,-0.012220637769909332
2020-07-29,-0.15727614225027625,1.1674214292852307,0.45708386086745506,1.7421668314776868,-0.3164419626497765
2020-07-30,0.08004051189765948,0.35560099479683066,-0.45838362732674826,-0.3640574168627795,0.1272141361333563
2020-07-31,0.05660183000652027,0.6519798835783074,-0.3742845884198029,0.6007434659906717,0.6849532317464414
2020-08-03,-1.6309832661566346,-0.3917892464782017,0.833888929192164,1.1697422884732873,-2.433315348272142
2020-08-04,-0.1631358127230773,-0.5077635942622751,-1.1732833420773854,0.062132277110593284,1.2807199929694937
2020-08-05,0.4316207402649948,0.5660729592938296,-0.35525327411760654,0.01340995308142177,-1.0136158321661217
2020-08-06,1.3896768625659395,1.1158772747145251,-2.072010353021759,-0.22610062693949656,0.1652418017433404
2020-08-07,-0.9512614913131422,0.44580326529554176,-0.2195987551418319,-0.8519806412300688,1.6736725376059887
2020-08-10,-0.41803147828937726,-1.0232051399691795,1.5504691421151853,0.2557015521871424,-0.024896526306574452
2020-08-11,0.5810423373210967,-0.4003799389066685,0.3806257250607236,-0.6753224535251284,0.6088979005264732
2020-08-12,0.9589910828159719,0.1365383378713839,-0.7665227763685327,-0.540837057760276,-0.024896526306574452
2020-08-13,0.5077964564112395,0.24392199322700964,-1.120756771184536,-0.19422081125623938,-0.10095185752653703
2020-08-14,-0.13383746035911104,-0.28440559112261404,-0.1803697075005652,1.0707382017524123,-0.17700718874650523
2020-08-17,0.16207589851670526,-0.6022612109752007,-0.304784533345895,1.6897412547484374,-0.10095185752653703
2020-08-18,0.34958535364594906,1.3005771619261808,-0.26565924766757004,-0.04401064900055136,-0.27841429703979237
2020-08-19,2.5176634285777637,0.8968146177890974,-1.0528518159107418,-1.1081491242175647,0.19059357881666503
2020-08-20,2.054749461227455,0.3470103023683829,0.6719237695152731,-0.9601806857472034,0.5835461234531486
2020-08-21,0.0712510061884839,-0.4862868631911462,-1.11930924869225,0.6100408091805463,0.4060836839398932
2020-08-24,0.2792693079724794,0.5574822668653818,0.5478746091188533,0.5637083822666092,-0.6206632875296324
2020-08-25,1.0087982818346768,2.0737394804865756,-0.09557431720830561,0.08704163522059552,0.15256591320668092
2020-08-26,0.16207589851670526,0.8839285791464162,-0.7064642125692036,-0.8673651060771981,-0.2277107428931488
2020-08-27,0.343725683173161,-0.18561262819543609,-1.181710913280969,0.383537408003596,-0.4939044021630263
2020-08-28,-0.22759218792374594,0.7980216548619385,-0.10247011314369876,1.715285442193948,0.6849532317464357
2020-08-31,-0.7989100590206399,-2.011134769240807,-1.9123190743292018,-0.43049670934962725,-0.07560008045321241
2020-09-01,1.430694555875469,0.46298465015243734,-0.7321093837633456,0.3850794095067507,-0.20235896581982982
2020-09-02,0.6337793715761891,2.7008600277633388,-0.8328151950572259,0.02004239711572596,-0.11362774606319652
2020-09-03,1.0908336684537225,-0.16413589712432622,-0.40205690408467265,-0.41146101210050173,-0.03757241484323394
2020-09-04,1.1904480664911194,1.1888981603563598,0.24238155093420308,-0.7204425632558372,0.1905935788166594
2020-09-07,0.24118144989936352,1.3263492392115241,0.15591930113628805,-1.5665199389809283,-0.126303634599856
2020-09-08,-0.5645232401090917,-1.1219981028963384,-0.16948069844495697,0.3835960232473536,0.15256591320667529
2020-09-09,-0.28032922217883843,-2.1099277321679657,0.36830862611535414,-1.7343608112818891,-0.21503485435648367
2020-09-10,-0.4033823021074136,0.024859336301562878,-0.6343106910160754,-0.0481496945862271,-0.8108016155795473
2020-09-11,0.6630777239401424,2.49038806326634,0.36185843617004043,0.7117231181976126,0.4441113495498773
2020-09-14,0.3554450241187371,0.892519271574864,-0.20932479448321253,0.3674611246186586,0.0004552507667501583
2020-09-15,-0.2041535060325807,-2.0970416935252842,-0.9475694818432612,0.5786194174927963,-0.34179373972309546
2020-09-16,0.44919975168334597,0.9870168882878085,-2.673367038017918,-0.4927979346990414,0.6722773432097763
2020-09-17,0.3027079898636446,0.35989634101106405,-1.0286775976694498,-0.39387444686712936,0.1905935788166594
2020-09-18,-0.16020597748667678,-0.3917892464782207,-0.5873228819073562,1.6199291951741444,0.44411134954988296
2020-09-21,0.1122686994980133,-0.6194425958320962,0.0034843572611181132,-0.7136415351821954,0.38073190686657427
2020-09-22,-0.10746894323158429,-1.0317958323976273,1.8335074465517112,-0.8779701050686474,0.9004433368696696
2020-09-23,-0.6582779676737005,0.024859336301543803,0.7386227619442016,0.25386123166465524,-2.30655646290553
2020-09-24,-0.010784380430561881,-0.17702193576698833,0.2570322212242415,-1.4208313473113903,0.0004552507667501583
2020-09-25,0.238251614662963,1.734407129562841,0.5969240682653402,0.10464155170078807,-1.3051612685093237
2020-09-28,0.2734096374996913,0.05063141358690619,0.8489488856631587,0.18307942795529705,4.753913452014582
2020-09-29,1.1523602084179907,0.5660729592938105,-0.5625703366915311,0.15085999977038483,-1.6981138131458127
2020-09-30,-1.1094725940784327,1.0986958898576487,-0.48986403792682226,-0.07660897165534927,0.6215737890631327
2020-10-09,0.9589910828159719,1.3349399316399908,-2.0615103599646294,1.4702520829183923,-1.9769833609523497
2020-10-12,0.9619209180523594,-0.05675224176871955,-4.532961060828301,2.1752679623127453,-1.2671336028993396
2020-10-13,-0.1396971308319121,0.34271495615414943,1.1250821832941433,0.23586640548102408,0.25397302149996814
2020-10-14,-0.37701378497984783,0.8882239253606496,1.1692932781250787,-0.49240559665295913,0.5708702349164891
2020-10-15,1.448273567293833,0.7894309624334908,-0.6900911741840385,-0.13371871236383276,0.7103050088197548
2020-10-16,0.27047980226329077,0.037745374944224995,-0.3065264556891233,-0.11404208624902971,0.11453824759669683
2020-10-19,-0.27446955170605036,-1.5558280705329985,-2.2000173445042606,-0.5599879373650266,0.40608368393989885
2020-10-20,-0.08110042610401853,0.13224299165715048,-0.5657858224673153,0.5741555075156026,0.40608368393989885
2020-10-21,-0.5059265353812111,0.011973297658881686,-1.0353363936809865,-0.016287742188384153,-0.6713668416762817
2020-10-22,-0.5235055467995623,-1.5429420318903364,-1.555786232815247,-0.23300635694795416,-0.20235896581982418
2020-10-23,0.3466555184095485,1.1888981603563598,0.9783681414328667,-0.9213094114425426,0.20326946735332452
2020-10-26,0.23532177942656246,0.47157534258088507,0.12634670670751702,-0.42941659397735554,0.2920006871099466
2020-10-27,0.44919975168335896,-0.7139402125450407,1.7695621705239826,0.1185002560615947,1.3187476585794835
2020-10-28,1.1757988903091559,0.13224299165716955,1.370755882958306,0.5812785791969015,0.7103050088197548
2020-10-29,0.0507421595337192,0.2568080318696527,0.415626407941711,0.5407306616900184,-0.3924972938697334
2020-10-30,0.15035655757112915,0.1408336840856173,-0.21244654540601474,-1.20300149366473,0.8370638941863665
2020-11-02,0.6777269001221191,-0.38749390026398733,-1.254203859666575,0.38880223471877495,0.5962220119898081
2020-11-03,-0.6172602743641972,-0.08252431905404378,-0.6536106177063289,0.8654744825994762,-3.5868212051082797
2020-11-04,-0.06352141468565436,0.1236522992287027,-1.2864658712668267,0.5429210076571135,-1.1023470519227494
2020-11-05,0.36423452982791266,0.1365383378713839,0.8190580541478248,1.0691515093843453,-0.2530625199664678
2020-11-06,0.9677805885251605,1.1158772747145442,-4.148567503099391,0.0024970375737990843,1.8384590885825733
2020-11-09,0.3700942003007007,0.9999029269304898,-1.168703784156954,1.408574154910455,0.7356567858930794
2020-11-10,-0.013714215666949402,0.04633606737267277,-1.5779517485471783,-0.4103113572089749,-0.02489652630656882
2020-11-11,0.777341298159529,0.2868754553692294,1.167091445302955,-0.7319059309140297,0.4821390151598614
2020-11-12,0.5136561268840275,0.7250007692201229,1.1159949272524343,0.04648096703454701,0.38073190686657427
2020-11-13,0.6542882182309538,1.1115819285003108,0.31239170259915794,-0.7782341106967523,1.2553682158961748
2020-11-16,0.11519853473440082,-0.08681966526827721,-1.649760723071899,0.7012641491677947,-1.178402383142712
2020-11-17,0.4023223879010415,0.570368305508044,-1.9938038499550454,-0.14640476264348182,-1.2671336028993396
2020-11-18,2.160223529737653,1.5153444726374132,-1.1917556472177124,-0.053022533460634916,-0.34179373972309546
2020-11-19,1.1494303731816031,0.6777519608636506,-0.7785477273154041,0.5334372672396208,0.2793247985732871
2020-11-20,1.0293071284894415,-0.27151955247993287,2.0658251646670913,0.21972969010662133,-0.02489652630656882
2020-11-23,-1.138770946442386,-2.4664414679485573,-0.4860570497120346,0.8995604298566814,-0.4305249594797232
2020-11-24,-0.06645124992205491,0.7851356162192573,0.598004530276469,-0.45633709921410737,0.507490792233186
2020-11-25,-0.5088563706175986,-0.8342099065433286,-0.4375513233829437,-0.9457558208719054,-0.08827596898987754
2020-11-26,-0.555733734399903,0.5746636517222774,0.1906470668878909,0.1254990528125591,0.9004433368696696
2020-11-27,-0.5645232401090917,0.780840270005043,-0.19598486524613593,0.8956128881325146,0.5455184578431644
2020-11-30,-2.46598630852903,-2.4449647368774476,0.16301859931546234,-0.307838162649396,0.2666489100366276
2020-12-01,0.8183589914690454,0.9999029269304707,0.93504198387409,1.5492602981894619,-4.854410058774369
2020-12-02,0.26462013179051574,1.4251422021387021,-2.1636682913754313,-0.005889921300755023,-0.5826356219196511
2020-12-03,0.827148497178221,-0.4003799389066685,-0.15489299101650447,-0.15198978995572068,2.282115187365709
2020-12-04,-0.49713702967202256,-0.928707523256254,-0.6121746400612625,0.12117318039407496,0.1652418017433404
2020-12-07,-0.19829383555979263,0.5574822668653818,-1.0295558688382653,-0.638758460843013,0.051158804913393745
2020-12-08,-0.5791724162910683,-0.8256192141148808,-0.31524501329789967,-0.18639253008330528,-0.2150348543564893
2020-12-09,-0.028363391848926046,0.5703683055080631,-0.08595138314346336,-0.9921111800401926,-0.329117851186436
2020-12-10,-1.5928954080835058,-0.4089706313351163,1.1222845907228494,-0.03867059573753903,-0.126303634599856
2020-12-11,1.559607306276806,1.3220538929973098,-0.5160167940065755,-0.762509137427069,1.4708583210194086
2020-12-14,-0.21294301174175628,0.033450028729991574,-0.32894666862955496,0.6652711406443963,-0.4305249594797232
2020-12-15,-1.033296877932188,-0.6151472496178627,0.4834554009403666,0.14513453648948552,-1.0136158321661217
2020-12-16,-1.777475027976362,0.14512903029983165,-0.5719101112015392,0.12275098436829482,-3.1178133292518275
2020-12-17,0.05074215953373221,0.23103595458432843,0.025244512338948002,0.9248838233305028,1.8638108656559007
2020-12-18,-0.028363391848926046,0.2568080318696527,-0.3500026711032915,-0.26177758254467454,2.383522295658996
2020-12-21,-0.8487172580393448,-0.606556557189415,1.3094014900877309,0.6746116424645324,-1.2291059372893611
2020-12-22,-1.138770946442386,-1.9037511138851808,-0.8559191037186514,-1.2034162673598527,0.15256591320668092
2020-12-23,0.006794630987802284,-0.5249449791191707,1.1625127233352281,0.6135324362835095,0.051158804913393745
2020-12-24,-0.18950432985060406,0.46298465015243734,-1.3898677069556604,-0.11026647349624556,-3.662876536328248
2020-12-25,-0.8721559399304971,-1.4785118386769687,-0.21794070103669558,0.6040764699447856,4.79194111762456
2020-12-28,-1.2501046854253721,-0.7182355587592741,-0.6980252128349008,0.3170644951411135,-0.21503485435648367
2020-12-29,-0.7637520361839115,-0.8299145603290952,1.4706002604439479,-0.316827226576158,1.6736725376059831
2020-12-30,-0.8223487409117921,-0.7010541739023596,-0.898334560453053,1.0108649968469041,0.5708702349164891
2020-12-31,-1.3379997425172059,0.3427149561541685,-0.5519489538946133,1.373329040759536,0.9384710024796538
2021-01-04,1.287132629292142,1.6442048590641296,1.0817222708037797,0.7796902098760601,-4.90511361292101
2021-01-05,-0.5088563706175986,-1.7233465728877586,-4.544176475227793,1.37700179526697,-2.154445800465602
2021-01-06,-2.577320047512003,0.15801506894249379,-1.1184797386304146,0.6589309120394006,1.8384590885825762
2021-01-07,-1.8038435451039019,-0.7225309049734694,0.004726669293390213,1.2755629531609627,-1.3938924882659485
2021-01-08,-1.0127880312774362,0.6777519608636506,0.6788580499369968,-0.24827922742073955,3.638435260788423
2021-01-11,-1.6514921128113864,1.102991236071863,0.36939692124275547,-0.7311090545398228,0.10186235906003734
2021-01-12,-1.4405439757910035,-0.7096448663308073,0.39007160702517946,2.046502379025215,-2.053038692172315
2021-01-13,-1.5694567261923535,-0.8041424830437518,-1.5529534125994824,-0.24673273511467603,0.1905935788166622
2021-01-14,2.397540183885602,-0.4991729018338274,0.9665102552500386,-1.4274152967090126,0.1905935788166594
2021-01-15,2.6407165085063258,1.3005771619261999,-0.8165347401056684,-0.17188994696965237,1.4201547668727705
2021-01-18,2.5704004628328563,0.6605705760067551,1.4635093641386832,0.7973836484724284,0.6849532317464357
2021-01-19,1.3662381806747872,0.024859336301543803,0.24261939918349626,-1.0859833811073119,1.1539611076028875
2021-01-20,-0.6289796153097603,-0.0481615493402527,-0.3524148011816521,0.5139789490760623,2.8778819485887697
2021-01-21,-0.6289796153097733,-0.9201168308278063,-1.0048876674297764,1.1642135609278337,-1.6854379246091475
2021-01-22,0.4081820583738296,-0.6409193269032252,-0.5781710614224941,0.05646988851976177,-1.1023470519227494
2021-01-25,1.7295377499876856,0.25680803186967177,1.393832405818887,0.7256747001222178,0.3300283527199307
2021-01-26,1.6416426928958647,1.8289047462757855,0.1727117786273914,-1.4871960069118841,5.489114987140917
2021-01-27,1.237325430273424,-0.2887009373368284,-1.2995356458597769,0.1922719008408192,3.068020276638679
2021-01-28,1.7734852785336026,1.2103748914274697,1.238760125987056,-2.0265110126650576,0.1652418017433404
2021-01-29,1.7324675852240863,-0.284405591122595,-0.9766828224815622,-0.3491912665154176,1.1539611076028933
2021-02-01,-2.2521083362722334,-0.4003799389066494,-0.6272405487777305,0.8839384613634523,1.5722654293126959
2021-02-02,-0.494207194435635,0.24392199322699057,0.7698860011788167,1.1092643228801544,-12.066990636134413
2021-02-03,1.8613803356254364,1.571183973422314,-0.4935653379681359,-0.21774241798385283,-1.191078271679377
2021-02-04,0.8476573438329857,0.4500986115097752,-0.47296763751131027,-0.15648273197432755,2.2694392988290466
2021-02-05,-0.1719253184322529,0.26539872429810046,0.7139759536797757,0.11958146351771541,0.19059357881666503
2021-02-08,0.03609298335175557,0.3169428788688252,-0.24797858984243792,1.065875867541362,0.051158804913393745
2021-02-09,-1.0479460541141647,-0.37890320783553955,-1.0424667785853603,1.5726923340866088,1.0779057763829194
2021-02-10,-0.3506452678522951,0.892519271574864,-1.0236039847709741,1.5364918614496352,-2.6234536763220513
2021-02-18,1.1025530093992857,1.768769899276651,0.9979402426166389,-0.5027132022996135,-0.03757241484323394
2021-02-19,-0.16313581272306432,-0.7654843671157273,0.5953351665822618,0.12570751712475706,-2.0403628036356527
2021-02-22,-1.1856483102246904,0.21385456972741382,-0.45218205555268715,-2.3363030846854382,1.9778938624858446
2021-02-23,-0.6319094505461608,0.09358487572914505,-0.3540461947779042,-0.23731161024654204,0.9131192254063347
2021-02-24,-0.7022254962196305,-0.417561323763545,0.672831621568393,-1.8898333381567574,-2.053038692172318
2021-02-25,-0.1924341650870046,0.32982891751146826,-0.6773775975227594,0.4216698499078407,1.2933958815061588
2021-02-26,0.4872876097564748,0.7078193843632273,1.318741227918717,-1.8008904364827745,0.0004552507667501583
2021-03-01,0.05367199477011973,-1.2594491817515219,0.26419839274424667,1.1069139607039837,0.038482916376734254
2021-03-02,-0.14848663654108768,-0.21568005169501284,-0.9288391011525822,-0.9442021757436873,-0.7347462843595847
2021-03-03,0.4316207402649818,0.5231194971515717,-0.4451428116987665,1.3800598284150596,-3.3713310999850488
2021-03-04,0.21188309753541024,0.24821733944122398,1.3318720964685762,-2.3398503348642476,3.4482969327385113
2021-03-05,0.49314728022927584,-0.9544796005415974,0.9991544710367394,-0.25457457086835994,-2.0403628036356527
2021-03-08,-0.22173251745095787,-0.2586335138372517,-0.7865710257532234,-2.5869334618321997,1.8511349771192385
2021-03-09,0.19137425088065854,0.4200311880101794,3.765879125430895,-1.5903661395510027,-0.9629122780194781
2021-03-10,0.20309359182622164,0.2825801091550151,-1.6385041521537398,0.4708182186454614,-0.3544696282597606
2021-03-11,0.018513971933391406,0.007677951444667338,-0.9728572015366059,1.7891391117631343,0.2920006871099522
2021-03-12,0.15621622804391722,0.5102334585089096,-0.8978162245391046,0.2515440802871748,0.9511468910163132
2021-03-15,0.4345505755013823,0.8280890783614961,1.1305073456464334,-1.5959509390207924,1.8004314229725948
2021-03-16,-0.14848663654110067,-0.46910547833425065,0.10929876752245915,0.6259484039742812,-0.5699597333829889
2021-03-17,0.08590018237046054,-0.1984986668381173,-0.3796263622684565,0.30173475144960016,-0.7727739499695688
2021-03-18,-0.08110042610401853,0.020563990087329457,-0.8557024800304034,0.5766037086337499,0.3934077954032394
2021-03-19,-0.23345185839653398,-0.9888423702553885,1.6467000325506909,-1.9441928718968524,0.038482916376728626
2021-03-22,0.35837485935512464,-0.2500428214088039,0.6248237094647381,0.7197037951506767,-0.44320084801638265
2021-03-23,-0.27446955170605036,-0.05245689555448613,-1.1042493432691614,-0.7014048635276028,0.07651058198671835
2021-03-24,-1.0684549007689164,-1.4527397613916253,1.3151106370320913,-1.1901586969931486,-2.217825243148908
2021-03-25,0.15328639280752968,-0.25433816762303735,0.3523565766989267,-0.04120253780545838,2.5736606237089084
2021-03-26,0.3788837060098893,0.5231194971515908,0.6299433687528375,1.6293919231462761,-0.2530625199664678
2021-03-29,0.2616902965541152,0.029154682515777224,0.254341808718049,0.12211046087187295,-0.17700718874650523
2021-03-30,-0.19829383555980565,0.0033826052304148403,1.535674106573154,0.68235333745756,1.0018504451629624
2021-03-31,-0.933682479894778,0.26969407051235295,0.4743849666465241,-0.6740160492115937,0.2032694673533189
2021-04-01,0.3466555184095485,-0.2027940130523507,-0.9156121364741288,0.8904863120218812,-1.2037541602160364
2021-04-02,-0.3740839497434473,-0.05675224176870047,0.42640492543730046,0.7152082387823703,-0.11362774606319652
2021-04-06,-0.33599609167033145,0.4758706887951185,-0.8679750715769338,-0.30723337334295214,-1.25445771436268
2021-04-07,0.6953059115404703,0.570368305508044,-1.0153592923088426,-0.5281934466631559,-1.3305130455826426
2021-04-08,0.0009349605150272401,0.2568080318696527,0.5248956024545397,0.11443399766952875,0.9638227795529727
2021-04-09,-0.010784380430561881,-0.27151955247991383,-0.39808861695275205,-1.1126211996654807,0.5201666807698455
2021-04-12,-0.6026110981822206,-0.8299145603290952,1.148266748551494,-1.2876413734352943,-0.03757241484323394
2021-04-13,-0.36822427927067225,-1.1692469112528299,-0.882764200894068,-0.12620074879670615,0.15256591320668092
2021-04-14,0.1767250746986819,0.1494243765140651,-0.6620418085101679,0.5966441087594236,0.038482916376734254
2021-04-15,-0.22759218792374594,0.13224299165716955,-0.4751522741578664,-0.471999078076585,-0.050248303379899065
2021-04-16,-0.09281976704959465,-0.18131728198122174,-0.08597342259826149,0.24682309759309223,1.8004314229725948
2021-04-19,-0.1191882841771474,-0.0481615493402527,-0.40605388099516526,1.7484521001960054,0.3553801297932553
2021-04-20,-0.6817166495648658,-0.3574264767644297,-0.9291582357940835,-0.05897338046029577,-0.36714551679641444
2021-04-21,-0.02250372137613799,-0.15124985848164502,-0.42110262952819566,0.2139745905453169,-0.7854498385062283
2021-04-22,0.015584136696990871,0.4243265342244319,-1.0296987649154798,-0.1427242390056932,0.2286212444266435
2021-04-23,-1.6134042547382705,0.08069883708646385,0.2004322638919465,0.6533085491072101,-0.12630363459986163
2021-04-26,0.920903224742843,1.558297934779652,-0.17025376642913234,-0.8388532952466967,1.3694512127261271
2021-04-27,-1.6749307947025516,0.626207806292964,0.053551142114364486,0.18417080574046624,-0.13897952313652112
2021-04-28,-0.9541913265495298,-0.7912564444010898,-0.5202075585820602,0.4041921210839665,-0.5572838448463293
2021-04-29,-0.6729271438556902,0.03345002873001065,-0.990597388662407,0.6313271675231786,0.8117121171130419
2021-04-30,-0.06352141468565436,-1.5773048016041276,-0.32518473894120864,-0.5839064016527817,1.077905776382925
2021-05-06,-1.0801742417144924,0.08069883708646385,1.5395853775908994,-0.900620877585813,-2.3192323514421895
2021-05-07,-0.5469442286907275,0.1623104151567272,-1.5442332037339082,-0.9512519768118091,-2.6741572304687002
2021-05-10,0.2734096374996913,0.029154682515777224,-1.8029954936207655,-0.05962975204075234,-0.37982140533307673
2021-05-11,-0.6934359905104419,-0.6022612109752007,-1.2301674424772782,0.4400754917549926,2.155356301999097
2021-05-12,-0.004924709957773826,-0.3230637070506195,0.004879796213958767,0.30508025820751605,-0.6079873989929729
2021-05-13,-0.22173251745094485,0.6004357290076207,2.4711663897396807,-0.7567626268588324,0.6849532317464357
2021-05-14,1.2519746064554007,-0.8513912914002241,-0.6351845575905104,1.6931772285559799,-0.08827596898987754
2021-05-17,0.11519853473440082,1.0213796580015997,-1.5600294814551492,1.0484858805374828,1.5469136522393767
2021-05-18,0.188444415644258,-0.12547778119628264,0.3295154276521362,0.030264617712596045,0.025807027840074766
2021-05-19,-0.02250372137613799,-0.649510019331673,-0.7435951394331805,-0.2225998395649399,-0.5826356219196539
2021-05-20,-0.054731908976478796,-1.3109933363222275,1.4511118790337445,0.19274463364674402,0.215945355889984
2021-05-21,0.06539133571569584,-1.5515327243187842,-1.1800029508203351,-0.7459413603829728,-0.05024830337989344
2021-05-24,-0.49713702967202256,0.7722495775765952,0.7386202691247258,0.29765182284724234,-0.03757241484323394
2021-05-25,0.4345505755013823,-0.1383638198389829,-0.9054535926833946,2.2642700482026736,1.2553682158961748
2021-05-26,-0.45318950112610557,-0.5034682480480418,-1.3249152296159763,0.0224626909835125,0.20326946735332452
2021-05-27,0.38181354124628986,0.6047310752218351,-0.5124227122539604,0.2350785606223827,-0.07560008045321805
2021-05-28,1.6504321986050403,0.6777519608636697,-1.2447323779200363,-0.24139156683463364,0.215945355889984
2021-05-31,0.8212888267054329,-1.6846884569597531,-1.2765458421333422,0.1370942603094702,2.852530171515445
2021-06-01,-0.7901205533114513,-1.2036096809666017,-0.808370757501293,0.1317447342393061,-3.396682877058365
2021-06-02,0.0712510061884709,1.425142202138683,1.4099719665113206,-0.7166495253722944,-0.9629122780194781
2021-06-03,-1.5782462319015291,0.037745374944224995,0.24708951244424182,-0.4868374871344684,-0.7981257270428878
2021-06-04,0.926762895215631,1.2103748914274697,1.8300108348271853,0.36743147404427556,1.2173405502861907
2021-06-07,1.043956304671405,1.0041982731447232,-0.7964897278232277,-0.07085252083280448,0.8497397827230316
2021-06-08,0.7070252524860594,-0.1984986668381173,-0.4068795088846159,-0.6388130100810799,0.1905935788166594
2021-06-09,0.22067260324459884,0.5617776130795962,0.31041424788514843,0.0538712715823847,0.06383469345005323
2021-06-10,0.10054935855242418,-0.928707523256254,0.09019237059236712,0.4799947922262779,-1.5713549277792012
2021-06-11,0.2294621089537744,1.0986958898576487,-0.847470974618064,-0.6570537520494566,0.3046765756466117
2021-06-15,0.46091909262893505,-0.18131728198122174,1.4957459462145035,-0.823525811732178,0.8750915597963507
2021-06-16,0.3788837060098893,0.34271495615414943,0.033305850018541694,-1.2329408481959487,-0.48122851362636676
2021-06-17,0.920903224742843,0.25251268565543833,1.532864138226353,0.3003185264579506,-0.2277107428931488
2021-06-18,0.9589910828159719,-0.6194425958320962,0.4212870100361469,0.00164444388420058,0.3553801297932553
2021-06-21,0.1357073813891525,-1.048977217254542,1.2798878431524487,-0.17960023627997085,0.6596014546731168
2021-06-22,-0.02250372137612498,-0.061047587982933894,0.447689489448417,0.4476897413493038,1.0272022222362813
2021-06-23,-0.25103086981489814,-0.2758148986941472,0.03282945057785617,0.35222315867266085,-0.7600980614329094
2021-06-24,-0.6494884619645249,0.13224299165716955,1.4007493246950846,0.11502575794536458,-0.26573840850312724
2021-06-25,-0.6875763200376538,0.029154682515777224,-0.5840879804180488,1.1731258939793832,-0.7220703958229197
2021-06-28,-0.7344536838199713,0.44580326529554176,-1.1890566035475467,0.15754191189581124,0.7990362285763825
2021-06-29,0.8886750371425021,-0.2027940130523507,-0.10073476067486617,-0.8624951864006877,2.2060598561457434
2021-06-30,-0.8487172580393318,-0.5077635942622561,0.21565071709610906,0.4630412543564957,-0.3164419626497765
2021-07-01,-0.8575067637485334,0.5617776130795962,0.7350727646998645,0.0719800086822546,-2.7628884502253226
2021-07-02,-0.50006686490841,-0.18131728198122174,-0.002335467511260939,-2.1101973338270428,-3.041757998031862
2021-07-05,-0.08110042610403155,-0.2929962835510428,-0.14268314489369083,0.06058139723076169,1.1412852190662253
2021-07-06,0.05367199477011973,0.45439395772398955,-0.5992611328695868,-0.0451542468347061,0.1652418017433404
2021-07-07,0.02437364240617946,-1.1477701801817008,1.0224805602314355,0.8129864394206504,1.0652298878462656
2021-07-08,-1.3262804015716299,-2.6554367013744464,-0.42319770388920425,-0.7521442763739471,-0.17700718874650523
2021-07-09,-0.3828734554526359,0.359896341011045,0.32734557354806715,-0.2770821787062649,1.3567753241894676
2021-07-12,-0.7725415418930871,-1.5901908402468086,0.18692310348534844,0.8989641786103917,-0.7093945072862657
2021-07-13,-0.35650493832509617,-0.9372982156847018,-0.21967085332246683,0.12687811133277435,0.3934077954032394
2021-07-14,-0.36822427927067225,-1.2594491817515219,0.3200576998446152,-0.849231367629414,-0.16433130020984574
2021-07-15,-0.18071482414142848,1.8718582084180242,-1.187939973040107,0.968927823722325,0.0004552507667501583
2021-07-16,0.23239194419017492,-0.3101776684079383,0.4329703497768916,-0.8143784821657779,0.3046765756466117
2021-07-19,-0.7725415418931001,0.037745374944224995,-0.05847371409830228,0.26121342646210216,-0.5699597333829944
2021-07-20,-0.09281976704959465,-0.6967588276881452,1.0630844069483985,-0.07083655952631956,0.5581943463798296
2021-07-21,-1.3262804015716168,-0.3831985540497539,-0.1634293770523372,0.49254429639917524,0.2666489100366276
2021-07-22,-0.28032922217883843,0.2224452621558616,-1.3138183499396707,0.10276205245360535,-0.46855262508970164
2021-07-23,-1.144630616915174,-0.3101776684079383,-0.030408933878592784,-0.897965340216761,-0.4558767365530478
2021-07-26,-1.1563499578607501,-1.2422677968946454,0.7695549935310008,-2.3967543529895905,0.9131192254063347
2021-07-27,1.559607306276806,1.5754793196365475,-0.22675168300931398,-2.632025774904982,1.2300164388228558
2021-07-28,1.0615353160897822,-0.5206496329049373,1.3423256752786725,0.13419432780935606,0.5962220119898081
2021-07-29,-1.1094725940784458,-0.7783704057584085,0.06751585181499554,1.35758967275321,-1.241781825826015
2021-07-30,-0.5733127458182803,-1.993953384383892,-2.406817100212427,-0.5975245116614383,0.3553801297932497
2021-08-02,-0.7930503885478388,-1.4226723378920485,0.38408578077267713,1.8299202913722448,-2.6868331190053545
2021-08-03,-0.11039877846797182,0.7078193843632273,-0.37463244213195757,0.00412841444408716,-0.36714551679642005
2021-08-04,0.7011655820132713,0.38137307208217397,0.2927486243586749,0.6472258391008012,0.0004552507667501583
2021-08-05,0.003864795751414762,-1.4999885697480975,0.22936338159191277,-0.45038588858167145,-0.8741810582628532
2021-08-06,0.0917598528432356,0.45439395772398955,-0.48686649506828156,-0.40751879638853805,0.3173524641832712
2021-08-09,1.2549044416918012,2.069444134272342,1.4847017872206396,0.9366193154139448,1.927190308339204
2021-08-10,1.2519746064554007,0.24392199322700964,-0.009380450097135734,0.8318201119864094,2.5863365122455675
2021-08-11,-1.0098581960410227,0.8882239253606306,-0.1004198122040501,-0.4102015782135239,-2.534722456565429
2021-08-12,0.22360243848098635,-0.5120589404764895,-0.5629908401899145,-0.6203282909360968,0.051158804913393745
2021-08-13,0.3788837060098893,-0.18561262819543609,0.2920458487538131,-0.4093964756205505,0.6088979005264732
2021-08-16,-0.2041535060325807,0.6691612684352028,-0.5983362886375372,-0.07914429356692745,-0.03757241484323394
2021-08-17,-0.12797778988633599,-0.18131728198120267,0.3132591136645017,-1.554458626223079,-0.6713668416762817
2021-08-18,0.38181354124627687,-1.371128183321362,1.0270234739159245,0.8461558528921438,-1.0643193863127651
2021-08-19,0.015584136696990871,-0.39608459269243507,-0.4572602165782136,-0.4869255638374434,0.482139015159867
2021-08-20,0.9121137190336673,0.4586893039382039,0.8928622733675863,-1.414470330336702,0.3173524641832712
2021-08-23,1.4043260387479162,0.8882239253606496,-0.12820588702037455,1.0059855182635065,0.5835461234531486
2021-08-24,-0.42682098399856583,0.029154682515777224,-1.1710012656689521,0.7818925455171937,0.824388005649707
2021-08-25,0.17965490993508243,-1.0446818710403085,-0.5632074604700151,0.139155382872652,1.1159334419929035
2021-08-26,0.4316207402649818,1.6356141666356818,-0.009356216969562948,-1.4598885595272455,0.11453824759669683
2021-08-27,0.2851289784452674,-0.39608459269243507,0.9086022684908703,0.37911285845563736,0.13989002467002143
2021-08-30,-0.6436287914917369,-0.7268262511877028,-1.3273010340270637,-0.21515467467616864,-0.2530625199664734
2021-08-31,-0.16313581272306432,0.1365383378713839,-0.009345154432176605,-0.12283596023317696,0.19059357881666503
2021-09-01,-0.5381547229815389,-1.4527397613916253,-0.016365581667804514,0.9569906488848549,-2.750212561688663
2021-09-02,0.1650057337531058,0.43721257286709403,-0.6275114740414519,-0.007269034158342047,-0.3544696282597549
2021-09-03,0.40525222313742904,0.14083368408559824,-0.1429011055913938,-0.40265631258907564,-0.18968307728316472
2021-09-06,-0.03129322708531357,0.24392199322700964,-0.3610109029506932,1.3474425845451583,1.1793128846762064
2021-09-07,0.9648507532887599,0.8882239253606496,0.004759342372178682,0.8627750353589433,0.6088979005264732
2021-09-08,0.3173571660456082,0.5617776130795962,0.9676134859437698,-0.30980870399164123,0.051158804913393745
2021-09-09,0.30856766033641964,0.24392199322699057,-0.4377959571396073,-0.03767845433706826,-0.5319320677730104
2021-09-10,0.9062540485608792,-0.2887009373368284,-0.3678446599215027,0.6297422077574186,0.532842569306505
2021-09-13,0.4579892573925345,0.780840270005043,-0.508883660221908,-0.3255920155332923,0.06383469345005323
2021-09-14,0.7568324515047643,0.4758706887950994,-0.002266277596052715,-1.1043002490549563,0.9891745566262973
2021-09-15,0.021443807169778926,0.11935695301448836,-0.07970628153580515,-0.7503290074810408,-0.8361533926528663
2021-09-16,0.3114974955728202,-0.28870093733680935,-1.1653834492450135,-0.9063069554434403,0.2793247985732871
2021-09-17,-0.2656800459968748,-0.5077635942622751,1.3649631407061138,0.7223294221885495,2.091976859315797
2021-09-22,-0.2773993869424379,-0.6022612109752007,1.1432053620720408,-0.5221163046052827,-2.0910663577822963
2021-09-23,-1.1475604521515745,-0.0997057039109584,0.3694879541348379,0.4677278609450215,-0.5319320677730104
2021-09-24,-0.27153971646964986,0.48875672743778065,-1.0764909482906821,-0.06325939447949501,0.3934077954032338
2021-09-27,1.1933779017275201,0.40284980315330293,0.6508830006768938,0.4128713113466237,-2.9657026668118966
2021-09-28,0.6074108544486494,0.27828476294078164,-0.6343991261326833,0.09004162233390883,1.6736725376059887
2021-09-29,-0.4473298306533175,-0.649510019331673,0.3559608194182958,-0.7562909151230773,4.259553799084806
2021-09-30,-0.6787868143284782,0.08499418330069727,1.3228409306654314,0.4819361568485974,-2.3192323514421953
2021-10-08,0.7304639343772116,1.6270234742072343,-1.7770711525155516,0.9407340675811066,-1.2037541602160364
2021-10-11,0.2734096374996913,2.4689113321952303,-0.9027749220841721,0.08594643674134857,0.38073190686657427
2021-10-12,-0.04594240326729021,-0.022389472054928472,-0.2487834075446655,-0.784984771450007,-0.39249729386973903
2021-10-13,-0.8780156104032851,0.14512903029983165,1.1376242444974793,0.8297760340996634,0.4567872380865424
2021-10-14,-0.3858032906890364,-0.2758148986941472,-1.416954262492377,-0.3991669751803412,-0.03757241484323394
2021-10-15,0.05367199477011973,0.2653987242981195,-0.2208016266201543,0.26772655476032864,-0.8234775041162068
2021-10-18,1.1640795493635798,2.9328087233314477,-0.6302718836469373,-0.8601461920471694,0.5455184578431644
2021-10-19,0.19137425088064552,-1.0232051399691986,0.026042367144591922,0.7079818316437497,1.394802989799446
2021-10-20,-0.1309076251227235,0.10647091437182624,-1.70696531637336,-0.19273975484598882,-0.7727739499695632
2021-10-21,-0.22466235268734538,-1.7920721123153598,-1.2937331478139453,0.2580656677610199,-2.0910663577822963
2021-10-22,-0.3594347735614837,0.5274148433658051,0.9846672327184864,0.46167969033755807,0.02580702784006914
2021-10-25,-0.24224136410572258,0.2653987242981195,-0.789869962209053,0.28427169471463604,2.3835222956589934
2021-10-26,0.12691787567997692,-0.09111501148251062,-0.2649543203632592,-0.24775787409747335,0.25397302149996814
2021-10-27,-0.2158728469781568,-0.30588232219372397,-0.26508290887551356,-0.967981932052932,0.08918647052337221
2021-10-28,-0.18950432985061708,-0.27151955247991383,0.6942210149386515,-0.5154606339173016,0.43143546101322344
2021-10-29,0.07418084142487143,0.2568080318696527,-0.37849477236558243,0.6602412442016615,-0.012220637769914961
2021-11-01,0.5781125020847091,-1.1134074104678906,1.9970260659912833,-0.27601320687368575,-1.6474102589991635
2021-11-02,-1.4376141405546028,-1.0618632558972232,-1.3196692641838104,-0.7694040691322417,0.2286212444266435
2021-11-03,-0.11332861370435934,0.703524038149013,0.4728976459975677,-0.2896813715770443,-0.5953115104563135
2021-11-04,0.000934960515014229,-0.14695451226743067,-0.9880906454301827,0.711129606838811,-0.05024830337989344
2021-11-05,-0.16606564795946485,-1.5773048016041276,0.239273838172612,-0.40342249853008394,-0.024896526306574452
2021-11-08,-0.3242767507247553,0.13224299165716955,-0.17244406264544407,0.08133689041509716,-0.08827596898987754
2021-11-09,0.3642345298279257,0.020563990087329457,-0.42111408932980643,-0.028170991754429553,0.9004433368696696
2021-11-10,-0.34771543261590754,0.34271495615414943,0.29624499081424477,-0.39244460945810483,-0.6079873989929729
2021-11-11,0.15328639280751669,1.223260930070151,1.3732438443287072,1.157027390766887,-0.3544696282597549
2021-11-12,-0.2627502107604743,0.029154682515777224,-0.5900269392831785,-0.15988829106024222,0.15256591320668092
2021-11-15,-0.0342230623217141,-0.4819915169769319,-1.2227451847273625,-0.0961752079167726,-0.2910901855764519
2021-11-16,-0.19829383555979263,0.05063141358690619,0.17554385440733591,0.007538733064518938,-0.03757241484323394
2021-11-17,0.5810423373210967,0.24392199322699057,0.05474136760787215,0.02981636092243373,1.1032575534562439
2021-11-18,0.3144273308092207,-0.4862868631911462,-0.9617986972101972,-0.729369063982247,-0.11362774606319652
2021-11-19,-0.9688405027315194,0.8882239253606496,0.1331512314103803,0.7805206371426918,0.00045525076674452907
2021-11-22,-0.11039877846795881,-0.6237379420463296,0.8792057866761632,0.32621375710053585,-0.7727739499695632
2021-11-23,0.6747970648857186,-1.0103191013265174,-0.18671414256379712,0.007509049573760428,0.786360340039723
2021-11-24,-0.3828734554526489,-1.495693223533864,-0.2080886275908628,0.042637807658351665,1.2680441044328399
2021-11-25,-0.3623646087978712,-0.20279401305233163,0.5234011021214248,-0.3073494742613985,-0.4685526250897073
2021-11-26,-0.4033823021074006,-1.0446818710403085,-0.33575464320796067,-0.5500101867838109,0.215945355889984
2021-11-29,0.17965490993506944,0.1365383378713839,-0.47812449196837004,-0.13740860392078083,-0.08827596898987754
2021-11-30,-0.7256641781107827,0.1365383378713839,-0.5782150675101105,-0.2990234243802766,0.7483326744297445
2021-12-01,0.7919904743414927,0.3513056485825972,-0.7428273912060777,0.17187651502653065,-2.217825243148908
2021-12-02,0.10347919378882471,0.8882239253606496,0.1619261144953008,0.17876288025930823,-0.2530625199664678
2021-12-03,0.2529007908449266,0.6734566146494363,0.11198666427979641,0.6646441126838816,-0.2657384085031329
2021-12-06,-0.23931152886930904,-2.440669390663233,-0.27991487797197184,-0.13173650993643782,0.6596014546731168
2021-12-07,0.2909886489180555,1.3177585467830955,0.2331435114027547,0.43200100921420104,0.3934077954032338
2021-12-08,0.3202870012819958,0.5660729592938105,-0.4581454608580738,1.0803032178552359,0.5581943463798296
2021-12-09,0.34665551840956155,-0.18990797440966953,-1.301564511867749,1.1928635509822103,0.24129713296330862
2021-12-10,0.7246042639044236,-0.39608459269243507,1.4330237281846336,-0.3461915026714297,-0.44320084801638265
2021-12-13,-0.549874063927128,0.6734566146494363,-0.25866483157411085,0.40649911153917057,0.1779176902799999
2021-12-14,-0.10160927275878323,-0.6151472496178818,0.01940141272517776,-0.4979574800482307,0.1779176902799999
2021-12-15,0.7128849229588474,0.13653833787140296,0.2688849450337359,-0.6424751711354932,-0.10095185752653703
2021-12-16,-0.12504795464993546,0.5617776130795962,-0.5867093731857257,0.4127164759644538,0.11453824759669683
2021-12-17,0.29977815462724405,-0.39608459269243507,0.0764947972148184,-1.1754487257907784,-0.7220703958229252
2021-12-20,0.9062540485608662,0.3470103023683829,1.983828189128922,-1.1102042418865512,-0.36714551679641444
2021-12-21,1.3105713111832942,-0.0782289728398485,-1.4745244402472233,0.4864065482713744,-0.41784907094305807
2021-12-22,-0.5381547229815389,-0.8900494073282296,-0.20866839703475204,0.007838685533212127,-0.9375605009461591
2021-12-23,-0.655348132437313,-0.7697797133299608,-0.3941780849853811,0.5009589057099655,0.15256591320668092
2021-12-24,0.07418084142487143,0.3513056485826163,0.26899511199322124,-0.4117911913579389,-1.0009399436294621
2021-12-27,0.48435777452008727,-0.29299628355106183,-0.06616135847384824,-0.03654534448192341,4.690534009331273
2021-12-28,-0.21880268221455734,-0.2500428214088039,0.27595945173220854,0.5351725177440697,-0.8361533926528663
2021-12-29,-0.8809454456396857,-0.6581007117601206,0.026485991488913455,-1.0821521269955237,0.07651058198671272
2021-12-30,-0.6817166495648658,-1.2594491817515219,-0.4581659347576125,0.5597536890262834,0.9131192254063347
2021-12-31,-1.7276678289576441,0.4586893039382039,0.5680984660731914,0.2727001017976889,-0.6206632875296381
2022-01-04,0.20016375658983412,0.780840270005043,0.24003987957924555,-0.3413980222937833,-2.167121689002259
2022-01-05,-0.444399995416917,0.570368305508044,-0.13016141120772373,-0.747269468279158,0.6342496775997922
2022-01-06,0.1972339213534336,0.9097006564317786,-0.38661109088366563,-0.7585483164688072,-1.3305130455826484
2022-01-07,-0.2686098812332623,-0.0997057039109584,0.07635218916890914,0.056097317354599316,0.7863603400397285
2022-01-10,-0.47369834778087033,-0.7225309049734885,-0.6578069641599432,0.32084811053794515,-0.11362774606320214
2022-01-11,-0.16899548319585236,-0.07822897283982944,0.1976931361656617,-0.707251343170164,0.4948149036965209
2022-01-12,-0.40045246687100006,-0.035275510697590585,-0.20879934711177273,0.7172431396994293,-0.4051731824063986
2022-01-13,0.06539133571569584,-0.14265916605319726,-0.8515395740614078,-1.2166711603334976,1.3314235471161429
2022-01-14,0.03609298335174256,-0.10829639633938709,0.9402702556624537,-0.6092987447826717,0.15256591320668092
2022-01-17,-0.7930503885478518,-0.05245689555448613,-0.5799151799738385,0.6169665458989753,-0.36714551679642005
2022-01-18,-0.7022254962196175,-1.2551538355373075,-0.5805981458586753,0.6955530433913216,-1.1910782716793713
2022-01-19,-2.2550381715086343,-1.405490953035172,0.712275907341508,-0.5083072768220566,0.5074907922331804
2022-01-20,-0.7198045076379946,0.35560099479683066,-1.0164530703053924,0.6491506770745474,-0.1643313002098401
2022-01-21,-0.7637520361838985,-0.7053495201165739,0.026676873569808936,-0.6785210492138557,0.0004552507667501583
2022-01-24,-1.44054397579101,-1.1005213718252285,-0.6030188623050982,0.10674550079662289,0.2666489100366276
2022-01-25,0.3173571660456082,0.04633606737267277,0.026735292846322384,-1.6770074351803785,-0.48122851362636676
2022-01-26,1.0058684465982828,1.4036654710675731,-1.2565347067835595,0.5198881307424896,-0.05024830337989344
2022-01-27,0.015584136696990871,0.5403008820084673,0.9519393608786967,-1.4527746045387124,0.4187595724765583
2022-01-28,-0.5938215924730319,-0.7010541739023596,2.576782286288742,-0.8985416390202948,1.6609966490693235
2022-02-07,-0.9395421503675726,0.6949333457205462,-1.2073300258886752,1.1096783213209116,-1.862900364122403
2022-02-08,-0.5703829105818797,-0.3359497456932816,-0.1019489956216032,-0.4064807502161671,-0.1770071887464996
2022-02-09,-0.7725415418930871,0.7078193843632083,0.576208179318483,0.675920811885752,-0.9629122780194836
2022-02-10,-0.5059265353812046,-0.061047587982933894,-0.40874797618046915,-0.19823379546105038,-0.5572838448463265
2022-02-11,1.3896768625659395,2.498978755694788,0.5616654084464536,-0.6143166294783465,0.722980897356417
2022-02-14,-0.9424719856039602,0.29546614779769625,-0.14461483729407956,-0.7994752254195291,0.038482916376734254
2022-02-15,0.06539133571568935,-0.11259174255363959,-0.44437343376158817,0.7658448114646125,-0.27841429703979237
2022-02-16,-0.18071482414142848,0.11506160680027401,-1.0382135379393966,0.27675100366989547,0.7356567858930794
2022-02-17,0.9150435542700548,-0.7010541739023596,-1.0404867849696973,0.16989570741041501,-0.6840427302129412
2022-02-18,1.808643301370331,0.9440634261455697,0.13434258482424527,0.3406761729278592,1.2300164388228558
2022-02-21,1.3662381806747872,1.6270234742072343,0.39218094337065496,-0.2726344013429664,0.5455184578431701
2022-02-22,1.5449581300948425,0.12794764544293613,0.5921000829949041,-0.9604645167187185,0.6596014546731112
2022-02-23,0.4374804107377829,-0.9802516778269598,-1.2695356654423664,0.7696371075046307,-0.1770071887464996
2022-02-24,-0.0342230623217141,-0.8342099065433095,-0.2601107818686579,-1.501823420386089,0.15256591320667529
2022-02-25,-0.6143304391277966,-0.20708935926656505,0.44994116017617086,0.7008913972865046,1.7243760917526323
2022-02-28,-1.1856483102247035,0.016268643873115107,-0.913074137968067,0.12455359737997829,-0.9122087238728345
2022-03-01,0.8857452019061146,1.0342656966442618,-1.5196921453683936,0.5970628695759609,-2.7755643387619875
2022-03-02,0.8740258609605385,0.6519798835783074,2.39844722986411,-0.6587172062628919,0.2286212444266435
2022-03-03,0.8857452019061146,0.9827215420735942,-2.4308075304155325,-0.43788678406133363,-0.5065802906996858
2022-03-04,-0.0869600965768196,-1.061863255897204,1.9322705608568078,-0.8972836338221511,0.5581943463798296
2022-03-07,-0.5147160410903867,0.1880824924420705,1.337717932517619,-2.3769281928500234,0.2666489100366276
2022-03-08,-0.01078438043054887,0.024859336301562878,-2.124059746203337,-1.4870743621231473,0.5962220119898081
2022-03-09,1.3691680159111748,1.2748050846408374,-0.07369149496805803,-0.6778905558619894,-0.6840427302129355
2022-03-10,-0.013714215666949402,0.14512903029983165,-0.5483358358140404,1.133017327111894,0.30467657564660605
2022-03-11,0.42283123455580623,-1.5773048016041276,1.42056248706042,0.22578251043929828,0.2666489100366276
2022-03-14,-0.8252785761481927,-1.98106734574123,1.4088353651572445,-2.275060513499255,0.038482916376734254
2022-03-15,1.336939828310847,1.9491744402740732,1.7890472589292044,-3.4243376837686053,0.241297132963303
2022-03-16,0.9560612475795713,-0.31447301462217175,0.2613786173748257,3.083894495518699,-0.07560008045321241
2022-03-17,0.006794630987802284,-0.2500428214088039,-2.8361287476525407,1.4131298066213551,-0.39249729386973903
2022-03-18,-0.754962530474723,-0.45621943969158857,0.11265482183459698,0.4777374852725958,-0.11362774606320214
2022-03-21,0.6513583829945664,0.5102334585089096,1.7770962742632963,-0.12911896257689065,0.40608368393989885
2022-03-22,0.5693229963755205,1.180307467927912,-0.1160932422522472,-0.0657371240680021,-0.37982140533307956
2022-03-23,-0.7608222009475111,-0.2887009373368284,-0.78001609884733,0.3566224334394616,0.02580702784006914
2022-03-24,0.16793556898949333,-0.9372982156847018,0.5620425700592174,-0.43820383880383035,-0.21503485435648367
2022-03-25,0.006794630987815295,-0.31876836083640514,0.6824075579941189,-1.3362211994067132,1.927190308339201
2022-03-28,0.5224456325932031,-0.2672242062656994,-0.07325422814314525,-0.46455284460462026,-0.22771074289314316
2022-03-29,-0.18071482414142848,0.11935695301448836,-0.6793103797047993,-0.2590295719585621,-0.5319320677730104
2022-03-30,-0.16899548319585236,-0.9372982156847018,-0.5516657458077558,2.0815116963420763,0.34270424125659016
2022-03-31,-0.9073139627672254,0.7765449237908095,-0.6238007265632839,-0.5491633650663096,0.3427042412565958
2022-04-01,-0.3418557621431195,-0.5936705185467529,0.16969146506025382,0.9136148091381502,-2.2685287972955517
2022-04-06,-0.5205757115631747,-0.31447301462217175,2.045245665696262,-0.21713628445046668,-0.1516554116731806
2022-04-07,-0.47662818301727083,-0.8299145603290952,-1.020858706825716,-0.9498713997988782,0.6088979005264732
2022-04-08,-0.1309076251227235,0.24392199322699057,-0.06618353387424673,0.36827215133809615,-0.8234775041162096
2022-04-11,0.2704798022633038,0.780840270005043,-0.08045575987552193,-2.297321187705801,-0.46855262508970447
2022-04-12,-0.0342230623217141,-0.18561262819543609,1.0454864264152774,1.4024369218564328,1.1919887732128716
2022-04-13,-0.004924709957773826,-0.08252431905406285,-0.32953850895697506,-0.7126737027580663,-0.9248846124094968
2022-04-14,-1.1563499578607501,0.029154682515777224,-1.5358153953640807,0.9017939072325082,-0.7600980614329037
2022-04-15,-0.6729271438556772,0.1408336840856173,2.513489176999674,-0.05571054402885137,-1.0389676092394435
2022-04-18,0.35251518888233657,1.747293168205522,-0.9694930155446423,-0.3973478017190399,0.6976291202830952
2022-04-19,0.38181354124628986,0.5660729592938296,-0.3296922061740091,-0.5602877228973936,-0.9375605009461563
2022-04-20,-0.7813310476022757,0.6305031525071784,1.9390909671188967,-1.1473525627547243,1.7370519802892919
2022-04-21,-0.3740839497434603,-0.0997057039109584,0.6997362328984674,-1.3633495792457566,-1.6727620360724882
2022-04-22,-1.5167196919372545,0.41144049558175066,3.4907073839447937,0.3110047149108926,-1.3051612685093237
2022-04-25,-2.5099338370749407,-0.6151472496178818,2.17143323636497,-3.706594184281327,0.1652418017433404
2022-04-26,1.5039404367853195,0.23962664701277622,4.7155838727890576,-0.598206558640617,-0.37982140533307673
2022-04-27,4.0411777515028335,0.6777519608636506,0.031992145551157876,2.111833381336862,0.7990362285763852
2022-04-28,0.9472717418703828,0.35560099479683066,0.18422104271296177,0.47108214912511304,1.7497278688259486
2022-04-29,0.14156705186195356,-0.5077635942622561,3.759149870433115,1.7434840593735774,1.6102930949226801
2022-05-05,0.08883001760684807,-0.18990797440966953,-3.501602975026959,-0.11626186072291605,-1.2924853799726586
2022-05-06,-1.988423164996745,-0.18131728198122174,4.5170811883290165,-1.876113418026257,-1.4319201538759327
2022-05-09,-0.078170590867631,-0.18990797440966953,3.841355734830767,-0.5949633839293855,0.3300283527199335
2022-05-10,-0.33599609167033145,-0.7225309049734885,1.5688106419425878,0.7879932117813409,-2.3192323514421953
2022-05-11,0.5898318430302852,0.8882239253606496,1.0304867078307993,1.0391769595158735,1.0018504451629595
2022-05-12,-0.5703829105818797,-0.4991729018338083,-0.009890367044615619,-0.33192436528875674,0.08918647052337503
2022-05-13,-0.5205757115631747,0.25251268565543833,4.047332276262399,0.5420238905654248,-0.5319320677730075
2022-05-16,-0.14262696606831263,0.34271495615414943,-0.2039796340336667,-0.595762541706676,0.5581943463798268
2022-05-17,-0.5264353820359563,-0.2672242062656994,-0.13712984689757207,0.8984761125696071,-1.634734370462504
2022-05-18,-1.4991406805188905,-0.3445404381217294,-2.9301638216040056,-0.2618919002068394,0.8117121171130447
2022-05-19,-0.10746894323157129,0.037745374944224995,0.6697536745509416,0.13396588697875078,0.10186235906003452
2022-05-20,0.49607711546566335,0.3770777258679405,-0.2722557299294621,1.403457456031,0.15256591320668092
2022-05-23,0.22653227371738038,-0.6108519034036484,-4.968428642583156,-0.4306200003533081,0.3680560183299148
2022-05-24,0.21188309753541024,-0.03957085691180494,-1.3175580521827959,-1.7344802286017427,-0.13897952313652112
2022-05-25,0.44919975168335896,-0.383198554049773,-0.13253719978576242,0.43508610562604594,1.3314235471161402
2022-05-26,-1.3028417196804711,-1.9982487305981254,1.4479504642688938,0.1740432280363572,-0.2403866314298083
2022-05-27,-0.5000668649084166,-1.4097862992493673,4.180339935459771,0.14419292870252118,0.1652418017433404
2022-05-30,0.36130469459152514,0.6476845373640739,-2.31334789334426,0.49742590009155263,0.48213901515986424
2022-05-31,0.11519853473440082,0.8753378867179875,-3.019752670534193,1.1171941124049207,1.077905776382922
2022-06-01,0.19430408611704608,0.3513056485825972,0.2764611383226828,-0.1555234408320932,-3.105137440715168
2022-06-02,0.6513583829945598,0.4586893039382039,2.9913123076882053,0.10761626110764862,0.2920006871099494
2022-06-06,1.6240636814774876,0.5660729592938296,-2.765667375633594,1.3467183857229323,0.3553801297932553
2022-06-07,0.47263843357451113,-0.5077635942622751,-0.3094270880616837,0.2216469713986781,0.10186235906003452
2022-06-08,-0.4268209839985528,0.24392199322700964,-0.12558701378485468,0.7006837876931313,-0.22771074289314597
2022-06-09,-0.04301256803090269,-0.29299628355106183,1.1811266835573124,-0.7741579153133568,0.24129713296330582
2022-06-10,0.027303477642566982,0.1365383378713839,1.218607083040769,1.0921271034554454,-0.39249729386973903
2022-06-13,0.20602342706262217,0.13653833787140296,1.2490133808570125,-0.866504328893596,0.3300283527199307
2022-06-14,0.8095694857598569,0.3513056485825972,1.999682458196183,0.565524815663281,-0.5446079563096698
2022-06-15,-0.06938108515844242,0.359896341011045,0.21877787579902283,0.9537056312037452,0.6722773432097763
2022-06-16,0.030233312878967515,-0.1727265895527549,-2.8499284820467357,-0.4886018064597084,-0.2403866314298083
2022-06-17,-0.6992956609832299,-0.20708935926656505,-1.2159364367676775,0.9996181102376734,0.634249677599795
2022-06-20,-0.0986794375223957,0.6777519608636506,1.3112491267135,0.3549018534138305,1.1793128846762093
2022-06-21,-0.010784380430561881,0.029154682515777224,-1.846786364948799,-0.08865440971868042,-0.4051731824063986
2022-06-22,-0.2246623526873389,-0.2972916297652762,1.7255955614636833,-0.9397723132231202,-0.15165541167318342
2022-06-23,0.24118144989935703,0.23962664701277622,-0.22640980023259685,1.2350619853562748,-0.34179373972309546
2022-06-24,0.08004051189765948,0.570368305508044,-0.5584505404203999,0.8437915147541343,1.2173405502861963
2022-06-27,1.082044162744534,1.8546768235611286,-1.0410700746143815,0.8109645536843714,1.8131073115092544
2022-06-28,-0.5147160410903867,0.3641916872252784,0.5196631630511617,0.7492747156989797,-0.13897952313652112
2022-06-29,0.24704112037213857,-0.1984986668381173,0.6883817086056555,-1.1396395619838122,0.5835461234531486
2022-06-30,-0.5029967001447976,-1.1134074104678906,0.5113999727489684,1.0369595894731853,2.2314116332190683
2022-07-01,-0.39752263163462553,0.09358487572912597,-1.7246979328372594,-0.30492150111771354,-5.082576052434268
2022-07-04,1.342799498783635,1.3392352778542242,1.386918820892019,0.47094950071987357,-2.1924734660755836
2022-07-05,-0.11332861370435934,-0.2113847054807985,-0.5991828663664891,-0.11204612210658765,0.5835461234531486
2022-07-06,-0.34478559737952,-0.2929962835510428,1.735582072433265,-1.080605347338437,-0.34179373972309546
2022-07-07,0.033163148115368045,0.24392199322699057,-0.7193927284573981,0.31457859191834303,-0.17700718874650523
2022-07-08,-0.16606564795946485,0.28687545536924847,-0.32780163040504545,-0.24834594170503793,0.3300283527199335
2022-07-11,-0.08988993181320712,-0.5249449791191707,-0.9582025768775946,-1.2394120399839799,-0.2910901855764519
2022-07-12,-0.04301256803090269,-0.6366239806890108,2.1886089577861902,-0.6971276800127166,-0.06292419191655574
2022-07-13,-0.16606564795945183,-0.2929962835510428,-0.05712723317559047,0.12605926503727197,-0.03757241484323394
2022-07-14,-0.8252785761481927,-0.5077635942622561,-0.13812571173417712,0.003787850337576607,0.1652418017433404
2022-07-15,-0.658277967673707,-0.41756132376356403,1.5803421752981959,-1.2595050396744765,-0.44320084801638265
2022-07-18,-0.5850320867638499,0.15801506894251285,-0.4002241354605559,0.7466027692365037,0.6849532317464357
2022-07-19,-0.06645124992205491,0.050631413586887115,0.0035417233575719877,-0.402965190799895,-0.20235896581982418
2022-07-20,-0.028363391848926046,-0.49487755561959396,0.07084766632663297,0.24032386083851437,0.6469255661364545
2022-07-21,-0.10160927275878323,-0.5077635942622561,1.018607337065967,-0.8247742693040656,0.013131139303409648
2022-07-22,-0.40045246687100655,1.0170843117873662,-0.6819161286932349,0.03093752330777217,-0.5446079563096698
2022-07-25,-0.2481010345784976,-0.2586335138372517,0.11780840829699644,-0.4486768352938003,0.06383469345005323
2022-07-26,-0.6729271438556836,-0.2887009373368284,-0.4269139155399024,0.5687875160594362,-0.07560008045321805
2022-07-27,-0.4619790068352877,0.23533130079856188,1.6422137158167587,-0.367480288198836,-0.22771074289314597
2022-07-28,0.2939184841544495,0.4586893039382039,-2.1736928204015076,0.00445758972302343,-0.836153392652869
2022-07-29,-0.6934359905104419,-1.280925912822651,0.15170736031683124,-0.9729779918935635,2.028597416632491
2022-08-01,-0.8955946218216493,-0.9587749467558307,0.17856088761202094,0.3179235337500504,-1.8248726985124188
2022-08-02,-1.461052822445768,-0.10400105012517274,-0.057037208362779784,-1.4437322264305794,-0.4178490709430609
2022-08-03,-0.15727614225027625,0.05063141358690619,2.3329143900391935,-0.7219190733833367,-1.7741691443657752
2022-08-04,-0.7784012123658752,-0.039570856911824014,-1.210076984250939,0.6111998265554853,-0.03757241484323394
2022-08-05,0.6601478887037484,0.4071451493675173,-1.5767982223838624,0.9724489451932301,0.05115880491339093
2022-08-08,0.9150435542700548,0.24392199322700964,1.9259353289048549,-0.1619081047794779,0.10186235906003734
2022-08-09,2.130925177373713,0.08069883708646385,-0.768516869211476,0.13789514954024298,0.24129713296330582
2022-08-10,0.07711067666127196,0.020563990087329457,0.1646906907545748,-0.8288540115326746,0.2793247985732871
2022-08-11,0.44334008121056445,-0.19420332062388387,-1.9616159165004026,1.4671325573281169,-0.31644196264977364
2022-08-12,-0.39752263163461254,0.24821733944120491,0.5764651200074673,-0.04819017893014523,0.12721413613335913
2022-08-15,-4.4787831159319484,-3.5102105980050857,-0.0435924727460486,-0.10194401637831141,0.1652418017433404
2022-08-16,-0.21001317650537527,-0.9415935618989353,2.126953277351192,-0.14346648135743,-0.4051731824064014
2022-08-17,0.35251518888234307,0.38137307208217397,0.867361707544364,0.6738637763569788,0.9638227795529783
2022-08-18,0.12691787567997692,-1.4527397613916253,-0.43170703780081876,-0.6474550835005178,0.1652418017433404
2022-08-19,0.2616902965541152,-1.2680398741799697,1.7344665014911707,-0.5152430514227172,0.3934077954032338
2022-08-22,-0.2598203755240802,0.24392199322699057,0.8629819336376648,0.5247722186862331,0.0118635504497437
2022-08-23,1.140640867472421,0.8882239253606496,2.135297961081878,-0.3620868233928896,-0.11236015720953056
2022-08-24,0.7919904743414927,0.029154682515777224,-0.9188238775306016,-1.399842534031421,-0.6713668416762788
2022-08-25,0.32028700128200227,1.1459446982141017,0.9581867543229295,0.595728413171325,0.9004433368696696
2022-08-26,0.7773412981595226,0.4157358417959841,-0.3547607053046671,-0.1609138313533481,2.928585502735416
2022-08-29,-0.4883475239628404,-0.07822897283982944,1.379986270915102,-0.32761854645446986,-1.3305130455826455
2022-08-30,-1.3585085891719575,-1.0661586021114375,0.6634783444530994,-0.2520098925096592,0.13989002467001863
2022-08-31,-0.5615934048726976,0.6992286919347797,0.6624408755177569,0.04798792283865753,1.673672537605986
2022-09-01,0.024373642406172954,-0.606556557189434,-0.5838396424100436,-0.6375060823032873,-3.57414531657162
2022-09-02,-0.28032922217883843,0.024859336301543803,0.6095470826917901,-0.37081280940006134,0.1779176902799999
2022-09-05,-0.4180314782893707,0.1408336840856173,0.5099659302871753,-0.15524565395369908,-1.2671336028993396
2022-09-06,0.22653227371738038,-0.09111501148251062,0.6210675210080977,0.6604081188818055,0.5201666807698455
2022-09-07,-0.16606564795945833,-0.013798779626461624,0.39698852798867085,0.042116871916714586,0.9638227795529755
2022-09-08,0.8623065200149559,0.6305031525071975,-0.10217620825650119,-0.3186638585055309,-0.2657384085031301
2022-09-09,0.6660075591765365,0.8753378867179684,-0.35182678271388096,1.0008290812756204,-0.31644196264977364
2022-09-13,0.0712510061884839,-0.19420332062388387,-1.1418658487550768,0.30177598464929556,0.5835461234531486
2022-09-14,0.6689373944129305,0.9956075807162563,1.213360648732652,-0.8236121984052364,0.46946312662320194
2022-09-15,0.9882894351799122,0.14083368408559824,-0.12193868276412631,-0.6965010654606368,-0.11362774606319932
2022-09-16,-0.037152897558108126,0.5531869206511484,1.3151058016265642,-1.7388643010461409,1.2300164388228558
2022-09-19,0.5224456325932161,-0.17702193576698833,0.5724162535125127,-0.09353180514458653,0.7229808973564199
2022-09-20,0.4316207402649883,-0.4218566699777784,0.44746468298676506,0.08326435731625802,-0.13897952313652112
2022-09-21,-0.09867943752238921,-0.7568936746872795,0.42085844658601124,-0.548755475131571,0.5074907922331832
2022-09-22,-0.3594347735614902,0.04204072115845842,1.6842088132500581,-0.6525411062172801,-1.0009399436294621
2022-09-23,0.4052522231374421,0.8624518480753063,0.76956764994442,-0.2583526350537829,-0.46855262508970164
2022-09-26,0.768551792450334,1.4938677415662651,2.424714192727454,-0.3737012697201116,2.953937279808735
2022-09-27,0.062461500479301824,-0.5593077488329428,2.7070157497130225,1.0441146852362047,-1.799520921439097
2022-09-28,0.3437256831731545,1.2619190459981562,2.4417271561316873,-1.20899139106852,0.6469255661364545
2022-09-29,0.8183589914690454,1.7644745530624175,-0.05531451076430352,-0.03643134932956355,3.4102692671285273
2022-09-30,-0.001994874721373293,-0.09541035769672497,-0.6880148364638868,-0.4323706777441983,0.5201666807698455
2022-10-10,-2.794127855005194,-0.7440076360445984,-0.06175937124491011,-1.6352821168462275,-7.060014664153366
2022-10-11,0.009724466224202817,0.5875496903649395,0.5071626815981303,0.1257567445209621,1.5849413178493583
2022-10-12,-0.0019948747213797986,-0.3316543994790673,0.15545473808711793,1.0939400735336815,-0.11362774606319932
2022-10-13,-0.03129322708532007,-0.37031251540709176,-0.03615766332890431,-0.6193620221078854,0.3553801297932525
2022-10-14,-0.5147160410903867,-1.2508584893230932,-0.10641231163409005,1.7197344875492513,-0.5446079563096671
2022-10-17,0.20016375658983412,0.458689303938223,0.021322849243358796,0.0682987462384084,-0.44320084801638265
2022-10-18,-0.2158728469781633,-0.27151955247993287,-0.08086889085992399,-0.16131353998345066,-0.34179373972309546
2022-10-19,0.050742159533725704,0.22244526215588067,0.09795922095269581,-1.1902501961146366,0.2286212444266435
2022-10-20,0.39353288219185945,0.9097006564317595,0.5063200262483062,-0.42542649403704214,0.44411134954988013
2022-10-21,-0.3242767507247553,0.23962664701277622,-0.03614241309622009,-0.2408972237236462,1.2933958815061588
2022-10-24,0.1122686994980068,-0.6151472496178818,0.257179615368645,-2.174542176053822,0.5708702349164891
2022-10-25,-0.010784380430561881,0.5574822668653818,2.7601024131403125,-0.1255834959778466,1.9145144198025417
2022-10-26,-0.022503721376131484,-0.16843124333854056,-0.21349216974795454,0.5837013379055984,1.5215618751660578
2022-10-27,-0.6670674733828956,-1.1348841415390196,-0.4545886240670052,-0.5225824206775442,0.241297132963303
2022-10-28,-0.5293652172723569,-1.0146144475407508,0.7879506690951616,-1.8349653774951467,-0.6206632875296324
2022-10-31,-0.3272065859611494,-1.2895166052510985,0.4197014439588847,-0.6822460311090592,-0.12630363459986163
2022-11-01,0.5019367859384515,1.1631260830710164,1.9525746592708417,2.55839554530048,-1.5460031507058793
2022-11-02,0.5253754678296036,0.48016603500933286,0.7067406589343167,0.8646924634159151,-0.7220703958229224
2022-11-03,-0.1191882841771474,-0.0137987796264807,1.7028408419405772,-0.6026550283765255,-0.6586909531396166
2022-11-04,0.1122686994980003,0.8023170010761719,0.4963341909960736,2.3422701929930123,-0.18968307728316472
2022-11-07,-0.13969713083190557,0.13224299165715048,-1.672257023028145,0.15067507262806357,1.077905776382925
2022-11-08,0.6249898658670135,-0.28870093733680935,-0.9161463325300342,-0.5105128347521373,0.342704241256593
2022-11-09,0.8505871790693798,0.13224299165715048,0.22198404034073185,-0.6923153270163276,0.5581943463798268
2022-11-10,0.9707104237615479,0.3513056485826163,1.4397850840306903,-0.5704982679849385,1.0652298878462627
2022-11-11,2.177802541156024,1.536821203708523,-3.2637625118164326,2.0007698269967644,-0.6206632875296353
2022-11-14,4.80879458343814,4.320205550525905,-6.433434521071319,0.100857515739066,-0.5192561792363453
2022-11-15,1.020517622780253,-0.718235558759255,-3.0949949724864894,1.3650098460619946,1.0652298878462627
2022-11-16,2.110416330718948,0.8796332329322019,-0.3975089915586433,-0.6053964261500733,0.8877674483330101
2022-11-17,0.4374804107377829,-1.2637445279657553,1.8570088046086706,-0.3065784008998604,-1.69811381314581
2022-11-18,-0.544014393454327,0.4672799963666517,2.76991118872122,-0.33411067881272616,-0.899532835336175
2022-11-21,-1.0538057245869528,0.14512903029983165,1.0292446197021372,-0.6322197584398784,-1.4572719309492517
2022-11-22,-0.2012236707961932,0.24392199322700964,2.588059678323506,0.00207559621054346,-0.11362774606319932
2022-11-23,-0.2979082335972026,-0.2972916297652762,-2.4755542721338095,0.07001450949733022,0.11453824759669683
2022-11-24,-1.976703824051169,-0.649510019331673,-0.5332681501037875,-0.33075199112154197,1.230016438822853
2022-11-25,1.2050972426730961,1.558297934779652,0.8558038635782677,0.36110622591713826,-0.30376607411311135
2022-11-28,-0.2920485631244145,1.1760121217136785,1.7425830245455851,-0.8335984247660175,1.7497278688259512
2022-11-29,1.0175877875438524,0.9526541185740174,2.3290154178906226,2.211713347555434,-0.18968307728316472
2022-11-30,0.7568324515047643,-0.19420332062390294,-1.4131176458325696,0.08091637484464614,0.6469255661364545
2022-12-01,0.10640902902521224,-0.2929962835510428,-3.4781882074995116,0.779881649593755,-2.3445841285155145
2022-12-02,0.5693229963755205,-0.2887009373368284,-4.398495545559264,-0.45442311661309137,-0.44320084801638265
2022-12-05,-0.6699973086192766,0.6777519608636506,-1.0415226166715121,1.4115164454940372,-0.03757241484323394
2022-12-06,0.2851289784452674,1.4294375483529165,-4.157977167820967,0.38675871862792033,-0.13897952313652112
2022-12-07,0.7949203095778802,-1.139179487753234,1.4649957171025367,-0.18627836548624174,-0.1643313002098429
2022-12-08,2.277416939193427,-0.6151472496178818,-2.424103528638307,0.007067318966559654,0.6088979005264704
2022-12-09,0.8945347076153032,1.102991236071863,-0.14081919293160214,0.7102135175428247,0.6342496775997922
2022-12-12,0.6806567353585066,-0.06534293419714825,-0.17348382465473536,-0.8291814566744983,-1.8755762526590596
2022-12-13,0.9121137190336673,0.3470103023683638,1.1564824126990647,-0.150029256902481,1.7624037573626108
2022-12-14,-1.0362267131685885,-1.2852212590368652,-1.3991085612490777,0.1635423506229024,-0.9882640550927998
2022-12-15,-0.14848663654108768,0.5059381122946761,-1.2788607728771637,-0.06005702343824185,-0.5319320677730104
2022-12-16,0.15621622804391722,0.020563990087329457,2.9006744000081652,0.03478033433215585,1.6102930949226828
2022-12-19,-0.3418557621431195,-0.5034682480480418,-0.31624779902035827,-1.1416315519386164,0.6215737890631327
2022-12-20,0.49021744499287534,-0.28011024490838066,0.7246646007294316,-1.2204885496146964,0.10186235906003452
2022-12-21,0.13863721662555303,0.03345002873001065,-1.3968405196979568,0.02243658255945091,-1.5079754850958953
2022-12-22,-0.9161034684764139,-0.3015869759795096,0.38713320174601085,0.09798789925295028,-1.3558648226559673
2022-12-23,-0.5000668649084231,-0.5120589404764895,0.6079583010092959,-0.15532522412442434,1.3821271012627865
2022-12-26,0.04488248906093115,0.17949180001364182,0.07416650583666731,0.28405360687957626,3.4863245983484923
2022-12-27,-0.06645124992204189,0.759363538933914,-1.8412958376938184,0.8312835483376122,0.5581943463798268
2022-12-28,0.1650057337530928,0.016268643873096032,0.8571571518086367,-0.31872975958651256,0.20326946735332452
2022-12-29,-1.6456324423385984,-0.9415935618989162,0.7058449565913945,-0.28171247370453883,3.080696165175344
2022-12-30,-1.499140680518897,0.2224452621558616,-0.9807412884932285,0.2755613078510836,-0.4685526250897073
2023-01-03,-1.2471748501889715,-0.03957085691180494,-1.1395899715246163,0.2994959973107341,-3.8276630873048383
2023-01-04,-1.0743145712417044,-1.259449181751541,-2.2771959455894324,0.08817526448494155,-4.271319186087968
2023-01-05,0.399392552664654,0.5531869206511484,-1.3718386299466891,1.3981052967688035,-2.4459912368088044
2023-01-06,0.6454987125217653,0.46298465015243734,-0.11562139908322194,0.21954670847537264,2.446901738342302
2023-01-09,0.10347919378882471,0.12794764544293613,-4.306564920123032,0.5821194170266204,1.901838531265882
2023-01-10,0.7040954172496589,1.2146702376417031,-4.394361433096841,0.07260411513464378,2.59901240078223
2023-01-11,0.8007799800506813,0.3470103023683829,0.9493512650989612,-0.14192913624498033,0.8117121171130447
2023-01-12,-0.92782280942199,0.037745374944224995,-0.5329741231905153,0.13599870401289496,-0.03757241484323394
2023-01-13,0.2909886489180555,0.43721257286709403,-2.633919280541147,1.0130108618697928,-0.646015064602957
2023-01-16,0.132777546152765,1.7601792068482032,-1.0839900027763933,1.1239649426630502,1.458182432482749
2023-01-17,0.19430408611704608,-0.3402450919075341,0.56464374815919,-0.0192989378937339,1.8004314229725948
2023-01-18,-0.5733127458182672,0.3470103023683829,2.5361287747133114,-0.12890542830047164,-0.7474221728962442
2023-01-19,0.9502015771067833,-0.05245689555448613,0.4599533094180027,0.44616192640458,1.8638108656559036
2023-01-20,0.3114974955728202,0.458689303938223,0.16444061874561053,0.4403270335693435,-3.700904201938232
2023-01-30,0.32614667175479684,-0.47769617076269844,-0.533380805939646,0.3386196843065517,0.7990362285763825
2023-01-31,-0.5557337343999161,-0.6666914041885684,-0.1711228224334375,-0.7836909816821814,0.9131192254063347
2023-02-01,0.21774276800819828,0.6219124600787306,-0.7762482084959792,0.676477954386448,-0.9502363894828185
2023-02-02,-0.23052202316013345,-0.5120589404764895,-2.465318027245322,-0.26422939627672487,-1.0769952748494247
2023-02-03,-0.2158728469781568,-0.08681966526827721,1.677911045935945,-0.699811784100424,-1.3685407111926267
2023-02-06,0.2616902965541152,0.23533130079854278,2.362518387678528,-0.9781190524653575,2.0032456395591693
2023-02-07,0.2089532622990097,-0.40467528512088285,1.515745549052506,0.12471439006590167,1.0145263336996162
2023-02-08,-0.10746894323157129,0.23103595458432843,-1.461979603137057,-0.32987185593162405,1.3821271012627865
2023-02-09,0.5927616782666858,-0.2972916297652762,1.0008253610661817,0.9668622222550444,0.06383469345005323
2023-02-10,-0.0986794375223957,0.3985544569390695,-0.16382695597854433,-0.4416565077810772,-2.9910544438852185
2023-02-13,0.45505942215614703,-0.009503433412247278,1.7589980351521564,0.652944832134532,-0.46855262508970447
2023-02-14,-0.3711541145070728,-0.061047587982933894,-0.12333432057627894,0.023671836538252035,1.077905776382925
2023-02-15,0.41404172884663065,-0.05245689555448613,0.28971320951830565,-0.3879663791541064,-0.12630363459986163
2023-02-16,-0.3740839497434603,-0.21568005169501284,2.208671577512033,-0.5431940983523605,1.2680441044328399
2023-02-17,0.6513583829945664,0.24821733944122398,0.9034094999480823,-1.0660615427274351,1.3187476585794777
2023-02-20,0.833008167651009,0.7894309624334908,-0.12920943870248938,1.7628716891712768,-1.178402383142712
2023-02-21,0.0712510061884839,0.5188241509373573,-0.5926113114304814,0.18506194792099995,0.4187595724765583
2023-02-22,0.36423452982791266,-0.11688708876785393,1.3125039725411975,-0.6684024408080067,0.2920006871099466
2023-02-23,0.4784981040472992,0.27828476294078164,1.7495159314625273,-0.06531730509561587,0.07651058198671272
2023-02-24,1.3164309816560822,0.03774537494424407,-0.5894345059834779,-0.7683719607464428,1.0272022222362813
2023-02-27,0.6044810192122619,-0.29299628355106183,4.1069934832844455,-0.3164313385161603,-0.8234775041162068
2023-02-28,0.2734096374996913,-0.08252431905404378,-0.36941819837483186,0.4543929208401268,2.2314116332190626
2023-03-01,-0.13383746035912403,-0.7869610981868563,-0.8012887211117828,1.0174198120657383,-3.307951657301743
2023-03-02,-0.16313581272306432,0.5145288047231239,-3.913221122265303,-0.1695489650200691,-1.2164300487526931
2023-03-03,0.015584136696990871,0.1623104151567272,2.011107605883769,0.22025904856830716,-0.772773949969566
2023-03-06,-0.7315238485835708,-1.1778376036812586,-1.1152164086749083,-0.38826847407450626,-1.444596042412592
2023-03-07,-0.2656800459968618,-0.39608459269243507,1.324579071277214,-1.0832613779398526,0.7356567858930794
2023-03-08,-0.45318950112610557,0.3513056485825972,2.392912207107048,-0.27288843627015613,0.5455184578431673
2023-03-09,0.08590018237044754,-0.284405591122595,0.8965302784392908,-0.26501890363161607,0.08918647052337503
2023-03-10,-1.1651394635699257,-0.07822897283982944,-0.09508518728012727,-0.9702297084477768,1.1793128846762093
2023-03-13,0.6484285477581658,0.0764034908722495,-1.8522864585680807,0.7540773681361541,-0.671366841676276
2023-03-14,0.19430408611704608,-0.31017766840795735,-2.820134617283573,-0.44476316956608825,1.2300164388228558
2023-03-15,0.6367092068125897,0.22674060837009502,-1.7983226188443726,0.03385334485681262,0.4441113495498773
2023-03-16,-0.5117862058539991,-0.5077635942622561,3.066724476994919,-0.8861967915803259,1.1286093305295686
2023-03-17,-0.5615934048726912,-0.009503433412247278,-0.660768965557881,0.3570503475327166,-1.1403747175327335
2023-03-20,0.0917598528432486,-0.07822897283982944,-2.3835653063916022,-0.37152933051718845,0.9891745566262973
2023-03-21,0.399392552664641,0.3985544569390695,0.43246468949099826,0.7915614682588649,0.4567872380865424
2023-03-22,0.17965490993508243,0.03345002873001065,-0.34045053273723547,0.3055899727009823,-1.507975485095898
2023-03-23,-0.21001317650538176,0.029154682515777224,-0.06303436149006993,0.7135597213647414,-1.7741691443657726
2023-03-24,1.0615353160897822,0.6777519608636506,-2.2426146868084125,-0.22456378752556552,-2.9530267782752375
2023-03-27,-0.16020597748667678,-0.718235558759255,2.2288841258336007,-0.27113832256367004,5.260948993481016
2023-03-28,-0.4854176887264464,-0.048161549340271774,0.20783265956508618,-0.24277704048916632,-1.1150229404594088
2023-03-29,0.36130469459152514,-0.013798779626461624,0.12189131876073281,0.11434527405869044,1.6483207605326642
2023-03-30,0.0917598528432486,0.23962664701277622,0.735261219337847,0.5811509573774093,-0.1516554116731806
2023-03-31,-0.289118727888027,-0.17272658955277398,-1.1387046014547375,0.21724762450296015,0.9131192254063291
2023-04-03,-1.5577373852467775,0.2868754553692294,0.55771394812542,0.7043647524060723,-3.6755524248649074
2023-04-04,-0.1602059774866638,-0.07822897283982944,-0.7234382746422667,0.21685280420762315,-0.671366841676276
2023-04-06,0.29684831939084355,0.09358487572914505,0.293752984802418,-0.12167834793515205,1.3821271012627836
2023-04-07,0.6982357467768708,-0.5034682480480418,0.5772490125675671,0.46663137932287446,0.25397302149996814
2023-04-10,-0.028363391848926046,-0.07822897283982944,-0.5117535306353501,-0.33427065414833373,0.10186235906003452
2023-04-11,-0.8721559399304971,-0.8299145603290952,0.7551142266654202,-0.08955145088627149,-0.22771074289314597
2023-04-12,0.3466555184095485,-0.37890320783553955,-0.207993726580013,-0.05750351431768594,0.1652418017433404
2023-04-13,-0.14555680130468715,0.4415079190813084,-1.3177478643343676,-0.512699479807019,0.02580702784006914
2023-04-14,-0.20708334126898123,0.24821733944122398,-0.3674081156846365,0.40528953968229015,0.038482916376731444
2023-04-17,0.26754996702690326,0.35989634101106405,0.4594950318391541,1.0100944011088084,0.6215737890631327
2023-04-18,0.15035655757112915,-0.17272658955277398,0.8682621698915342,0.21563427895720125,0.3934077954032338
2023-04-19,-0.007854545194161348,-0.14265916605319726,-0.5713766326242821,-0.6668192295588684,0.25397302149996814
2023-04-20,-0.605540933418621,0.170901107585175,1.6646818095440492,-0.21109174681505508,0.06383469345005323
2023-04-21,0.45505942215614703,-0.15554520469585936,-1.5727423538726313,-1.4486653103621707,1.2553682158961748
2023-04-24,-0.2481010345784976,-0.4003799389066685,0.5244379855310126,-0.9159931339487144,-1.026291720702781
2023-04-25,-0.23052202316014647,-0.022389472054909394,0.055763079284581546,-0.37366436314280344,-1.191078271679377
2023-04-26,-0.30669773930637817,-0.16843124333854056,2.541467149035943,-0.06983989817788394,0.5201666807698455
2023-04-27,-0.8018398942570404,-1.216495719609283,-0.2201684992790428,0.5296203044099528,1.901838531265882
2023-04-28,0.03609298335175557,0.05922210601533489,0.19307072453771013,0.7340330550823401,1.1412852190662282
2023-05-04,-0.25396070505128565,-0.9587749467558118,-1.244763185596966,0.014480058865306128,-4.2586432975513056
2023-05-05,-0.2627502107604743,-1.2422677968946454,0.3709661415029392,-0.2491357261900566,-1.862900364122403
2023-05-08,0.08883001760684807,0.5317101895800386,0.2655881339042387,0.8208312382451709,-0.2403866314298083
2023-05-09,0.04488248906093115,-0.28011024490838066,0.6130213518145484,-0.6343436565668786,0.39340779540323656
2023-05-10,-0.8282084113845801,-0.7354169436161697,0.26499998327759683,-0.5706947945816414,0.9891745566262973
2023-05-11,-1.3467892482263815,-0.8428005989717573,-1.3225660375384984,-0.11999522810232102,-1.2417818258260178
2023-05-12,-0.23052202316014647,0.6777519608636506,2.4667207403378058,-0.9807767531411941,0.342704241256593
2023-05-15,0.3700942003007137,0.2739894167265673,1.1057600111431958,1.1179406682800572,0.5835461234531514
2023-05-16,0.5224456325932161,-0.11259174255362052,-0.989186364360131,-0.385099926488258,-1.3558648226559673
2023-05-17,0.2587604613177147,0.1751964537994084,1.5547639274438512,-0.338364532734108,1.0018504451629595
2023-05-18,-0.04887223850367773,0.011973297658881686,1.40006191405651,-0.0820838927293145,-1.0516434977761058
2023-05-19,-0.6875763200376538,-0.08681966526829628,2.494070388515691,-0.2196323232580871,1.9145144198025417
2023-05-22,-0.7754713771294877,-0.005208087198013855,-1.3094921111908604,0.4507534162515933,-0.1516554116731806
2023-05-23,-0.977630008440695,-0.7525983284730462,1.0690683927636915,-1.0464303764165515,-0.9122087238728345
2023-05-24,-0.4092419725801951,0.1623104151567272,1.4849168695732118,-1.0227650746209593,-0.772773949969566
2023-05-25,0.059531665242907796,0.3727823796537262,-0.22291586302362457,-0.16931098398472674,1.863810865655898
2023-05-26,1.0498159751441998,0.5274148433658051,1.4613326245554237,0.002001199352354874,1.077905776382925
2023-05-29,0.21481293277179775,-1.0790446407541185,-1.212058418840382,-0.32972264671003504,-0.6840427302129383
2023-05-30,-1.2794030377893058,0.24392199322700964,1.5373121959992675,0.06598090940875799,0.7229808973564199
2023-05-31,-0.05766174421287282,-0.37890320783553955,-0.004151291799864744,-0.7562513070979369,0.8370638941863637
2023-06-01,0.22360243848099284,-0.2500428214088039,0.8989082227910491,0.1532517774351233,-2.648805453395373
2023-06-02,-0.2334518583965275,0.7164100767916751,-0.18977244274998153,1.0399602874956588,-0.4178490709430609
2023-06-05,-1.2002974864066671,-0.18561262819545518,-0.24746418572327483,-0.3397284534339076,0.43143546101321784
2023-06-06,-0.7491028600019349,-0.5077635942622561,1.0703496836889028,-0.6950776292651676,-1.0009399436294621
2023-06-07,-0.2979082335972091,-0.07822897283982944,0.7489554039591558,-0.36825445277956365,1.1286093305295686
2023-06-08,-0.22759218792373942,0.2009685310847517,0.5120134586170368,0.5852714008171481,-0.05024830337989344
2023-06-09,-0.6875763200376538,-0.7440076360446175,-1.0756611542914722,0.30837547330031817,-0.2910901855764519
2023-06-12,-0.037152897558108126,0.15801506894251285,0.5955201193175229,0.14037205077492684,0.06383469345005323
2023-06-13,-0.24224136410570957,-1.8178441896007032,1.796534144788915,0.38121371114461106,0.13989002467001863
2023-06-14,0.07711067666127196,0.5961403827934063,0.4082512816605853,-0.023233283027600353,0.08918647052337503
2023-06-15,0.6777269001221126,0.3856684182963883,-0.5121818300865398,1.1457357212651302,-0.07560008045321805
2023-06-16,0.5605334906663385,1.0299703504300475,-1.2954498934530778,0.6939954858737788,1.1032575534562468
2023-06-19,0.13570738138915903,0.4415079190813274,-0.5842249194656399,-0.6065994218396791,0.7610085629664012
2023-06-20,0.29977815462724405,-0.18561262819545518,2.488611615612085,-0.13053896332086593,0.761008562966404
2023-06-21,0.6513583829945598,-0.3187683608363861,1.2369072758484008,-1.1352412970422117,-0.41784907094306367
2023-06-26,-0.2568905402876797,-0.12118243498206828,1.6242763970619007,-1.0404098443186331,-1.7868450329024348
2023-06-27,0.5986213487394608,0.43721257286707493,0.24119775339293265,0.6750578940672436,-0.18968307728316472
2023-06-28,-0.1279777898863295,-0.4089706313350972,-0.004492764640892757,-0.09459970344465028,0.215945355889984
2023-06-29,-0.060591579449266846,-0.08252431905406285,0.649948229262444,-0.3677330665819379,0.2286212444266435
2023-06-30,-1.0567355598233403,-1.0317958323976273,0.29091434623709295,0.3860283243920414,2.282115187365712
2023-07-03,-0.7373835190563588,0.2224452621558616,-0.6584960304290244,0.9453369588274076,-3.384006988521711
2023-07-04,-0.8399277523301563,-0.18561262819543609,-0.7224044206737564,0.1083286965814319,-0.45587673655304217
2023-07-05,-0.1514164717774882,0.17949180001362275,-0.5152326306586582,-0.5743546166570005,0.6469255661364545
2023-07-06,0.771481627686728,0.18378714622785616,0.7960634879105347,-0.4997863218351302,-0.5572838448463322
2023-07-07,-1.2794030377893124,-0.1469545122674116,-0.30057217769720834,-0.3312988786937082,0.215945355889984
2023-07-10,0.1444968870983476,0.25251268565543833,-0.8307098687798978,0.34804379690498777,-0.6586909531396166
2023-07-11,-0.0869600965768131,-0.39608459269243507,-0.2759691529410707,0.46965113995368063,0.24129713296330582
2023-07-12,0.36423452982791266,0.24821733944122398,-0.7883071827289443,-0.49967077083192024,0.4821390151598614
2023-07-13,0.059531665242907796,0.09358487572914505,-1.5317125271328922,1.030451648204662,0.025807027840071953
2023-07-14,0.2587604613177212,0.3727823796537262,-1.3520693639667298,0.0061705557519082304,0.3173524641832712
2023-07-17,-0.3828734554526424,-0.4862868631911462,0.027544651029651476,-0.6068017831260856,0.6976291202830981
2023-07-18,-0.8282084113845801,-0.4003799389066685,0.7843691174616413,-0.23790242038535694,0.41875957247655554
2023-07-19,-0.5703829105818797,0.037745374944224995,0.18626836675551942,-0.08373138737447981,-0.24038663142980546
2023-07-20,-0.5410845582179394,-0.10829639633938709,-0.1504371874207162,-0.5234910227108601,-0.4939044021630263
2023-07-21,-0.09574960228599518,-0.42185666997779747,-0.08692476939590095,-0.04063828019230174,-0.06292419191655574
2023-07-24,-0.494207194435622,-0.284405591122595,-0.05515856093957652,-0.32603471037360204,-0.21503485435648648
2023-07-25,0.923833059979237,2.35723233062539,-0.30944167618883944,2.071879828305553,0.4567872380865396
2023-07-26,0.35837485935513114,-0.5550124026187474,-0.7297619484055914,-0.1577971738109742,0.13989002467001863
2023-07-27,2.1192058364281303,-0.43044736240622616,-0.21448697504452027,-0.09381361421305019,-0.43052495947972036
2023-07-28,-0.7080851666924121,0.7378868078628041,0.4414872753379779,1.6651484735382025,0.11453824759669683
2023-07-31,-0.2012236707961932,0.5660729592938105,-0.23347478867988056,0.3926277794373158,1.7497278688259512
2023-08-01,-0.4443999954169235,-0.3917892464782017,-0.16349911014633248,-0.30957266836142383,-1.9769833609523497
2023-08-02,-0.6787868143284718,-0.06963828041138166,0.5177226283541644,-0.5215807047967972,-0.35446962825975775
2023-08-03,-0.8457874228029443,-0.28011024490838066,0.7838941768611954,0.6358589958655051,-1.3305130455826426
2023-08-04,0.27047980226329726,0.16660576137096064,-0.51266750365196,0.2771600569593155,-0.37982140533307956
2023-08-07,0.27633947273608533,-0.039570856911824014,-0.26504387994005346,-0.5611138896974189,1.242692327359518
2023-08-08,0.41697156408301816,0.08499418330069727,1.151898929193101,-0.19746558502095035,0.4948149036965209
2023-08-09,0.9062540485608728,-0.0009127409837804321,0.1225183959564191,-0.23008707678743037,0.10186235906003734
2023-08-10,0.38181354124628336,0.13224299165715048,-0.09950370126374633,0.1432724328096616,-0.2910901855764519
2023-08-11,0.5898318430302852,-0.0481615493402527,0.04638965388403608,-1.7056313671950658,0.2539730214999653
2023-08-14,-0.3916629611618245,-0.9201168308278063,0.6041103102891398,-0.5412934955975321,0.7103050088197603
2023-08-15,-0.12211811941354793,-2.1271091170248613,0.4957026709151621,-0.18418123210584889,0.6976291202830952
2023-08-16,0.340795847936767,-0.5464217101902806,1.353750651115436,-0.5437688032900865,-0.6840427302129383
2023-08-17,0.5429544792479678,0.36848703343949274,0.543940953067784,0.23712657101215756,0.48213901515986424
2023-08-18,-0.2891187278880205,-0.06963828041138166,-0.46457846068967273,-0.9095667283137241,0.241297132963303
2023-08-21,0.5898318430302852,-0.9759563316127263,-0.14321201703588257,-1.0646397811617443,-0.12630363459985883
2023-08-22,0.8388678381238036,0.27828476294080073,0.008150628448427222,0.552525852279665,-0.6333391760662948
2023-08-23,0.9326225656884191,0.24392199322699057,-0.04861455744134568,-1.2129045595496604,-0.1643313002098429
2023-08-24,-0.9629808322587249,0.016268643873115107,-0.667196063704545,0.5206998203278069,-0.17700718874650523
2023-08-25,0.6074108544486494,0.703524038148994,-0.042335108929256904,-0.28702745703108123,1.2933958815061588
2023-08-28,0.8857452019061146,0.7722495775765952,-0.19396611075663495,0.8439889319597025,2.0412733051691534
2023-08-29,1.752976431878838,-0.7354169436161697,-0.05498168505918421,0.7190933289022031,0.4567872380865424
2023-08-30,-1.3936666120086925,-0.2929962835510428,-0.2446192790659135,-0.037325319207395555,1.8384590885825733
2023-08-31,-0.028363391848926046,-0.3316543994790673,-0.05499928397969727,-0.45579761913929756,-1.660086147535823
2023-09-01,-0.03129322708531357,1.249033007355494,-0.16883660323863212,0.5001102134042391,-3.6502006477915883
2023-09-04,1.6943797271509509,1.3177585467830764,-0.03603579159244259,1.0915062003574687,-1.0769952748494276
2023-09-05,-0.41803147828937726,-0.03527551069757151,-0.042361506585628816,-0.5516926429271718,0.07651058198671554
2023-09-06,0.8828153666697205,1.060037773929605,1.1516183007826648,-0.16512743804153596,0.7990362285763825
2023-09-07,1.8877488527529762,0.3513056485826163,0.08385565322622292,-1.0394130493058262,1.394802989799446
2023-09-08,0.4374804107377829,-0.18561262819543609,1.0098790776066284,-0.36643079808072276,-0.8615051697261908
2023-09-11,1.4512034025302205,-0.18561262819545518,-0.03597232100783249,0.5291216359249961,1.5342377637027174
2023-09-12,-0.5615934048727041,-0.37890320783552045,-1.0440638064526218,-0.14100576554821215,-0.2910901855764519
2023-09-13,-0.549874063927115,-0.0997057039109584,-0.6040531651427743,-0.47304262756154636,-0.7093945072862601
2023-09-14,0.343725683173161,-0.6151472496178818,-0.14971606708291363,-0.0680005476717921,0.5581943463798268
2023-09-15,0.012654301460590338,1.1888981603563598,-0.5796573149052225,-0.4917436931841462,-0.20235896581982699
2023-09-18,1.7500465966424503,1.0170843117873662,-0.3397529864772558,0.3651937211082649,-0.10095185752653703
2023-09-19,-0.25396070505128565,0.24392199322700964,-0.04237473301331596,-0.14787263832509723,0.44411134954988013
2023-09-20,1.4424138968210318,0.30405684022612495,-0.029715543006782717,-0.29778146437707004,0.46946312662320194
2023-09-21,-0.1396971308319121,-0.3917892464782017,-0.03604566746298748,-0.6644457747977307,-0.11362774606319932
2023-09-22,0.44334008121057095,0.8194983859330484,-0.029715807745652748,1.3032994581048265,0.4821390151598614
2023-09-25,0.1122686994980003,0.6734566146494363,-0.03604619696250484,-0.48313451939193175,0.2286212444266435
2023-09-26,0.44334008121057095,0.3513056485825972,-0.023385683284608584,-0.4344920810157357,-0.4432008480163799
2023-09-27,0.21774276800819828,-0.12118243498206828,-0.08669354743439277,0.14357065937266217,-1.5206513736325575
2023-09-28,-3.24825231664632,-1.1091120642536763,0.48915437969547093,-0.22344830787034137,4.411664461524734
2023-10-09,1.3017818054741057,0.007677951444648263,-0.08030601685283911,-0.10139739536213177,-4.981168944140978
2023-10-10,-0.444399995416917,0.5016427660804618,-0.07398752634243914,-0.5554603125263277,0.7736844515030634
2023-10-11,3.7687030745181493,0.8968146177890974,-0.036037025233524575,0.20119518837732614,0.44411134954988013
2023-10-12,-0.4912773591992345,0.03345002873001065,-0.04236335717630245,0.6835435552936735,-0.06292419191655574
2023-10-13,-1.3467892482263815,-0.4347427086204596,-0.029711750849757475,-0.7790719341233101,0.06383469345005323
2023-10-16,0.06539133571569584,-0.5979658647609863,0.12209157674721123,-0.7438650135365391,-1.25445771436268
2023-10-17,0.188444415644258,0.7722495775765952,-0.03603402966542361,0.25074169872107205,0.6596014546731168
2023-10-18,1.448273567293833,0.35989634101106405,-0.029709988603438917,-0.5870624352053012,0.7103050088197576
2023-10-19,0.40525222313742904,1.081514505000734,-0.023385683284608584,-1.5809369502489372,0.39340779540323656
2023-10-20,-0.06938108515844242,-0.8299145603290952,-0.03603455819201994,-0.4823661007659689,2.218735744682406
2023-10-23,1.2490447712190131,-0.20708935926656505,-0.029710252877928195,-0.7662942634006319,-2.1417699119289426
2023-10-24,0.021443807169778926,1.124467967142992,-0.06133495095367956,0.26371665160347846,0.7103050088197576
2023-10-25,0.03609298335175557,-0.6151472496178818,-0.029710869604000063,0.35529053704702374,0.241297132963303
2023-10-26,-1.461052822445768,0.24821733944122398,-0.029710957717475433,0.1949609327600897,0.507490792233186
2023-10-27,0.616200360157838,0.24392199322699057,-0.03603649650074964,0.9887672989255973,0.11453824759669683
2023-10-30,-1.8858789317229476,-0.11259174255362052,-0.029711222072823017,0.4304012712786231,-0.13897952313652112
2023-10-31,-0.7813310476022757,-0.8857540611140152,-0.036037025233524575,-0.23641634153895183,-0.9502363894828157
2023-11-01,1.4131155444571046,-0.2457474751945705,-0.029711486450250367,-0.0367833399164132,-0.9502363894828185
2023-11-02,-1.1475604521515745,-1.139179487753253,0.09678950930757017,-0.3515905584228946,-0.646015064602957
2023-11-03,0.3144273308092207,0.13224299165716955,-0.02970990051698353,0.605983242977102,-1.1910782716793742
2023-11-06,0.3202870012819958,-0.3015869759795096,-0.12458514044142487,0.9741162710075915,0.13989002467001863
2023-11-07,0.3173571660456082,0.11076626058604058,-0.048689072213648196,-0.26523801770467625,0.8370638941863665
2023-11-08,0.3144273308092207,-0.22856609033767494,-0.04236415039700436,-0.18196690812883248,0.07651058198671554
2023-11-09,-0.2627502107604743,-0.07822897283982944,-0.029712015271344348,0.028892449628630586,0.038482916376731444
2023-11-10,-0.12211811941354793,-0.0137987796264807,-0.02971210341698156,-0.5406870580273487,0.038482916376731444
2023-11-13,-0.4121718078165892,0.011973297658881686,-0.03603878799544087,-0.15071575023118697,0.1905935788166622
2023-11-14,-1.7130186527756674,0.5875496903649395,-0.029712367868008117,0.04735257164068396,1.6229689834593424
2023-11-15,0.1650057337530928,0.2825801091550151,-0.12462462740945454,0.5049587674304766,-0.8868569467995154
2023-11-16,-0.7110150019288061,-0.4089706313350972,-0.2006081694416211,-0.7159141685661002,0.7103050088197603
2023-11-17,-0.11332861370435934,-0.13406847362474947,0.0019360501251180768,-0.09439353311684565,0.15510109091401
2023-11-20,0.238251614662963,0.32123822508303956,-0.7582898879775807,0.16213974045429963,0.01059596159607775
2023-11-21,1.4424138968210318,0.3727823796537262,-1.3314131646477447,0.09021766524481371,0.0004552507667501583
2023-11-22,3.41419301091444,0.5961403827933873,-0.9909538708550877,-0.7575698049334781,0.46946312662320194
2023-11-23,0.9882894351799122,0.9827215420735751,-0.2911040213901163,0.34488152927753823,-0.5953115104563135
2023-11-24,-0.5586635696363036,-0.05675224176870047,-0.4124960294940881,-0.4900900741413414,3.1313997193219847
2023-11-27,1.770555443297215,0.7121147305774417,0.027664183962657928,-0.546397224155224,-1.2671336028993396
2023-11-28,-0.5615934048727041,-1.0876353331825472,-0.1957019933133753,0.13010855997178608,-0.5319320677730047
2023-11-29,-0.21880268221455734,-0.009503433412247278,-0.6685567985564417,-0.6361884755035139,0.3300283527199307
2023-11-30,-0.4619790068352812,-0.15984055091009278,-0.10649414063695989,0.15849051833003747,1.1539611076028875
2023-12-01,0.22360243848098635,0.11506160680027401,0.5261263942643852,-0.28525013244588004,-4.689623507797779
2023-12-04,0.7011655820132713,0.17519645379938933,-0.6176547701796131,-0.48483101363987163,-0.44320084801638265
2023-12-05,0.29977815462723106,-0.284405591122595,0.7177332932823645,-1.4099297571237321,0.7356567858930821
2023-12-06,0.6220600306306261,0.3384196099399351,0.05959542447998526,0.1082218195962471,-0.6586909531396193
2023-12-07,-0.2949783983608151,-0.21997539790924625,0.20632903887362475,-0.18534782430415564,-0.08827596898987754
2023-12-08,-0.1191882841771474,-0.6452146731174395,-0.3616172130394948,0.16930619372006608,0.5581943463798296
2023-12-11,0.02437364240617946,-1.0446818710403085,0.23190671342643837,0.42152921236175017,0.7356567858930794
2023-12-12,0.03609298335174256,0.2653987242981195,0.04679456918177104,0.15015159395539318,-0.18968307728316472
2023-12-13,-1.1680692988063264,-0.2972916297652762,-0.3297064229546493,-1.2353564129776762,-0.6206632875296353
2023-12-14,-0.5762425810546677,-0.2027940130523507,-0.2532619306804618,-0.38975783450822327,-0.31644196264977364
2023-12-15,-0.7051553314560179,-0.5721937874756239,-0.8736613492597289,-0.23367947585960608,-0.11362774606319932
2023-12-18,-0.6846464848012533,-0.3359497456933007,-0.17698861519484246,-0.27327187325328883,0.8370638941863694
2023-12-19,-0.593821592473045,0.22244526215588067,0.2901650667779614,0.0958889167514942,-0.6333391760662975
2023-12-20,0.976570094234336,0.05063141358690619,-0.12574579587616422,-0.8110384602137284,0.22862124442664633
2023-12-21,0.21188309753542325,-0.894344753542463,0.2708374668754045,0.7284471179079508,0.2286212444266435
2023-12-22,-0.7256641781107827,-0.18561262819543609,-0.4007934194304169,0.13266363664216704,-0.481228513626364
2023-12-25,-2.3224243819457033,-1.0876353331825663,0.34123370563195926,0.21672386115505932,0.7736844515030634
2023-12-26,-0.27153971646966285,0.3513056485825972,-0.311218759496463,-0.5024311035217874,0.2920006871099494
2023-12-27,-0.3594347735614837,-0.2500428214088039,0.2132904019125249,0.2469783673390167,0.2666489100366276
2023-12-28,-0.7725415418930871,-0.013798779626461624,-0.20248055446513225,1.684426105097134,0.9384710024796538
2023-12-29,-1.3467892482263815,-0.2929962835510428,-0.9647944646110591,0.34684196624395763,-0.8741810582628532
2024-01-02,0.3671643650643132,0.007677951444648263,-0.3889475406908209,-0.9651201946903589,-1.0136158321661217
2024-01-03,0.4081820583738296,-0.05675224176870047,1.4626798266285779,-0.18041641914999035,0.2539730214999653
2024-01-04,0.02437364240617946,-0.4003799389066685,-0.055361729785500864,-0.6848875127565347,-0.2657384085031301
2024-01-05,-0.9424719856039666,-1.1520655263959152,0.1812221131255759,-0.3989118646160785,-0.1516554116731806
2024-01-08,-0.1191882841771474,-0.0997057039109584,-0.17043821722646865,-0.9568517893262186,0.038482916376731444
2024-01-09,0.02437364240616645,-1.195018988538154,0.0021920917626802286,0.1364384635163888,0.24129713296330582
2024-01-10,-0.1719253184322399,0.5016427660804428,0.26426504696874314,-0.34815537332065366,0.10186235906003452
2024-01-11,0.22067260324458582,0.029154682515777224,0.1810551357001998,0.40534226096637893,0.038482916376731444
2024-01-12,0.12691787567997692,0.8023170010761719,-0.25977869696396105,-0.26185245425558806,0.6088979005264732
2024-01-15,-0.3565049383250831,0.24392199322699057,0.19384491347764052,-0.07877508615461619,0.215945355889984
2024-01-16,0.46970859833811063,0.2868754553692294,0.2958823989740026,0.43614666584686423,0.9257951139429914
2024-01-17,0.4374804107377699,-0.6366239806889917,0.19358845368335775,-1.611892031782172,0.12721413613335913
2024-01-18,0.2821991432088799,-0.035275510697590585,0.014893109717218533,1.01818827145987,-1.5586790392425416
2024-01-19,-0.4385403249441289,-0.361721822978644,-0.06804458887322644,-0.11704233167023786,0.1652418017433404
2024-01-22,-0.4385403249441419,-0.2672242062656994,-0.41912785121992857,-1.1513419776544682,0.1779176902800027
2024-01-23,-0.078170590867631,0.5445962282227007,0.05323649841937913,0.28838674873013537,-0.455876736553045
2024-01-24,0.01265430146060335,-0.13406847362474947,-0.4321868138209066,1.0068080550493241,0.4314354610132206
2024-01-25,-1.393666612008699,-0.23715678276612273,-0.080902871798546,1.4449355242956792,0.4187595724765583
2024-01-26,0.07711067666127196,0.23103595458430937,0.16830995101779325,-0.20550269847246438,0.3553801297932525
2024-01-29,-1.9854933297603445,-0.20279401305233163,0.1235261810060721,-0.6633864738193571,-0.44320084801638265
2024-01-30,-2.319494546709309,-1.2981072976795462,-0.29169538530361516,-1.3202121259942956,1.2300164388228558
2024-01-31,0.018513971933384898,-1.6202582637463854,-0.12564062200134984,-0.6774895966416131,-1.6347343704625068
2024-02-01,0.17965490993507593,0.46298465015243734,0.04052635197075723,0.04698393760938107,-0.2403866314298083
2024-02-02,0.17086540422588734,-0.04386620312603835,-0.29827128512387363,-0.8757373916385444,0.48213901515986424
2024-02-05,0.13570738138915903,-1.2680398741799697,0.38568591736258667,0.46931183746986954,1.2807199929694966
2024-02-06,0.8154291562326514,1.6356141666356818,0.053274229529400634,2.488431340122052,0.2666489100366276
2024-02-07,0.3876732117190714,-0.9673656391842594,-0.23423159490654802,0.6941093669597387,-0.22771074289314597
2024-02-08,-0.4443999954169235,0.7851356162192573,0.06607605528539143,0.4570041578349521,-1.9643074724156901
2024-02-19,0.10054935855242418,-0.05675224176871955,-0.22150323508303618,0.8320727150958742,-0.06292419191655574
2024-02-20,-1.4493334815001855,-0.5249449791191516,0.20667821819864918,0.1444120445506251,0.038482916376731444
2024-02-21,-2.548021695148063,-0.3488357843359628,-0.2662343312180846,0.9717632247518622,0.4187595724765583
2024-02-22,-0.09574960228599518,-0.40467528512090195,-0.10010172241480758,0.6201362608083363,-0.03757241484323394
2024-02-23,-0.18657449461422304,-0.15124985848164502,0.27062210384721336,0.05762696484341273,0.025807027840071953
2024-02-26,-0.2334518583965275,-0.4562194396915695,0.07883328664707,-0.7716599769502448,0.8624156712596883
2024-02-27,0.6249898658670135,-0.2972916297652762,-0.17033268975131913,0.8640211374919029,0.2793247985732871
2024-02-28,0.3700942003007072,-0.6881681352596783,0.09162036699308784,-0.9426727095697285,-1.0795304525567566
2024-02-29,-0.3184170802519673,-1.426967684106282,-0.27260228555737115,1.3730419581906226,-0.5293968900656785
2024-03-01,0.23239194419017492,1.8546768235611286,0.12360475732402586,0.4430408266332235,0.40608368393989885
2024-03-04,-0.4443999954169235,-1.1520655263959343,-0.2726584158206965,0.05665644973584723,0.07651058198671272
2024-03-05,-0.06938108515844242,-0.26292886005146604,0.02136565451493828,0.49980595437693637,0.5708702349164891
2024-03-06,-0.24224136410571606,-2.3633531588072034,-0.09371119454101591,-0.30335140488713563,-0.4051731824063986
2024-03-07,-0.08988993181320712,-0.2929962835510428,-0.11290663549987076,-0.4463553123097756,0.07651058198671272
2024-03-08,-0.013714215666949402,0.969835503430913,-0.17689124750846766,0.3069397681114449,0.2793247985732899
2024-03-11,0.5781125020847027,-0.07393362662561509,-0.08096365207785047,0.9011777801967442,0.07651058198671272
2024-03-12,0.7978501448142807,2.0909208653434708,-0.06177505251397462,0.16064956345495338,0.013131139303409648
2024-03-13,0.5693229963755205,-0.8299145603290952,-0.2345852510332281,-0.5183614470441238,0.38073190686657427
2024-03-14,0.452129586919753,0.8882239253606496,0.2581919155299543,-0.21402924728481668,-0.012220637769912146
2024-03-15,-0.037152897558108126,-0.8299145603290952,-0.016988221343546963,0.15250530965872122,0.13989002467001863
2024-03-18,-0.24224136410571606,-0.7354169436161506,-0.228149186812724,0.6759970426881725,-0.4432008480163799
2024-03-19,0.22067260324459884,-1.2465631431088597,0.245347482580637,-0.5331057478699737,0.215945355889984
2024-03-20,-0.11332861370436585,0.780840270005043,-0.13213947221083255,0.15148303438127048,-0.31644196264977364
2024-03-21,-0.3916629611618245,-0.14265916605319726,-0.18976540786480314,-0.09403361261475993,-0.11362774606319932
2024-03-22,-1.2178764978250312,0.8194983859330484,0.37326536523299575,-0.7459639678571013,0.15256591320667812
2024-03-25,0.8359380028874096,0.26969407051235295,-0.07454699742533576,-0.4038265219583291,0.6849532317464357
2024-03-26,0.38474337648267737,0.2009685310847517,-0.36247507002031276,0.36484838551888993,0.761008562966404
2024-03-27,0.024373642406172954,-0.7440076360446175,-0.004185181656543612,-0.8552682426573243,0.20326946735332171
2024-03-28,-0.655348132437313,0.07210814465803515,-0.010585799919582988,0.371319543119693,-0.2910901855764519
2024-03-29,-0.4590491715988937,-0.6366239806890108,-0.010586160738891372,0.3351512391969164,0.25397302149996814
2024-04-01,-0.0342230623217141,1.3607120089253342,-0.10018823125504722,1.1839702201969733,-1.3812165997292891
2024-04-02,-0.19536400032340512,-0.6366239806889917,0.09821235243776771,-0.31114419763739604,-0.2910901855764519
2024-04-03,0.08297034713406001,-0.5292403253334041,-0.07458088720831459,-0.269481477602597,-0.13897952313652112
2024-04-08,-0.857506763748527,-0.061047587982933894,-0.03618538623730824,-0.6517992550041044,-0.06292419191655574
2024-04-09,-0.2568905402876797,-0.20708935926654598,0.034210138764919636,-0.06687378209821679,0.025807027840071953
2024-04-10,0.6484285477581658,0.737886807862785,-0.004188699346900001,-0.6035635617249343,0.02580702784006914
2024-04-11,-0.5850320867638499,0.1408336840856173,0.034200399252836404,-0.016222036760066536,-0.012220637769912146
2024-04-12,-0.27446955170605036,-0.7654843671157273,-0.02978377625005169,-0.6007378790162013,0.07651058198671554
2024-04-15,0.6747970648857186,0.05922210601533489,0.0533854826969428,1.5156498012211892,-0.27841429703979237
2024-04-16,-0.0342230623217141,-0.15984055091009278,0.2899619312191438,-0.7916090735659864,0.11453824759669683
2024-04-17,0.18551458040786398,-0.07393362662559601,-0.04256401795914522,1.11356226089859,0.15256591320668092
2024-04-18,-0.01957388613974396,-0.9029354459709108,-0.055351374629254116,0.08345281227550046,0.2666489100366276
2024-04-19,-1.3907367767722985,0.3513056485825972,0.142811342848197,-0.584301369813618,0.44411134954988013
2024-04-22,0.21188309753541024,-0.361721822978644,-0.042559158891573724,-0.22863330467874735,-0.48122851362636676
2024-04-23,-0.5791724162910618,-1.0189097937549652,0.07886349872563891,-0.5186093920135164,-0.07560008045321523
2024-04-24,0.7685517924503404,1.7172257447059645,-0.09367952240146869,0.3133188426589529,0.406083683939896
2024-04-25,-2.3048453705273326,0.3856684182963883,0.04051825648833228,0.17272929725214908,0.39340779540323656
2024-04-26,3.2325432262579845,1.193193506570574,-0.03616575175215705,1.1013946341678347,0.3553801297932525
2024-04-29,1.4980807663125315,1.936288401631392,0.04051106222527982,0.7964550265987714,2.1426804134624406
2024-04-30,-2.5392321894388807,-1.4570351076058397,-0.04255376281454272,-0.40080765161906406,0.38073190686657427
2024-05-06,0.2939184841544495,0.10217556815759281,-0.464474995006491,1.0687056467810134,-2.9657026668118966
2024-05-07,0.021443807169778926,-0.8513912914002241,0.027777072060576617,0.01600822573371504,-0.35446962825975775
2024-05-08,0.1650057337531058,0.10217556815759281,0.0661352689306536,-0.5831191485961552,0.2920006871099494
2024-05-09,0.3759538707734953,1.2533283535697275,0.05333251619143403,0.6807169831434441,-0.5572838448463293
2024-05-10,-0.3799436202162484,-0.2500428214088039,-0.13207362532407174,0.027620466609961595,0.1905935788166622
2024-05-13,-1.8507209088862127,-0.9115261383993585,0.09808736519160113,-0.03815354882271434,0.013131139303409648
2024-05-14,-0.4649088420716817,0.17949180001362275,0.12361717179527418,-0.15901614589791915,0.02580702784006914
2024-05-15,-0.3184170802519673,0.3083521864403584,-0.04894797868584553,-0.6278131031976755,-0.3544696282597549
2024-05-16,0.4374804107377764,0.7937263086477051,-0.2087553754191831,0.28084071597971993,-0.07560008045321805
2024-05-17,-0.3213469154883613,0.4329172266528796,0.13642027427197953,0.7437999029278392,0.10186235906003734
2024-05-20,-0.25396070505128565,-0.9201168308278063,-0.042559428775129186,0.25087455308234696,-0.05024830337989625
2024-05-21,0.2734096374996913,0.49305207365201403,0.1491488852642807,-0.29989646747766996,0.5708702349164891
2024-05-22,-0.1191882841771474,-0.0137987796264807,0.02772308240681204,0.15788042061827331,-0.10095185752653703
2024-05-23,0.14156705186194707,-0.2972916297652762,0.11074746223658284,-0.8567291893809473,-0.10095185752653985
2024-05-24,0.8652363552513499,0.4329172266528796,0.0021589953448795567,-0.8192382668661509,-0.12630363459985883
2024-05-27,0.7246042639044236,-0.18131728198122174,-0.09363700785996651,0.6840647264228625,0.9004433368696696
2024-05-28,-0.2891187278880205,-0.38749390026398733,0.04047960636133924,-0.5413281764262763,-0.024896526306571635
2024-05-29,0.03902281858814309,-0.1984986668381173,0.00854359324240256,0.08137398421672393,0.1652418017433404
2024-05-30,-0.0019948747213797986,-0.6022612109752007,0.00854134813255326,-0.39569042097629564,0.08918647052337503
2024-05-31,-0.14848663654108768,0.6734566146494363,-0.17026861957826303,-0.29936175760242306,-0.646015064602957
2024-06-03,0.009724466224196312,-0.41756132376356403,-0.03616035833195661,0.17315318429069282,-0.4939044021630263
2024-06-04,0.015584136696990871,-0.15984055091009278,-0.042548369774033534,0.5390699313065911,-0.31644196264977364
2024-06-05,-0.36822427927066576,0.03345002873001065,0.06603326868895551,-0.4293161010073315,-0.10095185752653703
2024-06-06,-0.6377691210189489,0.037745374944224995,0.046859713117459595,-0.05832533735735988,0.06383469345005323
2024-06-07,-0.2451711993421101,-0.009503433412247278,-0.0361567652469753,-0.37595707455653077,-0.35446962825975775
2024-06-11,-0.3301364211975434,-0.10829639633940617,0.16175985696746653,-0.6473949824886253,0.6596014546731168
2024-06-12,0.04488248906093115,-0.013798779626461624,-0.036151917787107864,0.019099144588525255,-0.06292419191655574
2024-06-13,0.10640902902521875,-0.4003799389066494,-0.09360638972962937,-0.3781037761186998,0.2793247985732871
2024-06-14,0.5517439849571564,-0.3746078616213252,0.16171821408759263,0.3116303741327037,-0.03757241484323394
2024-06-17,-0.3623646087978842,0.09358487572914505,-0.03614904695433891,-0.11660296444129155,0.634249677599795
2024-06-18,0.09468968807964263,-0.2887009373368284,-0.029767499662000985,0.1870684967696262,0.2666489100366248
2024-06-19,0.17379523946228137,-0.11688708876785393,0.04680936400978064,-0.3541400424103201,-0.2530625199664678
2024-06-20,-0.07231092039483646,-0.30588232219372397,0.18713437110963155,-0.535335813764918,0.38073190686657427
2024-06-21,0.35251518888233657,0.7207054230059086,0.002125267786450988,-0.16639478408410552,0.634249677599795
2024-06-24,-0.5264353820359629,-0.43903805483467395,0.008500990079590475,-0.40043964834386775,0.8877674483330101
2024-06-25,-0.7315238485835708,-0.5636030950471952,0.12963918582082867,-0.40465160703882597,0.08918647052337221
2024-06-26,-0.5029967001448106,-0.22856609033767494,0.1232147719406049,0.4640351088082458,0.8877674483330158
2024-06-27,0.012654301460596845,-0.8256192141148808,0.11679656253366572,-0.5570997938006726,-0.6840427302129412
2024-06-28,-0.2598203755240802,-0.18131728198120267,-0.03612773558081036,0.15261507649120643,0.9131192254063347
2024-07-01,0.5136561268840341,1.760179206848184,-0.04249943220952542,0.3411218910831179,-3.7516077560848755
2024-07-02,-0.30376790406999715,-0.2887009373368284,0.142240082819867,-0.14094702928882585,-0.06292419191655574
2024-07-03,-0.4385403249441354,0.1537197227282985,0.11034488313860516,-0.18280411801816748,0.06383469345005323
2024-07-04,-0.019573886139737456,0.4672799963666517,-0.06795816258498343,-0.37850884719063954,0.15256591320667812
2024-07-05,0.23239194419016843,0.8839285791464353,-0.12528206925869817,-0.3197702878254209,-0.03757241484323394
2024-07-08,1.3838171920931515,0.9139960026459929,-0.042493801646931506,-0.63265389260301,0.1779176902800027
2024-07-09,-0.7989100590206334,-0.7311215974019363,0.12945675273538246,0.8054865942184786,-0.18968307728316472
2024-07-10,-0.3770137849798543,-0.15124985848164502,0.180324232374758,-0.237092617425126,-0.03757241484323394
2024-07-11,0.17086540422588734,-0.1254777811963017,-0.04247960591979834,0.8233447831681042,0.05115880491339093
2024-07-12,-0.17778498890503444,-0.2500428214088039,-0.17616597690782335,0.08247652099709678,-0.012220637769912146
2024-07-15,0.5370948087751862,-0.16843124333854056,-0.036119695191122625,0.07423925005402343,0.2666489100366276
2024-07-16,-0.7256641781107827,0.2611033780838861,0.07211070222706192,0.4547465655576454,0.9384710024796538
2024-07-17,-0.3096275745427852,0.016268643873096032,-0.08704770861476469,0.06229278500768757,-0.10095185752653703
2024-07-18,0.003864795751414762,0.4329172266528796,-0.23353371846761828,0.395695151250449,0.11453824759669683
2024-07-19,-0.3770137849798543,-0.2887009373368284,0.16766200362340075,0.36744647955688997,-0.46855262508970447
2024-07-22,-0.8809454456396791,-0.5593077488329617,0.10393479775122585,-0.5051996102078516,-1.761493255829113
2024-07-23,-0.6348392857825549,-0.6323286344747774,-0.029750859497091314,-1.5821157556975578,0.4694631266231991
2024-07-24,-0.12797778988633599,0.04204072115845842,0.12935392374604004,-0.4687923638987355,-0.10095185752653703
2024-07-25,0.0009349605150207346,-0.5464217101902997,-0.25888070203012276,-0.41121700190961236,1.6483207605326642
2024-07-26,0.23239194419017492,-1.3238793749648896,-0.3481872594838312,0.20834648740079928,0.5455184578431673
2024-07-29,-0.24224136410571606,-1.0403865248260942,0.2695828718398296,-0.4048750349140954,-0.21503485435648648
2024-07-30,-0.5615934048726976,-0.5764891336898573,0.28211923153355717,-0.4678917432396764,-1.0136158321661217
2024-07-31,-0.27153971646965636,0.024859336301562878,-0.13792593930990066,1.551891539256721,-0.519256179236348
2024-08-01,0.021443807169778926,-0.5120589404764895,-0.16978473743650854,-0.4921091014387901,-0.899532835336175
2024-08-02,-0.857506763748527,-0.19420332062390294,0.31389774855519736,-0.7549701993772786,0.013131139303409648
2024-08-05,0.027303477642573487,-1.5773048016041276,-0.2206342558065098,-0.8979044245517424,-0.06292419191655574
2024-08-06,0.604481019212249,2.9585808006167906,-0.19525267100218835,-0.014017760481060789,-0.07560008045321523
2024-08-07,0.02437364240617946,-1.0017284088980696,0.40934017426957964,-0.03910152765034354,0.2793247985732871
2024-08-08,0.6747970648857186,1.2748050846408374,0.44705375544114756,0.025067517619442946,0.7103050088197576
2024-08-09,1.0703248217989514,1.0299703504300664,-0.09328503598561734,-0.2539527415868564,0.4187595724765583
2024-08-12,1.8877488527529827,2.632134488335738,0.03380549654676053,-0.13294453378933369,1.2553682158961776
2024-08-13,-0.3096275745427852,-0.8771633686855674,0.11003239575027843,0.18034334094255566,-0.8108016155795473
2024-08-14,0.10054935855243069,-1.2551538355373075,-0.4301155438013107,-0.5593070681005138,0.532842569306505
2024-08-15,0.09468968807963613,0.25680803186967177,-0.1251251014187056,0.711579479291457,-0.6840427302129383
2024-08-16,0.35837485935513114,-0.40467528512088285,0.3897889679581942,0.07380627483986506,-0.024896526306574452
2024-08-19,0.18844441564425152,-0.7397122898303841,-0.33482091639331435,0.24032820881174172,-1.1150229404594088
2024-08-20,0.3378660127003729,-0.14265916605319726,-0.5959666702825348,-0.5361410602147588,0.5074907922331832
2024-08-21,0.7333937696136056,0.6605705760067551,-0.13798857700726389,-0.24941461761015518,0.6088979005264732
2024-08-22,-1.6280534309202406,-1.160656218824363,-0.5267073939107858,-0.19359489186823595,0.1779176902799999
2024-08-23,-0.6817166495648658,-0.05675224176871955,0.8045691297126605,0.30247450796568465,0.06383469345005323
2024-08-26,0.10054935855242418,-0.06534293419714825,-1.4190429586288058,-0.07169590056688938,1.4201547668727679
2024-08-27,0.0390228185881496,1.2318516224985985,0.6781656105501966,-0.4225661210501287,-0.836153392652869
2024-08-28,-0.11039877846797182,-0.40467528512088285,-0.23373728025386406,-0.42381525543965154,-1.3938924882659485
2024-08-29,-0.013714215666949402,-0.018094125840695047,0.5054948871814016,-0.202615066740567,-1.6347343704625068
2024-08-30,-0.11332861370435934,0.24392199322699057,-1.1392160748652524,0.9614487782966544,0.25397302149996814
2024-09-02,-0.7344536838199648,-1.1219981028963575,-0.6430577657936221,-1.2573115346918442,0.5455184578431673
2024-09-03,-0.42096131352577126,-0.20279401305233163,0.5196717592857576,0.1814003767755499,-0.10095185752653985
2024-09-04,0.018513971933384898,-0.07393362662561509,0.20641946502976996,-0.48231088581751724,-0.11362774606319932
2024-09-05,-0.19536400032339862,-0.28870093733680935,-1.039237142853286,0.118879891041388,0.13989002467001863
2024-09-06,-0.341855762143126,0.1365383378713839,-0.4329242541270402,-0.6008361637385965,-0.03757241484323394
2024-09-09,-0.47955801825365185,-0.17272658955277398,0.38615288755782307,-0.879153719466808,2.0032456395591693
2024-09-10,-1.8038435451039019,-0.4862868631911462,0.91587698255963,0.057514131097958394,0.025807027840071953
2024-09-11,-1.3028417196804645,-0.5249449791191707,0.2701345629697828,-0.22676710777442596,-0.7220703958229224
2024-09-12,-0.16313581272307082,0.029154682515777224,0.18069046274759296,-0.32010765375157424,0.24129713296330582
2024-09-13,0.08590018237046054,-1.2551538355373075,-1.1980780780751257,-0.31158099349687296,0.1652418017433404
2024-09-18,1.7353974204604736,-1.6675070721028387,-1.0473334886577328,0.26475637633891624,0.6976291202830981
2024-09-19,0.9003943780880782,0.570368305508044,0.7000169055584611,0.5673146779460025,1.1159334419929063
2024-09-20,0.08004051189766599,-0.2929962835510428,-2.1970602306524523,0.10787981237724562,-0.21503485435648648
2024-09-23,-0.3272065859611429,-0.17702193576698833,-0.7502624507301662,0.2601063463681046,-0.8741810582628532
2024-09-24,0.9648507532887599,1.2060795452132362,-0.15859728818481073,3.0886416036810496,0.786360340039723
2024-09-25,-0.6201901096005847,-0.718235558759255,-2.0111290939776896,1.0663020769853582,-0.5826356219196511
2024-09-26,0.012654301460590338,0.8968146177890974,0.9586661623446608,3.01592251652956,-0.43052495947972036
2024-09-27,1.1992375722003081,4.109733586028925,-1.6591616949848211,3.183637567913874,-2.2305011316855676
2024-09-30,-2.0294408583062613,0.3513056485825972,-0.1983031798371301,5.937306550177635,-1.7488173672924534
2024-10-08,0.4286909050285943,1.012788965573152,4.072676142447291,4.198710381672627,2.231411633219065
2024-10-09,1.7734852785335962,-1.0360911786118607,-0.9297187831130501,-5.344734714360239,1.356775324189462
2024-10-10,0.23532177942656896,-0.9372982156847018,1.0948069316406013,0.7608340924244975,-1.2924853799726614
2024-10-11,0.08004051189766599,-0.16413589712432622,-0.09399453865302125,-2.055055311116954,-2.1924734660755836
2024-10-14,0.18551458040786398,0.13653833787140296,-0.07474447559918518,1.3733634220571733,0.786360340039723
2024-10-15,0.03902281858814309,-0.6108519034036675,0.663057869913786,-1.9742658008540908,-0.8741810582628532
2024-10-16,-0.06352141468565436,0.04633606737267277,2.284932216118209,-0.47008565018580956,0.9384710024796565
2024-10-17,-0.42096131352577126,-0.9372982156847018,0.16153884354340897,-0.8375406345490655,-0.5065802906996886
2024-10-18,-0.16606564795945833,0.4243265342244319,0.320755978115558,2.5871735300026493,0.25397302149996814
2024-10-21,0.5283053030659977,0.0978802219433594,-1.8874157651520276,0.17850913045940933,0.215945355889984
2024-10-22,-0.23931152886931553,0.9999029269304898,1.5156285627797195,0.41109574301870294,-0.05024830337989625
2024-10-23,-0.09867943752238921,0.8839285791464162,0.11684576033519206,0.27756296182679746,0.215945355889984
2024-10-24,0.047812324297325175,0.024859336301562878,0.23783922465476917,-0.8264894303650104,0.025807027840071953
2024-10-25,-0.980559843677089,0.13224299165715048,-1.273528433085331,0.504262683636764,1.3694512127261242
2024-10-28,0.13570738138915903,-0.06534293419714825,1.3604970114199753,0.1360427145011368,-0.5572838448463322
2024-10-29,-0.2920485631244145,-0.17272658955277398,-0.17623455071378155,-0.7377735060380253,1.1793128846762122
2024-10-30,1.4599929082394025,0.1623104151567272,0.6576692044409359,-0.6642757753975591,-1.1784023831427146
2024-10-31,-0.21001317650536874,-0.16413589712430712,-0.9146918129099714,0.023295749114182494,0.013131139303409648
2024-11-01,-0.7022254962196305,-0.8470959451859907,-0.7568411391796338,-0.025684762685866405,-1.8755762526590625
2024-11-04,-0.04301256803089618,-0.2758148986941663,0.41045286159068983,1.013597304726463,-0.12630363459985883
2024-11-05,0.10347919378882471,-0.6237379420463105,-1.2174405539235007,1.8175788046540142,0.06383469345005323
2024-11-06,0.027303477642566982,0.029154682515777224,-0.1704651406324279,-0.37369445083428177,0.013131139303409648
2024-11-07,-0.2656800459968683,-0.18990797440966953,4.216357669719176,2.163352393944049,0.7103050088197576
2024-11-08,0.2851289784452674,-0.18990797440966953,-1.4576642041775307,-0.7436617708176002,1.1539611076028904
2024-11-11,-0.05180207374007827,-0.28011024490838066,2.21489731607729,0.47363192677113974,0.13989002467001863
2024-11-12,-0.060591579449260344,-0.8299145603290952,0.8675846528396403,-0.8130680851078252,0.4187595724765583
2024-11-13,-0.22759218792374594,0.26110337808390516,0.3804502276756432,0.4413844465683947,-0.5319320677730104
2024-11-14,-0.054731908976472295,-0.039570856911824014,-0.18109134090590423,-1.2833147475385014,0.39340779540323656
2024-11-15,-0.10453910799517725,0.20526387729898513,0.14062706145836143,-1.2971629039122012,0.15256591320668092
2024-11-18,-0.4121718078165827,1.137354005785654,-0.5598010969136464,-0.3467227406432436,0.1652418017433404
2024-11-19,-0.27153971646965636,-0.4862868631911462,0.0018716092732827792,0.48171858882383545,-0.03757241484323394
2024-11-20,-0.2686098812332623,-0.05675224176870047,0.12812857504120354,0.15629503535930886,-0.10095185752653985
2024-11-21,-0.05180207374007827,-0.5034682480480418,-0.029697768063481105,0.057979972983412724,-0.30376607411311135
2024-11-22,0.024373642406172954,-0.0997057039109584,0.027108538182441726,-2.3041542329234757,-0.06292419191655574
2024-11-25,0.38181354124628336,-0.4476287472631217,-0.17488519672209474,-0.33984038635880814,0.951146891016316
2024-11-26,0.7597622867411519,-0.5378310177618519,-0.07389675628704008,-0.15670236591824555,-0.03757241484323394
2024-11-27,-0.025433556612532018,0.4758706887951185,0.4310118152531051,1.2535258290451035,-0.27841429703979237
2024-11-28,-0.1836446593778225,-1.0962260256110141,-0.5788221881125041,-0.653940628278596,0.342704241256593
2024-11-29,-0.14262696606830613,-0.5077635942622561,-0.13076426865718138,0.8188323912800005,-1.1910782716793742
2024-12-02,-0.6348392857825549,-2.105632385953732,-0.09919762360661029,0.5698901079723714,-0.4939044021630263
2024-12-03,-0.09281976704960115,0.570368305508044,0.803543633633056,0.07216357314563392,0.13989002467001863
2024-12-04,-0.33599609167033145,-1.2551538355373075,-0.41456910324464963,-0.4017331929141976,-0.1516554116731806
2024-12-05,0.17086540422589386,-0.5034682480480418,-0.3706855470809442,-0.17332545293697074,1.2807199929694966
2024-12-06,0.18844441564425152,0.24821733944122398,-0.21925363789801894,0.9468669450078682,-0.012220637769912146
2024-12-09,0.16207589851671178,-0.3917892464782112,0.1156260849482414,-0.1273703270318392,0.6469255661364545
2024-12-10,-0.08403026134041906,-4.261896185494361,0.14084610106207165,0.5264376883598868,0.6215737890631327
2024-12-11,-2.0616690459066023,-0.18131728198121222,-0.3582287558550531,-0.13101597842923593,-0.772773949969566
2024-12-12,-1.8302120622314546,-0.8256192141148713,0.0461303580726358,0.715958990757511,-1.089671163386087
2024-12-13,-1.1592797930971441,-1.68039311074552,0.11561447887264174,-1.7547411556098798,1.5722654293126985
2024-12-16,-0.9073139627672254,-2.2130160413093387,0.014516067945943577,-0.4037077643315035,0.06383469345005323
2024-12-17,-0.49713702967202256,0.13653833787139344,0.03346101210338885,0.18339335641630353,0.3300283527199307
2024-12-18,-0.8926647865852618,0.7851356162192573,-0.09286594421984706,0.362109531980296,-0.12630363459985883
2024-12-19,-1.613404254738264,0.2439219932270001,0.17239509237130626,0.05959181677047069,-1.8755762526590625
2024-12-20,-0.9688405027315129,-1.5944861864610325,-0.08653154917224631,-0.33515790122443295,-0.07560008045321523
2024-12-23,-0.9424719856039634,-0.3531311305501867,-0.21919369402692726,0.10167736986517867,-1.191078271679377
2024-12-24,-1.3614384244083515,0.6691612684352028,0.014519232006121846,0.9176706096809135,-0.4432008480163799
2024-12-25,-0.3272065859611494,0.6777519608636602,-0.07392627355481078,0.029000698505011198,0.3553801297932525
2024-12-26,1.4277647206390651,0.3513056485825972,0.15979719699425662,0.027337517913891288,0.2286212444266435
2024-12-27,1.928766546062499,-1.7877767661011263,-0.04864789415531628,-0.12472945936197595,2.637040066392214
2024-12-30,1.2929922997649301,0.6949333457205558,-0.04864929973927019,0.323216814664942,2.6750677320021956
2024-12-31,1.2871326292921355,-1.706165188030863,-0.05496718069377424,-1.1869986877003467,0.215945355889984
2025-01-02,-1.2823328730257064,-2.328990389093393,-0.054969377468906705,-2.162646483514541,-4.081180858038056
2025-01-03,-1.7804048632127432,-0.6022612109752101,-0.029702685761391172,-0.876008397924876,0.3553801297932525
2025-01-06,1.764695772824414,-0.3703125154070822,-0.03601995189765596,-0.12645527997414516,-0.9248846124094939
2025-01-07,0.5019367859384515,0.24392199322699057,-0.004434412194778633,0.5171627033771942,-0.6840427302129412
2025-01-08,1.187518231254732,0.23962664701277622,0.027147172938693967,-0.1391838517911937,0.507490792233186
2025-01-09,1.958064898426446,1.1201726209287586,-0.029701982764042182,-0.18668553540629187,0.6722773432097735
2025-01-10,0.24118144989935703,0.46298465015243734,0.008194935500242107,-0.9277425238032414,0.7736844515030634
2025-01-13,1.2666237826373772,0.02485933630155334,-0.06128268941505474,-0.20177307132026073,3.4102692671285273
2025-01-14,-0.18950432985061708,0.21385456972742337,-0.06760285515966467,1.8909759887388327,2.5736606237089084
2025-01-15,-0.6319094505461608,-0.81273317547219,0.008198450291394644,-0.4764703556502583,-0.5572838448463293
2025-01-16,1.3310801578380524,0.45009861150976566,-0.03601907307764777,0.07719603515535921,0.9638227795529783
2025-01-17,-0.11625844894075336,0.8538611556468491,0.02714576700267371,0.22281059337306444,-1.926279806805706
2025-01-20,1.6592217043142226,0.7250007692201229,-0.042334318134203394,0.3246090963889236,-0.3164419626497765
2025-01-21,-0.12504795464994195,-0.6108519034036484,-1.1807503035454727,0.049427247468764604,-1.343188934119305
2025-01-22,-0.4180314782893707,-0.0009127409837995073,-0.06771509478897986,-0.6877869479867349,-1.1657264946060524
2025-01-23,0.5576036554299445,0.32123822508303956,0.052604944075011865,0.12266842104552558,2.320142852975693
2025-01-24,1.0000087761254883,0.21814991594164726,-0.04238214786942556,0.5501898355624438,1.0652298878462598
2025-01-27,-1.4962108452824898,-1.3883095681782573,-0.06771385829013139,-0.3077997183544869,-4.588216399504489
2025-02-05,-0.5645232401090917,-0.24574747519458956,-0.05505131520734657,-0.42844305917365827,1.6483207605326642
2025-02-06,-1.2530345206617661,-0.933002869470478,-0.036052554415170204,0.9061710317371764,-0.7347462843595847
2025-02-07,0.19137425088065205,0.1451290302998412,0.027279681160945334,0.9347590343707485,-0.6586909531396166
2025-02-10,1.0527458103805938,1.0944005436434152,0.027274028358082396,0.1500359234955533,-0.024896526306571635
2025-02-11,0.2939184841544495,-0.17702193576699787,0.0335997370180064,-0.3428017738371555,1.394802989799446
2025-02-12,0.021443807169778926,0.45868930393821344,-0.061375168826970326,0.680652673328988,0.10186235906003452
2025-02-13,0.3378660127003729,-0.06963828041138166,0.03359735317294515,-0.2812521682913279,-1.026291720702784
2025-02-14,2.9102613502546024,0.9139960026460024,-0.10569680936324827,0.6238532978666804,1.673672537605986
2025-02-17,0.41697156408301816,1.3607120089253246,-0.04871518583041324,0.1487666148790311,1.3440994356528053
2025-02-18,2.0225212736271208,0.4973474198662284,-0.05504954863258804,-0.6495546704570108,2.6750677320021956
2025-02-19,0.13863721662555303,-0.24574747519458004,0.027275441440585704,0.5024544600364623,-3.472738208278336
2025-02-20,0.4316207402649883,-0.2715195524799233,0.020938164518015983,-0.2155605387867573,0.7483326744297416
2025-02-21,-0.10746894323157129,0.7765449237908095,-0.12470369386203663,0.9083363125727909,1.8764867541925574
2025-02-24,0.2616902965541152,2.498978755694788,0.10958956974049307,-0.1668727325398496,-2.4966947909554422
2025-02-25,0.5400246440115803,-0.40037993890665896,0.033591791643181636,-0.8214664083647175,2.383522295658996
2025-02-26,-0.8399277523301628,-0.7182355587592646,0.014595328254704665,0.6283555889530363,0.05115880491338811
2025-02-27,0.38474337648267737,0.6777519608636602,0.027250723873854216,0.14398741813543695,1.3948029897994516
2025-02-28,-0.07524075563123048,-0.7182355587592646,-0.036044255680367156,-1.4571014241433757,-1.8502244755857435
2025-03-03,-1.2735433673165242,-1.1434748339674674,0.020917776221413064,-0.03611979316261961,-3.5487935394982983
2025-03-04,0.39060304695546544,0.24821733944121444,-0.06135981247945278,-0.06765619572196178,-1.1784023831427146
2025-03-05,-0.02250372137613799,0.35130564858260677,-0.18164541543236679,0.31871586654012246,0.43143546101321784
2025-03-06,0.7216744286680296,0.7937263086477147,-0.16269989125055637,0.9904999850222548,-0.024896526306571635
2025-03-07,2.8487348102903276,2.7008600277633197,0.05894151503781408,-0.23244574976006271,-0.36714551679641727
2025-03-10,0.04488248906093115,0.3641916872252784,0.1538837531549672,-0.2886823040816302,0.7990362285763852
2025-03-11,0.7714816276867345,2.919922684688776,0.02725001801208456,0.22745021150500874,0.08918647052337503
2025-03-12,-0.5938215924730319,-1.7834814198869027,-0.308284983795681,-0.2697512607543848,-0.06292419191655574
2025-03-13,-0.2656800459968683,0.35989634101105455,0.17922773485603355,-0.29809604620874325,-0.06292419191655574
2025-03-14,1.2754132883465594,0.359896341011045,0.03991247282965865,1.7448482243555994,-0.39249729386973903
2025-03-17,-1.2295958387706074,1.9878325562020882,-0.33996474211136823,-0.18477663639718508,0.9891745566262973
2025-03-18,-0.1396971308319121,0.20955922351319947,0.261545400501621,0.1929058224647709,1.077905776382925
2025-03-19,0.15328639280752318,-0.48199151697692233,-0.25131624444937867,0.037966732337344926,-0.5826356219196511
2025-03-20,-0.22466235268734538,-1.9252278449563003,0.3374515520872997,-0.6497449723016535,-0.9755881665561403
2025-03-21,-0.001994874721373293,0.14512903029983165,0.014580507842400668,-1.1224125891138816,-0.2910901855764519
2025-03-24,-0.11332861370436585,0.02485933630155334,0.10314536463441452,0.3682981010784621,-0.10095185752653703
2025-03-25,-0.2979082335972026,-0.6237379420463296,0.027216864691409454,-0.053948513389068614,0.9004433368696696
2025-03-26,-0.6875763200376538,-1.1091120642536763,-0.23848547030665898,-0.24715648190985268,1.0905816649195845
2025-03-27,0.346655518409555,0.2696940705123434,0.03356241301101192,0.23620429337416377,1.3314235471161429
2025-03-28,-0.5908917572366444,0.6047310752218445,-0.0929898821138186,-0.32741406534531126,-0.8488292811895314
2025-03-31,0.021443807169778926,0.2568080318696622,0.166418823994798,-0.5279078920868396,1.115933441992909
2025-04-01,0.6074108544486494,-0.15984055091009278,-0.06766630547858175,0.000549382944387578,-2.724860784615344
2025-04-02,0.9707104237615479,-1.0317958323976368,0.09047005014015452,-0.06851996950278513,-0.012220637769912146
2025-04-03,-2.219880148671899,-2.9775876674412762,0.5833631939320971,-0.4378792076994565,-1.4572719309492517
2025-04-07,-0.35650493832508967,-3.712091870073637,0.5510141081863766,-5.340150853691083,0.07651058198671272
2025-04-08,0.4579892573925345,1.0686284663580718,0.34233648824766566,1.2300138493176895,0.40608368393989885
2025-04-09,-1.5577373852467775,-0.37031251540709176,0.15306447369260023,0.7104912012416154,-0.2657384085031301
2025-04-10,-0.608470768655002,-0.06963828041138166,0.1403995156429764,0.944032033771742,-0.2657384085031301
2025-04-11,-0.06352141468566087,0.44580326529554176,-0.05487824896348882,0.2938463636584986,-0.772773949969566
2025-04-14,0.24704112037214507,-0.018094125840695047,0.12146203652238698,0.16114160253053103,0.5962220119898108
2025-04-15,0.41111189361023015,0.2009685310847517,-0.11154835744850189,0.03406865392407963,0.39340779540323656
2025-04-16,-0.09574960228599518,-0.838505252757543,0.2095785178363506,0.2179635949685345,0.02580702784006914
2025-04-17,0.2939184841544495,0.6176171138645162,-0.32563256794090845,-0.018136215191017463,-0.5446079563096698
2025-04-18,0.132777546152765,-0.08681966526827721,-0.12417937100936004,-0.0007354166704889984,0.038482916376731444
2025-04-21,0.47263843357451113,0.47157534258088507,-0.11159851799985053,0.23218464224739171,0.342704241256593
2025-04-22,0.018513971933384898,-0.39608459269243507,0.09632758244025995,-0.02446756592274941,-0.11362774606319932
2025-04-23,0.1767250746986754,0.5617776130795962,0.24113169469087883,0.049951205444218355,-0.31644196264977364
2025-04-24,0.030233312878967515,0.1794918000136323,-0.13673140516714924,-0.05525104288642055,0.5962220119898108
2025-04-25,0.015584136696990871,-0.18131728198121222,-0.22495907801889667,0.04427980387916974,-0.646015064602957
2025-04-28,0.29684831939084355,-0.35742647676442013,-0.1683218541913386,-0.11024510739987749,1.0905816649195872
2025-04-29,-0.2451711993421036,-0.9931377164696219,-0.11163035671567761,-0.13296048791602091,0.3300283527199307
2025-04-30,0.2821991432088734,0.04204072115844889,-0.11795258292434416,-0.09375166119901998,0.1905935788166622
2025-05-06,0.09468968807963613,0.04204072115845842,-0.06121795858546719,0.7249451194594997,-0.6840427302129383
2025-05-07,-0.4619790068352877,0.7851356162192573,-0.042303003078754356,0.43459488422018305,-0.5699597333829917
2025-05-08,-0.8311382466209742,-0.5206496329049373,0.4052134830536942,0.39755774600607785,-0.836153392652869
2025-05-09,0.07711067666127196,0.1365383378713839,0.11519217938895396,-0.13437058392899692,-0.9375605009461591
2025-05-12,-0.19536400032340512,1.2404423149270463,-0.20606537322393487,0.8323513016432658,-0.27841429703978954
2025-05-13,0.09468968807963613,0.2782847629407912,-0.49617427065967246,0.09935589274570049,-0.06292419191655574
2025-05-14,0.27047980226329726,0.42432653422442235,-0.24418894422571558,0.8679139802025939,0.15256591320667812
2025-05-15,0.340795847936767,-0.1555452046958689,0.020783559694307268,-0.6763226679612567,-0.03757241484323113
2025-05-16,0.5898318430302788,0.3341242637257017,-0.18115271307840386,-0.3457862675617447,0.6215737890631299
2025-05-19,-0.19829383555979263,-0.31447301462217175,-0.16226602937562484,-0.2310328333858491,0.22862124442664633
2025-05-20,-0.010784380430561881,1.0729238125722957,0.07131006932012182,0.3882550915881642,-0.06292419191655574
2025-05-21,0.08004051189766599,0.35560099479683066,0.014487088654806643,0.3336776177715236,-0.07560008045321805
2025-05-22,0.09468968807963613,0.5746636517222679,-0.2380398380838056,-0.05346513023379903,-0.31644196264977364
2025-05-23,-0.06352141468565436,0.03345002873000111,0.07764067749854835,-0.5981949775500535,0.3807319068665771
2025-05-26,0.22653227371738038,0.04204072115844889,-0.566666856906481,-0.42459111529787913,0.3553801297932525
2025-05-27,0.24411128513575103,0.24821733944122398,0.2483361583674629,-0.3992784557475132,0.25397302149996814
2025-05-28,0.10054935855243069,-1.7362326115304303,0.09031008033850789,-0.06667342550868649,-0.2403866314298083
2025-05-29,0.49021744499287534,0.5746636517222679,0.058710221873609546,0.4196643745536042,0.3173524641832712
2025-05-30,-0.5117862058539927,-0.7869610981868563,-0.3960940355895236,-0.3567835321317676,0.20326946735332171
2025-06-03,0.17379523946228137,0.09358487572914505,0.10930829141225472,0.21704380715628072,-1.2798094914360019
2025-06-04,-0.3535751030886956,-0.3187683608363956,0.08400485337580743,0.3098229188183463,0.3680560183299148
2025-06-05,-0.4649088420716817,0.2825801091550151,-0.1560482731897655,0.15954888400586933,-0.10095185752653703
2025-06-06,-0.5615934048726976,-0.49917290183381785,-0.1497670528345256,-0.07383186298058382,-0.4178490709430609
2025-06-09,0.23532177942656246,-0.3531311305501867,0.03980939858769339,0.20535494476076813,-0.024896526306571635
2025-06-10,-0.10746894323157129,0.07640349087223997,-0.1181816046809968,-0.37918161244415205,0.0004552507667473437
2025-06-11,-0.1279777898863295,-0.31017766840794786,-0.18142287903220783,0.5420868391932828,0.08918647052337503
2025-06-12,-0.183644659377829,0.07210814465802562,-0.09926307975175035,-0.05204666658755997,0.2539730214999653
2025-06-13,0.24411128513575103,-0.11688708876785393,-0.21946099941656402,-0.5339500071565074,-0.1516554116731806
2025-06-16,-0.34478559737951353,-0.030980164483366702,0.08414997471296334,0.17482436114747765,0.038482916376731444
2025-06-17,-0.4912773591992345,-0.3746078616213061,-0.2954369191838032,-0.070971661755994,-0.012220637769912146
2025-06-18,0.021443807169778926,0.2009685310847517,0.07153442462064796,0.08000785135377306,-0.024896526306574452
2025-06-19,-0.4180314782893707,0.26969407051233385,-0.22590590687483902,-0.6096397810777854,0.25397302149996814
2025-06-20,-0.2686098812332623,-0.10829639633939663,-0.23866244051945806,0.06090447148251651,0.07651058198671272
2025-06-23,-0.11625844894075987,-0.05675224176871001,0.07160193866193805,0.206773754150459,-0.39249729386973625
2025-06-24,0.2294621089537809,0.3727823796537262,-0.3654341597091874,0.86122599206944,1.6863484261426454
2025-06-25,0.1034791937888182,0.2009685310847517,0.052647360210744024,1.033752767633254,0.5455184578431673
2025-06-26,0.23239194419017492,-0.04816154934026224,-0.32759427878690445,-0.2659656491729246,0.0004552507667473437
2025-06-27,-0.4942071944356285,-0.1254777811963017,0.020990766346710505,-0.4567935521188756,-0.012220637769912146
2025-06-30,-0.09574960228599518,0.3770777258679501,-0.28336660222187365,0.25954396508911204,1.2173405502861934
2025-07-01,0.10054935855242418,-0.23286143655190839,-0.35333184720220645,0.11728461702137127,-2.940350889738575
2025-07-02,-0.12504795464993546,-0.43474270862045006,0.052777022376643494,0.010527654819167512,-0.4051731824063986
2025-07-03,0.1444968870983411,0.22244526215587113,-0.16937542708516923,0.4434071935307816,-0.5065802906996886
2025-07-04,-0.3301364211975434,0.11506160680026448,0.052788734965419595,0.2530434230413241,-0.4051731824063986
2025-07-07,0.04195265382453712,0.011973297658881686,-0.20749574114860458,-0.3194037455748622,0.4567872380865396
2025-07-08,0.5136561268840341,0.22674060837009502,0.15437699446866782,0.6035667906731249,-0.024896526306571635
2025-07-09,0.32028700128200227,-0.11259174255363005,0.021044114236557734,-0.13542745743043025,0.1272141361333563
2025-07-10,0.21774276800819828,0.6691612684352124,-0.2201792290610027,0.3332767084397575,0.13989002467001863
2025-07-11,0.03609298335174906,0.23103595458431891,-0.24567450386804635,0.0804589915622785,0.025807027840071953
2025-07-14,-0.4180314782893707,0.47587068879510896,0.07824556653193519,0.04544202380775466,0.5201666807698427
2025-07-15,-0.12797778988633599,-0.5249449791191612,0.021070836310170805,0.018813978263860047,0.40608368393989885
2025-07-16,0.08590018237045405,0.08499418330069727,0.15439688066199975,-0.2223486622293887,-0.519256179236348
2025-07-17,0.044882489060937655,-0.026684818269142818,-0.4362020245845125,0.4889057392332256,0.013131139303409648
2025-07-18,-0.078170590867631,0.35130564858260677,0.211648094068687,0.42746259944923604,-0.11362774606319932
2025-07-21,0.13570738138915903,0.4243265342244128,0.12900363293324416,0.478539816514627,-0.20235896581982418
2025-07-22,0.16793556898949982,0.6433891911498596,-0.4171627299140928,0.5869467663428218,-0.17700718874650523
2025-07-23,0.46384892786532256,0.7121147305774512,-0.31576368344651773,0.007801592594597928,0.025807027840071953
2025-07-24,0.6923760763040827,1.1158772747145442,-0.20780775058307263,0.5102450174143042,1.0525539993096005
2025-07-25,-0.3623646087978777,0.286875455369239,0.1928257228014427,-0.39244098017839807,0.9638227795529783
2025-07-28,-0.5703829105818797,-0.933002869470478,0.2816787823839658,0.14647628521489764,-0.2910901855764519
2025-07-29,1.1552900436543911,1.0901051974291913,0.2560768043919376,0.2788429150284408,-0.6333391760662975
2025-07-30,-0.18071482414142848,-0.5764891336898573,-0.4680659804016289,-0.020393579693826745,-0.5446079563096698
2025-07-31,-0.5615934048726976,-1.083339986968333,0.31334085977923826,-1.3491335279427388,-0.03757241484323113
2025-08-01,-0.19243416508701108,0.286875455369239,-0.010683909382930868,-0.37761182728116816,-0.6333391760662975
2025-08-04,-0.09574960228599518,0.20955922351319947,-0.6652697844773758,0.27687162429225115,-0.11362774606319932
2025-08-05,0.0917598528432421,-0.3531311305501867,-0.20785683989150305,0.5783787892201676,-0.03757241484323394
2025-08-06,-0.1309076251227235,-0.14265916605319726,0.25011369796053184,0.17175549962034223,0.13989002467001863
2025-08-07,-0.054731908976472295,-0.2285660903376845,-0.4305144271117548,0.014394429165530348,-0.08827596898987754
2025-08-08,-0.2041535060325872,-0.09541035769673452,0.21203013698132647,-0.17884364667517796,0.03341256096206765
2025-08-11,0.10640902902521224,1.0213796580016092,0.12289238584289097,0.30477375054281836,-0.032502059428570144
2025-08-12,0.16793556898949982,0.45009861150976566,0.05927238480033767,0.36991468534282645,0.025807027840071953
2025-08-13,-0.05180207374008477,-0.035275510697590585,-0.4559175585803229,0.5681795217441374,0.02580702784006914
2025-08-14,0.10054935855243069,0.5231194971515717,-0.10612253568290193,-0.06364114361922564,-0.08827596898987754
2025-08-15,0.09468968807963613,0.342714956154159,0.19297116871725392,0.49967500894005884,0.507490792233186
2025-08-18,0.6367092068125897,2.0694441342723517,-0.33522687154118336,0.6344066711850241,0.24129713296330582
2025-08-19,0.15035655757113567,-0.7525983284730557,0.21210603446032783,-0.2832634157136239,0.4441113495498773
2025-08-20,-0.054731908976478796,0.759363538933914,0.13566122870453162,0.8188319217520178,0.22862124442664633
2025-08-21,-0.03129322708532007,-0.6280332882605535,-0.6407992158262775,0.2778784849716258,-0.481228513626364
2025-08-22,-0.48248785349004586,0.5274148433658051,0.19312288310922882,1.508580400087613,-0.39249729386973903
2025-08-25,-0.12504795464994195,-0.5764891336898573,-1.0431509384075313,1.4989616497825309,0.2793247985732871
2025-08-26,-0.20708334126897474,-0.4905822094053701,0.1488604165830234,-0.27872816161225805,-0.20235896581982418
2025-08-27,0.08004051189766599,2.9714668392594623,-0.5339346351686204,-1.1044857908850108,0.3173524641832712
2025-08-28,0.36130469459151865,1.0041982731447041,-0.3108219465970588,1.2746295920677542,0.4567872380865396
2025-08-29,-0.037152897558108126,-0.15984055091009278,-0.2342879815332544,0.5307814099114165,-0.18968307728316472
2025-09-01,-0.060591579449260344,-0.7397122898303841,0.24501842617353645,0.4296880878201152,-0.899532835336175
2025-09-02,-0.0342230623217141,0.03345002873000111,0.08520898472717923,-0.5452564680991534,-0.07560008045321523
2025-09-03,0.08883001760684807,-0.6967588276881357,0.0979541008065546,-0.5061146295677054,0.038482916376731444
2025-09-04,0.19430408611704608,-0.5249449791191612,-0.3811118287022303,-1.5720721672915228,0.06383469345005323
2025-09-05,0.6454987125217783,1.747293168205522,0.053293648573540034,1.5670624291110042,-0.11362774606319932
2025-09-08,0.18844441564425152,0.4672799963666612,-0.24706993950499065,0.11198075149171903,0.15256591320667812
2025-09-09,-0.05180207374007827,0.8925192715748735,-0.15764914959800183,-0.5200634621377497,0.3807319068665771
2025-09-10,0.4784981040472992,1.1115819285003108,0.32178304982998457,0.14314377176898457,-0.21503485435648648
2025-09-11,-0.3623646087978842,-0.7182355587592646,-0.20232930893317858,1.6603268176299992,0.2286212444266435
2025-09-12,0.04195265382454363,-0.40467528512088285,-0.119277356999276,-0.42568363200909254,-0.06292419191655574
2025-09-15,-0.02250372137613799,0.02485933630155334,0.2131104897648797,0.1717380928528829,0.13989002467001863
2025-09-16,0.17086540422589386,-0.3445404381217389,-0.20873711020968197,-0.16324627567292188,0.07651058198671554
2025-09-17,-0.16020597748667678,-0.744007636044608,-0.11289276996237468,0.4389122619039483,0.5708702349164863
2025-09-18,0.08883001760685458,0.6820473070778841,0.4367486254195335,-0.8603216705155677,0.12721413613335913
2025-09-19,0.20309359182622816,1.1201726209287586,0.2511945180094232,0.05525844884550359,-0.4939044021630263
2025-09-22,-0.01957388613974396,-0.6151472496178723,-0.16384783234990516,0.3281557846260827,-0.2657384085031301
2025-09-23,0.08297034713406001,0.6476845373640835,-0.336389451416747,-0.05225217237157052,-0.03757241484323394
2025-09-24,-0.2920485631244145,0.8796332329322019,0.10439701909924916,0.7373502246112301,1.6356448719960046
2025-09-25,0.08297034713406001,-0.37460786162131565,0.23845648668171396,0.43047112178338565,-0.06292419191655574
2025-09-26,-0.27153971646965636,-0.30588232219372397,0.1936372564713839,-0.7002009835203702,-1.0389676092394462
2025-09-29,0.0038647957514082567,0.0764034908722495,-0.4255984293874394,1.1080610243435545,0.2920006871099494
2025-09-30,-0.2861888926516265,-0.7869610981868563,-0.24060099761452014,0.31886440126701293,-1.4826237080225735
2025-10-09,-0.4238911487621588,-0.7311215974019267,0.2768550915764984,1.0676109316934528,1.1539611076028904
2025-10-10,0.5986213487394674,0.3255335712972539,-0.3683601603224377,-1.4570278317993746,-0.5446079563096698
2025-10-13,-0.054731908976478796,-0.5507170564045141,-0.28548590756670167,-0.3688551413579043,-0.03757241484323394
2025-10-14,0.29977815462724405,-0.40467528512088285,0.06612896588101014,-0.8844531538631867,-0.2910901855764519
2025-10-15,0.48142793928369326,0.48016603500933286,-0.18964122290524854,1.0666828059849758,-0.10095185752653985
2025-10-16,-0.060591579449266846,0.0806988370864734,-0.1961001234674006,0.1854926862338265,0.07651058198671554
2025-10-17,0.015584136696990871,-0.7654843671157273,-0.14496486885659074,-1.6722912720012886,-0.03757241484323394
2025-10-20,1.187518231254732,1.1373540057856635,0.13018261485578156,0.38030182089804393,0.05115880491339093
2025-10-21,0.9560612475795779,-0.1942033206238934,-0.2985657300195472,1.1053564644879545,0.11453824759669683
2025-10-22,0.16793556898949333,-0.3917892464782112,0.1302237441967816,-0.2493840735578927,-0.03757241484323394
2025-10-23,0.024373642406172954,0.43291722665287014,-0.25381931644001005,0.21207408908183872,-0.05024830337989344
2025-10-24,-0.05180207374007827,0.24392199322699057,0.04063539073524933,0.8495788069181608,-0.024896526306574452
2025-10-27,-0.4033823021074006,-0.3574264767644106,-0.3243632505729467,0.8550788331177225,1.6356448719960046
2025-10-28,-0.7315238485835708,-0.8213238679006474,-0.1835614550405351,-0.3797299261644851,-0.13897952313652112
2025-10-29,-1.2999118844440705,0.07210814465802562,-0.10669942056303144,0.8575114744030886,-0.21503485435648648
2025-10-30,-0.2539607050512922,-0.18561262819544563,0.11119044891343827,-0.5920620477672828,-0.34179373972309546
2025-10-31,0.024373642406172954,-0.7611890209015034,0.0791217474519014,-1.0877849076361044,-0.5572838448463293
2025-11-03,0.1972339213534401,-0.09111501148250109,-0.10667120790654624,0.19350557742289323,-0.329117851186436
2025-11-04,0.18551458040786398,0.19667318487052782,0.0919286681074888,-0.5530326714698771,0.051158804913393745
2025-11-05,0.3056378251000321,0.016268643873096032,0.07909138259125807,0.12858330255552197,0.11453824759669683
2025-11-06,-0.04594240326729021,0.4844613812235663,-0.2539916142135712,1.0296195630759828,-0.012220637769912146
2025-11-07,0.009724466224196312,0.359896341011045,-0.20923678379750643,-0.23414271291936256,0.02580702784006914
2025-11-10,-0.03129322708531357,-0.061047587982933894,0.1047956298550915,0.2466471312313369,0.7229808973564199
2025-11-11,0.18551458040785748,0.007677951444657801,0.04069140612593978,-0.6764384568319964,0.3046765756466089
2025-11-12,0.08590018237045405,-0.02668481826913328,-0.2348744042214954,-0.1048199904690692,-0.32911785118643316
2025-11-13,0.09761952331603665,0.22674060837009502,0.18169573561492763,0.8707028178194168,0.013131139303409648
2025-11-14,0.021443807169778926,-0.03957085691181447,-0.2797519333128396,-1.1635509252817788,-0.06292419191655574
2025-11-17,-0.06938108515844893,-0.06534293419715778,-0.08108804302747206,-0.4826944954665756,0.5962220119898108
2025-11-18,0.03023331287896101,0.011973297658881686,0.23301313911328816,-0.4821830489368504,0.06383469345005323
2025-11-19,-0.054731908976472295,0.24392199322699057,0.07913331975161488,0.3139384957149379,-0.37982140533307673
2025-11-20,0.021443807169778926,0.05492675980113008,0.18798668506453498,-0.3789229581293313,-0.329117851186436
2025-11-21,0.06539133571569584,0.24821733944121444,-0.2155383152334968,-1.8091936377322861,-0.5319320677730075
2025-11-24,-0.013714215666955909,-0.03957085691181447,-0.20280153567092646,-0.09775052739907208,0.39340779540323656
2025-11-25,0.0917598528432421,0.44150791908131787,-0.15799411231110386,0.6853266005939909,-0.1643313002098429
2025-11-26,0.027303477642566982,1.3220538929973098,-0.21575268953104296,0.43464738938219477,0.2666489100366276
2025-11-27,0.09468968807964263,-0.18131728198121222,-0.1324298407971563,-0.042486646351386124,-0.34179373972309546
2025-11-28,-0.2158728469781633,-0.41756132376356403,0.04076111023848273,0.1752430771007185,0.1652418017433404
2025-12-01,0.021443807169778926,-0.3703125154070822,-0.21585325724573037,0.7925766827402186,0.2286212444266435
2025-12-02,-0.004924709957773826,0.531710189580029,0.20115188938457543,-0.3607606284293445,-0.2403866314298083
2025-12-03,0.047812324297331676,-0.13836381983897336,-0.28000911822143654,-0.3807752256127652,-0.08827596898987754
2025-12-04,0.15914606328031122,1.3263492392115337,-0.15817106968638636,0.24303186027925056,-0.012220637769912146
2025-12-05,-0.12504795464994195,-0.9759563316127263,0.07931157334545352,0.6005877661959259,-0.08827596898987754
2025-12-08,-0.36822427927066576,0.19237783865630395,0.07287190383873182,0.5836916285336703,0.13989002467001863
2025-12-09,0.4052522231374356,-0.3917892464782112,0.03435907558662167,-0.37919529177683686,0.07651058198671554
2025-12-10,-0.12504795464993546,0.18808249244208006,-0.15171734405127388,-0.10817220890512785,0.11453824759669683
2025-12-11,-0.19829383555979915,-0.3273590532648434,-0.4535612171083899,-0.6395468906847677,-0.07560008045321805
2025-12-12,0.027303477642566982,0.14083368408560779,-0.331821909813495,0.4532932998935233,0.25397302149996814
2025-12-15,-0.04301256803089618,0.3985544569390695,0.09230245590828125,-0.46841796506475875,-0.2277107428931488
2025-12-16,-0.03129322708532007,-0.009503433412237739,-0.3705385662421662,-0.8859477053243456,-0.024896526306571635
2025-12-17,-0.1309076251227235,-0.47769617076269844,-0.20992924125533174,1.3175570666213599,0.0004552507667473437
2025-12-18,-0.19243416508701108,-0.09541035769672497,0.04094833911311986,-0.4395302127930099,-0.012220637769912146
2025-12-19,-0.33599609167033145,-0.18561262819544563,-0.2357225589437293,0.23972763430019006,0.07777817084038148
2025-12-22,-0.0664512499220484,0.6133217676502923,0.11818326636667707,0.6844488140623546,-0.16559888906350886
2025-12-23,-0.4473298306533175,-0.267224206265709,-0.338758692361768,0.13752146974512153,-0.21503485435648648
2025-12-24,-0.11332861370436585,0.11506160680026448,-0.3583069922979157,0.20365158542697276,-0.1643313002098429
2025-12-25,-0.549874063927115,0.19237783865630395,-0.5326816673224993,0.12686366720652562,0.20326946735332171
2025-12-26,-0.9190333037128079,-0.1168870887678444,-0.2427523166902596,0.2242975439933936,0.6215737890631327
2025-12-29,1.131851361763239,1.0256750042158236,-0.1976641277758424,-0.2871781270578913,1.4074788783361083
2025-12-30,0.47263843357450464,-0.2887009373368284,0.08635298844868833,0.18060614857192794,0.406083683939896
2025-12-31,0.07418084142487794,-0.09541035769672497,-0.41081708639673836,-0.3423004323321689,4.665182232257955
